DROP TABLE IF EXISTS apis;
CREATE TABLE `apis` (
  `id` int NOT NULL AUTO_INCREMENT,
  `curl` varchar(220) COLLATE utf8mb4_general_ci NOT NULL,
  `requisicao` varchar(10) COLLATE utf8mb4_general_ci NOT NULL,
  `tipo` varchar(100) COLLATE utf8mb4_general_ci NOT NULL,
  `biblioteca` varchar(220) COLLATE utf8mb4_general_ci NOT NULL,
  `github` varchar(220) COLLATE utf8mb4_general_ci NOT NULL,
  `iframe` varchar(220) COLLATE utf8mb4_general_ci NOT NULL,
  `status` int NOT NULL,
  `usuario_id_on` int NOT NULL,
  `created_on` datetime NOT NULL,
  `usuario_id_at` int DEFAULT NULL,
  `modifield_at` datetime DEFAULT NULL,
  PRIMARY KEY (`id`)
) ENGINE=InnoDB AUTO_INCREMENT=3 DEFAULT CHARSET=utf8mb4 COLLATE=utf8mb4_general_ci;
INSERT INTO apis VALUES("2", "http://localhost:3000/client/sendMessage/comunidadezdg", "POST", "WhatsApp", "comunidadezdg", "https://github.com/pedroherpeto/comunidadezdg", "http://localhost:3000/api-docs/", "1", "1", "2023-11-07 13:50:51", "1", "2024-08-19 10:30:08");
DROP TABLE IF EXISTS apis_documentacao;
CREATE TABLE `apis_documentacao` (
  `id` int NOT NULL AUTO_INCREMENT,
  `assunto` varchar(220) COLLATE utf8mb4_general_ci NOT NULL,
  `documentacao` text COLLATE utf8mb4_general_ci NOT NULL,
  `usuario_id_on` int NOT NULL,
  `created_on` datetime NOT NULL,
  `usuario_id_at` int DEFAULT NULL,
  `modifield_at` datetime DEFAULT NULL,
  PRIMARY KEY (`id`)
) ENGINE=InnoDB AUTO_INCREMENT=3 DEFAULT CHARSET=utf8mb4 COLLATE=utf8mb4_general_ci;
INSERT INTO apis_documentacao VALUES("2", "Tutorial de como usar API comunidadezdg", "<p><b>Como usar?</b></p><p>git clone https://github.com/pedroherpeto/comunidadezdg.git</p><p>cd comunidadezdg</p><p>editar o arquivo botzdg.js e excluir as linhas que contem o bot de mensagens automaticas.</p><p>Rodar npm install</p><p>Para rodar no Node.js da maquina local rodar o comando abaixo<br>Rodar npm start</p><p>Para rodar em segundo plano pelo aaPanel<br>Instalar pm2 no aapanel no appstore<br>Abrir o PM2 no aaPanel -&gt; add projeto -&gt;&nbsp;<span style=\"color: rgb(51, 51, 51); font-family: 微软雅黑, Arial, Helvetica, sans-serif; font-size: 12px; text-align: right; text-wrap: nowrap;\">Startup file: selecionar o arquivo botzdg.js</span></p><p>Abrir o browser no endereço http://localhost:8000</p><p>Ler o QRCode na tela</p>", "1", "2023-11-08 10:01:01", "1", "2023-11-08 10:09:00");
DROP TABLE IF EXISTS auth_token;
CREATE TABLE `auth_token` (
  `idToken` int NOT NULL AUTO_INCREMENT,
  `usuario_id` int NOT NULL,
  `token` mediumtext COLLATE utf8mb3_unicode_ci NOT NULL,
  `criado_token` datetime NOT NULL,
  PRIMARY KEY (`idToken`),
  KEY `usuario_id` (`usuario_id`),
  CONSTRAINT `auth_token_ibfk_1` FOREIGN KEY (`usuario_id`) REFERENCES `usuarios` (`id_user`)
) ENGINE=InnoDB AUTO_INCREMENT=395 DEFAULT CHARSET=utf8mb3 COLLATE=utf8mb3_unicode_ci;
INSERT INTO auth_token VALUES("1", "1", "D2195E56EE2C0921029FA71A9340D78751F00CE0B5AE0ED8F4B6D05F818AFF56", "2023-04-26 18:09:09");
INSERT INTO auth_token VALUES("2", "1", "CC808C0F36BFBF1540925CFD9D95FAACF76476624CCD6961CF544FF309FECD37", "2023-04-26 19:09:14");
INSERT INTO auth_token VALUES("3", "1", "D846F61095826181008E3335A18EFEE058C9AD8431D9F5EFC5118C5E6E02E832", "2023-04-26 20:11:14");
INSERT INTO auth_token VALUES("4", "1", "C6A25E7AEA6086DA9E546EB1BD6AABE67C369AC6306C172BBCAC19895553E4F7", "2023-04-26 22:20:54");
INSERT INTO auth_token VALUES("5", "1", "BB4071349917A670CF1DA251156977EC750742168A09F1BE72FDC4C3321BB906", "2023-04-27 13:49:08");
INSERT INTO auth_token VALUES("6", "1", "FB2765924842A2839AB70113BE1140205A684023DEDF7F1746195C6C2FBC97F0", "2023-04-29 11:20:51");
INSERT INTO auth_token VALUES("7", "1", "82AE78ECAFECABCCD6420C62DCEB6C27D2270B8AB0F2CE214B54E1587210ADA2", "2023-04-29 15:15:26");
INSERT INTO auth_token VALUES("8", "1", "936C32ADE544DDE8FCA5E2AA85480C740CE98434F74E490DC4A790685DA54451", "2023-04-30 17:25:24");
INSERT INTO auth_token VALUES("9", "1", "B8398C752773208AB99FD1DA78D9590AD5BC2EABF3443785884C9F4BB49914E4", "2023-04-30 21:53:24");
INSERT INTO auth_token VALUES("10", "1", "12D1D1E830BDB304D92C18E13717D3A3746CE184FD0B099DA7B8F26F09E4A130", "2023-04-30 23:02:27");
INSERT INTO auth_token VALUES("11", "1", "E5FFC1DD1EDCA4C950D72DEC363797767A5A70DE3BBE4CC04040320F73BF1275", "2023-05-01 00:09:04");
INSERT INTO auth_token VALUES("12", "1", "87B6D36946E8CA1F440334F17D5B8E655F8FBAB397CC77A97DBAEB3B3187FEB0", "2023-05-02 09:52:49");
INSERT INTO auth_token VALUES("13", "1", "5181AA0FC73E6B5D4CAB9B329C967F87E4B271A0E1830D18D58406DA32A54A52", "2023-05-02 14:12:19");
INSERT INTO auth_token VALUES("14", "1", "CCD41A468A1E4DEC8FB9D883B69B0AFACD743FD0DD99E7A5A561176C9C4757AF", "2023-05-02 15:21:01");
INSERT INTO auth_token VALUES("15", "1", "FE17575137A450AE09AA809E805306CCCF04BEF58B8EDC742971EEFCD41F2A56", "2023-05-03 17:51:31");
INSERT INTO auth_token VALUES("16", "1", "EC06D7792DD2C99DBED1573A6A22F87A328A0FAF02E524F2295DC158F3693B2A", "2023-05-03 18:58:38");
INSERT INTO auth_token VALUES("17", "1", "B6AB7B86BCE00B05AE790365CB449FDB3B1C913FD823BB4FE7C32C2552237158", "2023-05-03 20:01:38");
INSERT INTO auth_token VALUES("18", "1", "63621778563AFE1671F25EF7A88ABF417A9BB73250C02E69A7114CD65FB96FE8", "2023-05-03 21:13:15");
INSERT INTO auth_token VALUES("19", "1", "A98F1104B8501A41B909F4F4C0D60AD09E6C7BE230F75D853D811F40E49DA87C", "2023-05-03 22:13:18");
INSERT INTO auth_token VALUES("20", "1", "EC23B98C78682D8447D4C23DF64ACC344BC29A51414941CDF2041D8A8B177FF6", "2023-05-05 17:48:47");
INSERT INTO auth_token VALUES("21", "1", "F2A644421734CCC54624F9C61482B764045F7F4F15D76366E8A6EB27851BDD18", "2023-05-05 19:01:45");
INSERT INTO auth_token VALUES("22", "1", "C3518B19868945945D5A5A6AE06C5374B27C81CED46A37AF0A2374141B41DA5E", "2023-05-05 20:01:58");
INSERT INTO auth_token VALUES("23", "1", "F8B923402A299A1CF1C6F4AB6581579D1C66A4498C442C0472576A09C118D73C", "2023-05-05 21:02:09");
INSERT INTO auth_token VALUES("24", "1", "5228DF91C7917A0318E498B000EF9B0660B644253737CE40709EB892043C6BF4", "2023-05-05 22:02:55");
INSERT INTO auth_token VALUES("25", "1", "9261B931588E80B72C55421C254A0A9F36F794C749565D12A8C0E80B073AD956", "2023-05-06 15:11:46");
INSERT INTO auth_token VALUES("26", "1", "A56333E27FFE9F9A26C8A916607A807E77638C456161030332EC466C2E72B6EF", "2023-05-06 16:17:14");
INSERT INTO auth_token VALUES("27", "1", "4206171457CD2A85C0C9D458EC94DF62B6845B1649464F6B8F39BE122955D8D2", "2023-05-06 17:23:04");
INSERT INTO auth_token VALUES("28", "1", "7108D67B4A6A8CA1A9DA01CA991AFF7823BBCE0CFEA8F591F4591ED027B52172", "2023-05-06 19:40:56");
INSERT INTO auth_token VALUES("29", "1", "D6278F219DA9CCCA714623DB5F26DBB6F9B1806A61CDC4D320D8413C83C11194", "2023-05-06 20:41:11");
INSERT INTO auth_token VALUES("30", "1", "71A2A660B4FB905732CFB9C46790A184EF54FA1A7ECEE1AA5DD16A8094C2570C", "2023-05-06 21:45:13");
INSERT INTO auth_token VALUES("31", "1", "1704CFAB5AA6964E688AAE9FAEF192E51743F34A1435550446C394FB65D70F7D", "2023-05-07 11:18:43");
INSERT INTO auth_token VALUES("32", "1", "4F5F3D8C56364738F5581888C63CF406267B23B0B3DC71F65994F553A0556C50", "2023-05-07 17:23:00");
INSERT INTO auth_token VALUES("33", "1", "49E1901F1AC3A50BDC8649C2AA37D233F047AD47CB6B0D522AB37876AF308926", "2023-05-07 18:48:16");
INSERT INTO auth_token VALUES("34", "1", "3E2285BA1240651E44454D6FAB3FF41A413336FAE5CE0281EDC9C9227BD6192B", "2023-05-07 19:50:29");
INSERT INTO auth_token VALUES("35", "1", "7293513F4C5C6D5707F2B834757A209D6836ACC838277C96B99E229290094D5C", "2023-05-07 20:50:57");
INSERT INTO auth_token VALUES("36", "1", "0E9AD6A0FB02FD84FECF5AEC60E342F8E42AAFA09AD0A238877745B4BF2BC4C6", "2023-05-07 21:51:27");
INSERT INTO auth_token VALUES("37", "1", "2B9207F2BAA9CE7352A187F43FF2DF307C92FC1B6ADBBCB493268E4EC86256CF", "2023-05-07 23:07:13");
INSERT INTO auth_token VALUES("38", "1", "FB6BE3C049F60DAE8147B94415D55CDCDE73404C9F4CCE4203410C6862C6FFCD", "2023-05-08 17:50:06");
INSERT INTO auth_token VALUES("39", "1", "24F5AFA209849AE09208A9C1C0C7D6E95F1910A4415637FCB0AD6C6CBDE33293", "2023-05-08 19:10:46");
INSERT INTO auth_token VALUES("40", "1", "73FE584F356AD4F74C96E21E0DEA2098F4EF5372C1DE03A7B04F4BDD86FD8915", "2023-05-08 21:23:33");
INSERT INTO auth_token VALUES("41", "1", "FB2B5A1408DCD023B041E4CD16B50632073A68CC41E8D58FFFA62149997C47BF", "2023-05-10 18:51:53");
INSERT INTO auth_token VALUES("42", "1", "FF51EC3628E875D65111484002522D41D2FD8CD510401B86CAB2A0771A131173", "2023-05-10 20:02:00");
INSERT INTO auth_token VALUES("43", "1", "16FF3913EC16AF44B4F5C6D00521CF9A4277E2291F9337FA5790EBFDE2605E1D", "2023-05-10 21:04:56");
INSERT INTO auth_token VALUES("44", "1", "B445988F740D19F58560663DAAF4D4A52CC3202FAF06F53E9092A2D82D3638EC", "2023-05-10 22:28:51");
INSERT INTO auth_token VALUES("45", "1", "AF402F99EC333F44B8204D996FA729906E12EC81F70F148896904383CD1B2B7E", "2023-05-11 20:21:55");
INSERT INTO auth_token VALUES("46", "1", "77DC223E81AACE9DCCFF7530830F0F1567817F04B9239E1F84627C49CB2E8C11", "2023-05-12 02:24:59");
INSERT INTO auth_token VALUES("49", "1", "CB9CBE7D04F42B3D966942DF83968E4A12EFB2EDE72585CD368AD9EEAD11E9FE", "2023-05-12 12:56:39");
INSERT INTO auth_token VALUES("52", "1", "44DC2B99C66E5B8224EBE4E402AEC37DDB37951F24C5EC2863BC1B1F054D4715", "2023-05-16 07:43:46");
INSERT INTO auth_token VALUES("55", "1", "FE3B6336AF1BBBA44271F7C410F650E0A9B71A0E5C0D5C59EC6F72BDC755E347", "2023-05-16 08:43:56");
INSERT INTO auth_token VALUES("58", "1", "97A893FF54952362A207D820C84960C430B709EC5E691B5E2AAC089729A0FCC9", "2023-05-16 10:59:26");
INSERT INTO auth_token VALUES("61", "1", "838013BB3DE21B058E0518E81198D37C9AE4E79F86CF081C5104C1E25AB4414B", "2023-05-17 09:01:48");
INSERT INTO auth_token VALUES("64", "1", "FEC4703C60500308D7C888B7827954FE843CC156BCDCD16BBB954442B848D9C2", "2023-05-17 10:04:14");
INSERT INTO auth_token VALUES("67", "1", "E491C2EA72880D457E5C4854EAE300617EB0389977E2EE74D28DAEBB8DFF86C5", "2023-05-17 11:11:07");
INSERT INTO auth_token VALUES("70", "1", "B178E63335CE37D9B2DBCC9DB47889E54741DA4DD67A39CF55CD5B67846C24E6", "2023-05-17 12:32:45");
INSERT INTO auth_token VALUES("73", "1", "4C613EA21D7614A6C71C9C399DFD3E71775D5534294F55346DE150C66AE1F1BE", "2023-05-22 09:32:04");
INSERT INTO auth_token VALUES("76", "1", "64DF50B543264B83DF4A6548A1CE8B0189C0F0FEE4DAB7BBEE040A9DC6071BE6", "2023-05-23 07:32:58");
INSERT INTO auth_token VALUES("79", "1", "E0C5FB0D29128DB606C6899D35018E7742BFCDDC41805B9F9CF220FB2267E4D4", "2023-05-25 08:52:26");
INSERT INTO auth_token VALUES("82", "1", "9ED96D321D782D21793657C6D2C143A3CFAA5F2A11BC10872AD015A6CDEC1239", "2023-05-25 10:33:30");
INSERT INTO auth_token VALUES("85", "1", "1E0C362C9218E31B0D45F605B061412107651854F4A282B93FA19F1579351214", "2023-05-25 11:46:50");
INSERT INTO auth_token VALUES("88", "1", "38DBEDB6F4A9C51316CFA7C6F0C1948A759C29B59B88636208FF503D2368F2E1", "2023-05-26 08:54:30");
INSERT INTO auth_token VALUES("91", "1", "EE23A9F47604B1CFE5EAEAE94FAC3CDDBE427D9984E1117B8A75F8DDEC23E0B1", "2023-05-26 09:55:08");
INSERT INTO auth_token VALUES("94", "1", "07BAFD532A7ABD1A186D671D0F9C30945F5F21C1E7EC3C04036C841C58F798C8", "2023-05-27 14:06:41");
INSERT INTO auth_token VALUES("97", "1", "B77372A62F98F36AB50D38A37C26DCBAABCF6906D882DB755EA2ACCD61DF53E0", "2023-05-27 15:10:00");
INSERT INTO auth_token VALUES("100", "1", "D502148B06B24591EA68EB7931CA2545601220D31765579B7A387444E1D751F9", "2023-05-27 16:35:41");
INSERT INTO auth_token VALUES("103", "1", "DEE4A8F51F75A6575C09EF0B208CB1C9B6041990D27EB82A98BC0A26683E27FC", "2023-05-27 17:37:03");
INSERT INTO auth_token VALUES("106", "1", "48D6902E8DEF067B6530DBF62E97C982EA89F9EED452C16B57DF0891D72B7A45", "2023-05-27 18:41:03");
INSERT INTO auth_token VALUES("109", "1", "8D4DF44D5FEF121E4FC9834EF43AE3566C06109E53ACA3C6034CCABB65C892B9", "2023-05-28 09:30:06");
INSERT INTO auth_token VALUES("112", "1", "4978B749B27F9E35D501B8A9F5093C015CAA9B5FBA9D9755C4452489DD818587", "2023-05-28 10:49:12");
INSERT INTO auth_token VALUES("115", "1", "FAF9F8E0811195FB3A3ED0BF73F7A08F1B3F32894A1886ECA18AC34A5883F800", "2023-05-28 11:51:57");
INSERT INTO auth_token VALUES("118", "1", "2BA90C4FB1460F585F91676E7FD98528A764D823F87EFE443DC0F713AC09C6ED", "2023-05-28 19:24:53");
INSERT INTO auth_token VALUES("121", "1", "1678E2695491ED760DF097EC41EADC5D764B2FB5ECF5BC434ACC4FBB26087FA4", "2023-05-28 20:28:00");
INSERT INTO auth_token VALUES("124", "1", "241A4852FAAD2D147ECD86A206F4D2603EAD5AC67905CD53747AB745458E3734", "2023-05-28 21:28:25");
INSERT INTO auth_token VALUES("127", "1", "62461F2D4C4D3B83AD2A4A54C1464D0B48FF9FB548BE230CBA3C358AD0CA0BA7", "2023-06-09 16:28:56");
INSERT INTO auth_token VALUES("130", "1", "BA40BB4B926C3F21698FF91E9293D658DE89D9683628C59BEFE093E720A8B181", "2023-06-12 10:25:06");
INSERT INTO auth_token VALUES("135", "1", "391D99CA2223CD2CEDD4D2A8CB5A0942A5666F64669F05B164685E1BAA85860A", "2023-10-28 10:12:23");
INSERT INTO auth_token VALUES("136", "1", "0756F8B40E485FFD0C5A2B81A2C30554141AFB2D009DFA47829D9DE3733FC0EE", "2023-10-28 12:13:14");
INSERT INTO auth_token VALUES("137", "1", "B5C7C9915A466A35411A30D5EC62B27FC52E3B31749E711F09AC94DC8028D374", "2023-10-28 15:23:23");
INSERT INTO auth_token VALUES("138", "1", "197760585172C9E42D8AE6354398AF446502E33A0BDF8B3C3C735BD3320C8006", "2023-10-28 17:57:14");
INSERT INTO auth_token VALUES("139", "1", "C267C7C0554BA29247CB0E6E2114C74703A67415E1A44E3BEB37A6B50CA75F19", "2023-10-29 10:56:24");
INSERT INTO auth_token VALUES("140", "1", "92145BF9107B48D7CD090FF8CCE68DC28567D94F5A7A90AB9028E56967EDA3F1", "2023-10-29 12:00:06");
INSERT INTO auth_token VALUES("141", "1", "B3EC2A1E4DDE3567997665CBC42CC95089A649614B463B03F74347B656928AD6", "2023-10-29 19:20:36");
INSERT INTO auth_token VALUES("142", "1", "EAAA6161B2E933C42A61DB4BAF02A0C3AE74A5039A9B384F54EC24DD51235E84", "2023-11-04 10:59:55");
INSERT INTO auth_token VALUES("143", "1", "1F58D7431DA6088A8F4E0576990CE2F44FA787F2005250DA8636C1C38EC76794", "2023-11-04 13:09:42");
INSERT INTO auth_token VALUES("144", "1", "30E9A7A9F8B2BE402784F50BFB3473139B82CD884304EA65AC06DA733CA2B156", "2023-11-04 14:10:27");
INSERT INTO auth_token VALUES("145", "1", "10693EEF20E40CFCFDDE81D70DDD07E34CCA5B47A63823F7F2BE0DDCFD639CBD", "2023-11-05 13:04:04");
INSERT INTO auth_token VALUES("146", "1", "25A2EEC26CC287323DD79663858386B0CC41C36A063F47661E3E89AB1EF6C807", "2023-11-05 14:05:52");
INSERT INTO auth_token VALUES("147", "1", "F71CFE14C36BA4463D682A3FE06C3D75C8CB14D58B32CF2772D37A18CAF69D23", "2023-11-05 15:06:45");
INSERT INTO auth_token VALUES("148", "1", "C31C2BD70EB71CE55E2538ECA55B046031904BFC1241C7FCE6EF43AD706715CB", "2023-11-05 16:37:23");
INSERT INTO auth_token VALUES("149", "1", "2C45F20CE8117FE7B897884EEF631A78290C90181037FCE9B6F4CE5DC557218F", "2023-11-06 08:07:08");
INSERT INTO auth_token VALUES("150", "1", "D81F0F24DEF7D1B610F6AF2B9844351A22A9A6065AF1C6670C3488D3D2F808BD", "2023-11-06 09:12:00");
INSERT INTO auth_token VALUES("151", "1", "340CCF9A1F4F5861B67AB58A552D3AA043CF3633CA70D66E75FA0BAC08FECC35", "2023-11-06 10:12:46");
INSERT INTO auth_token VALUES("152", "1", "A9F058761EE0F5D55D44FEB2A3EF6349429E0D90B8FF6A437323C421655C6A53", "2023-11-06 11:13:58");
INSERT INTO auth_token VALUES("153", "1", "92667367452179920486A1C6F643F9678A31BC3AE2294933E6DAC61C025AC2F4", "2023-11-07 07:20:48");
INSERT INTO auth_token VALUES("154", "1", "C9D95A7A0CE194D7B3CC0CB2D284F360EBCF00D81A1574D7C281E8502AFFF837", "2023-11-07 08:24:05");
INSERT INTO auth_token VALUES("155", "1", "AC99220329F91E634F3DE9B1D8845EA975F3555F8CDB4CCA46223B36BA94C6BC", "2023-11-07 11:02:03");
INSERT INTO auth_token VALUES("156", "1", "8D0502A8500124162EC4B2CFB5CAA0919F27C4A014D2D085E49F4E520F061750", "2023-11-07 13:33:15");
INSERT INTO auth_token VALUES("157", "1", "F7D1F5663940071F384334FC284C20123B2981BF9E1D2F3633000BE710BF9211", "2023-11-07 16:19:03");
INSERT INTO auth_token VALUES("158", "1", "99F8DF44EBB292C26A4EA22886A97301D76007585C2DFCA2226BAD98F523AC54", "2023-11-07 20:36:12");
INSERT INTO auth_token VALUES("159", "1", "6819BAF9A0800081C465A1FC099C56D0C40B1169018161FF948360857B7BFDEB", "2023-11-08 07:18:51");
INSERT INTO auth_token VALUES("160", "1", "F179F2474819ED5BCC0449E8E6105831E4A618D19D966A6D2D80CF17A0E001B7", "2023-11-08 09:03:57");
INSERT INTO auth_token VALUES("161", "1", "8F93B1D674CAEF1F1FF95941250B0E8266ECCDD50FE9D99365EA6D3DC58AF072", "2023-11-08 10:07:43");
INSERT INTO auth_token VALUES("162", "1", "091027EA4654680A5A7B558AD06C8EE1A3E7F89A31D39687CE0C03C8488419E5", "2023-11-08 11:50:56");
INSERT INTO auth_token VALUES("163", "1", "C8BBD46F34F9B25A755283C0406D948860AEA368C8FA301BB6B0B5BE17EE6E0B", "2023-11-08 13:51:55");
INSERT INTO auth_token VALUES("164", "1", "16AF614BDCB63AB2F4AC3D65431AF9B7430CB81C8CC65DC3D2DCDA6F29209E62", "2023-11-08 14:52:59");
INSERT INTO auth_token VALUES("165", "1", "639826364D4779ABA99B420F57B058D5A7C1813FFB0792C110E1F891B4A99E43", "2023-11-16 09:28:01");
INSERT INTO auth_token VALUES("166", "1", "1902FF0FE2EE3D41B1B5B0A61957FC749A1EA633078EE3E922458666100686A3", "2023-11-16 10:37:17");
INSERT INTO auth_token VALUES("167", "1", "E5BA24E58F452C587B4FB27A5EBC99902845A582B597C5AA4AFD09B41128678C", "2023-11-16 13:56:07");
INSERT INTO auth_token VALUES("168", "1", "7881DF900D9EA18109708D96781DC7E33F2038B7EE29A01F40588238D2FDC440", "2023-11-16 14:56:45");
INSERT INTO auth_token VALUES("169", "1", "7BD476E29D20BA8A578217E9CC95B621A0622C0293E609DEEA6B33C0FF7ECF61", "2023-11-16 18:19:28");
INSERT INTO auth_token VALUES("170", "1", "5A046D6A48F05B90092BD8EE3B5CF34CFED1C32BFB842099948C4DE193ACC36D", "2023-11-16 19:23:17");
INSERT INTO auth_token VALUES("171", "1", "7291FA88A561AEF325ED8D37582A6A32572FC86BF47044A89FE5C88651960598", "2023-11-17 09:49:38");
INSERT INTO auth_token VALUES("172", "1", "537AC0D026B06F73BD222EC77CFC0815059100062B82AA95E277311392625C53", "2023-11-17 11:02:21");
INSERT INTO auth_token VALUES("173", "1", "A1413D81348EBC3155C17F31B4A1B11D9F302BBAC77C1E7A4A35256DBD3E135B", "2023-12-02 16:48:06");
INSERT INTO auth_token VALUES("174", "1", "CEF59E2DBC8AEB25ED9DB16683DCE792BE1087E54F27275A971D9A72E92372AC", "2023-12-03 14:03:19");
INSERT INTO auth_token VALUES("175", "1", "E213D9ED3D06D1DA938BCAC130D8AAFE9D2684B0502F573CFE60D7C93D6CC7C7", "2023-12-03 16:11:11");
INSERT INTO auth_token VALUES("176", "1", "40425617DD92E119BF60BEBA9D62F5B59AA119F78B3C4DA1A10E8C81036B7B1B", "2023-12-03 21:18:54");
INSERT INTO auth_token VALUES("180", "1", "5372D49B3CCE0402EDE114CD74FEFE5A7E159A90C3FC7EEB3A413CD691D89328", "2024-01-24 07:43:44");
INSERT INTO auth_token VALUES("182", "1", "D1D3CACE4F8DDB705070994B78FB1DA7054BAA3B1C2973FDF0115B630DC890E2", "2024-01-24 17:35:01");
INSERT INTO auth_token VALUES("184", "1", "7BCC921F477B4E141BF7E5650022FFE671D8C5D47D1240D4CB204041DFB1C4C6", "2024-01-26 14:48:19");
INSERT INTO auth_token VALUES("186", "1", "C00FC4F16FE7B9B93C1FEF33E40ED774CE423787C8EF2590F4320B675A2833C8", "2024-01-28 20:02:26");
INSERT INTO auth_token VALUES("188", "1", "D64B645F354A09DC726E0A07B621C4520333F18E778E5F2EAC69CA644A76932C", "2024-02-09 18:43:49");
INSERT INTO auth_token VALUES("190", "1", "F00EAA6C2A7FD48392727804F363A79F8C82C90D7FF454CC73E1E3DF6246A6B1", "2024-02-11 20:33:33");
INSERT INTO auth_token VALUES("191", "31", "BA0D09474FC51F7CA0EFCDAC5A99EFE71D50B10224D174935B6CCE6C463495F5", "2024-02-11 20:33:33");
INSERT INTO auth_token VALUES("192", "33", "04F64D7E13908FD3123AC943A7E2184867C2975B2566AC91C22D57D39976BDC7", "2024-02-11 20:33:33");
INSERT INTO auth_token VALUES("193", "31", "B61E666236F0C45C97D0FD69B39F99AFDF780257D1F493E3718FF44A75A61F85", "2024-03-04 21:09:57");
INSERT INTO auth_token VALUES("194", "33", "D622158F64B785B909B92B9FE22192A7E3D546D97323F552598F5711EE5A7A3A", "2024-03-04 21:09:57");
INSERT INTO auth_token VALUES("195", "1", "43A4EF11AAE82E113E1EC7D6F4B8619D2EC95D7E79244CDCCB85D119AAEE0009", "2024-03-11 16:41:14");
INSERT INTO auth_token VALUES("196", "31", "6876F26D943A10938FFB101AAD467827DC9EBC59F1B994706B1A5F64244690D6", "2024-03-11 16:41:14");
INSERT INTO auth_token VALUES("197", "33", "C17F8B330CA3B555CE19153F7F007D35EFEC57C308EF265666CD662103E37A94", "2024-03-11 16:41:15");
INSERT INTO auth_token VALUES("198", "1", "2D3C9E3BFF6BA90B0A5E03C72DEEC571BC046C51D6BF87476F109D387CC2170E", "2024-03-12 15:26:28");
INSERT INTO auth_token VALUES("199", "31", "227D6CC6E463D8F7837F8876CA38D61B53FA6A9B52397D6F951BB39A6B7D45A8", "2024-03-12 15:26:28");
INSERT INTO auth_token VALUES("200", "33", "A17CFB0A26503FBF2C2424517DD256F62A9978AC563596962B6A4E155EBFB2C2", "2024-03-12 15:26:28");
INSERT INTO auth_token VALUES("201", "1", "AC3F9B196CF98123334011D88AAFE971FB0E8122EB9AAF18191AF16F23A261F3", "2024-03-15 19:59:24");
INSERT INTO auth_token VALUES("202", "31", "DAA8B8D076C0FD6A32498391AC6F6303728074C99F4F74B0FCA4C801A1E4A3EB", "2024-03-15 19:59:24");
INSERT INTO auth_token VALUES("203", "33", "CE0E18A6B99CCDE21857BFD1D138E1EDBFFDD910A7001FB03E34449B20EE5875", "2024-03-15 19:59:24");
INSERT INTO auth_token VALUES("204", "1", "24FD53D3708DCE2DD3FFA22E31292F706DEF39B311C222C5D8602FC12EF3A649", "2024-03-25 11:41:05");
INSERT INTO auth_token VALUES("205", "31", "2E30380196F3C1DEC5F24C3D0EFB16BAAC20C9F5EA30C73A17FD47E45482D456", "2024-03-25 11:41:05");
INSERT INTO auth_token VALUES("206", "33", "6189B252D6BE91C94E309B0F8D5B6A14D28D40B565A425FC7634CBFC3EF9BE1B", "2024-03-25 11:41:05");
INSERT INTO auth_token VALUES("207", "1", "871D24AFB00E33973FA621E5BA5FF9AE3B3165B532ABB8437626EE00E2A274C7", "2024-03-26 07:56:38");
INSERT INTO auth_token VALUES("208", "31", "D6F95418FA61E210069F086EEB494469C880CE80B9DBBC9C785F2B09C21FC1F8", "2024-03-26 07:56:38");
INSERT INTO auth_token VALUES("209", "33", "DB3C46E0B937C6762CDBF225862830C33F954AC2C047EE3E17FF6DB28A0BDAEA", "2024-03-26 07:56:38");
INSERT INTO auth_token VALUES("210", "1", "5F5D9BFFE342F7F05080640B4F9707BD128C2B819BCDD84FAB477EA23E34F564", "2024-03-27 07:49:37");
INSERT INTO auth_token VALUES("211", "31", "B1BAA145FC8CE59EF520D55EAF4FB792B7FAF8A3FBF7F6953A054BE6E7AD61FA", "2024-03-27 07:49:37");
INSERT INTO auth_token VALUES("212", "33", "A8B5D66DB29C6CF2310A825F17613FB310BB25D6246CF76A1FF5A4F30D8A16CF", "2024-03-27 07:49:37");
INSERT INTO auth_token VALUES("213", "1", "022D74E7D812C8FB9F8109624088DC4B619E48975CAB3D55DE9F9C8768B48BD1", "2024-04-01 15:47:24");
INSERT INTO auth_token VALUES("214", "31", "191839299E56631263196F97B3FDECD92947F93DC4D26A4F4047E9E4EC5E7D7F", "2024-04-01 15:47:24");
INSERT INTO auth_token VALUES("215", "33", "8D83D53B02ECB6C49F944CBF47C4C70EFA1B74D443C97AC2A375FE6E309C4303", "2024-04-01 15:47:24");
INSERT INTO auth_token VALUES("216", "1", "86A8D36B497991570CE173E33A9BF6C8D0871422C12CB8F3D1898B2BFE9DBC6F", "2024-04-02 19:38:16");
INSERT INTO auth_token VALUES("217", "31", "BD78B757F931239E41FFD55EF9C93EF7B391B0D5B3FE93F85A52101FA1F78FA1", "2024-04-02 19:38:16");
INSERT INTO auth_token VALUES("218", "33", "645557BB1D09B88857D00D9B180F418CD9F1DDCB20289CF524BA3B31A1FCD4AC", "2024-04-02 19:38:16");
INSERT INTO auth_token VALUES("219", "1", "6B62E907304FABE725FCFF563692A8F6B3819D54F65AB8BB45A3C06892582C48", "2024-04-03 15:53:57");
INSERT INTO auth_token VALUES("220", "31", "DCC0CABA9818F4D7DCFCF4BBE406276899E0D0C916B18B5E662EFD05F972B6C4", "2024-04-03 15:53:57");
INSERT INTO auth_token VALUES("221", "33", "39892DB4202CE8B7298E8166530459AD7C12E68CFF2E9D5254D1341680CCDCAF", "2024-04-03 15:53:57");
INSERT INTO auth_token VALUES("222", "1", "DF66D5827E0781EBA18183E3C5FD9C2E4EFD916280EA0B67554F39580F34438B", "2024-04-11 19:45:11");
INSERT INTO auth_token VALUES("223", "31", "02EE58B4650B307729140BE478E94C983932D47C637D2D60D20BCB965C3F1A11", "2024-04-11 19:45:11");
INSERT INTO auth_token VALUES("224", "33", "63F1BE25A5585953AA676007FFE26A433B874B64AFA4014D9E74C1A80B14396D", "2024-04-11 19:45:11");
INSERT INTO auth_token VALUES("225", "31", "39ABDAAACCAED1E0E0B2FCF821F57D8F005F460A8B28D63F0C276F54A1DFE660", "2024-07-15 18:28:12");
INSERT INTO auth_token VALUES("226", "33", "98F0C844C98596104629591F9A2F2C47D2EC654DFFD7F8EC917F74652652E51F", "2024-07-15 18:28:12");
INSERT INTO auth_token VALUES("227", "1", "A90EEA5E79DCDA4491358B78C20D9E791E36063160DB6C44E051B12A8260E430", "2024-07-18 18:52:50");
INSERT INTO auth_token VALUES("228", "31", "878FD2F40B6CE2C656883D71AE4079C0569340BB19F6C38A336457152A2E9142", "2024-07-18 18:52:50");
INSERT INTO auth_token VALUES("229", "33", "272939D5BA1E40E8E99F7D53A8D5EB6F8D84A61EBF42309B1CE2CF22E68B1942", "2024-07-18 18:52:50");
INSERT INTO auth_token VALUES("230", "1", "DB4CA76198127027D51EED926B66055533ED86641D22C668AD1BDA9455B2908E", "2024-07-23 17:24:10");
INSERT INTO auth_token VALUES("231", "31", "DE3DD76D4D1699CF50652D1F5E07CD6167ADEC754EDEABF906CB8BC516C02EB8", "2024-07-23 17:24:10");
INSERT INTO auth_token VALUES("232", "33", "36C51EB44843FCFA03B104CA43A30E5C74BB5DE17D5F8E76FE681B14C938A417", "2024-07-23 17:24:10");
INSERT INTO auth_token VALUES("233", "1", "85ABFE938041CB92FE7E873714CF4AA8DC2AFA78A08FF4B231D025A2F26067DF", "2024-07-26 19:28:03");
INSERT INTO auth_token VALUES("234", "31", "AE546F09D17FE4B3FB08527CA4840279B61D85FC148C046E9ADA93B040EF1671", "2024-07-26 19:28:03");
INSERT INTO auth_token VALUES("235", "33", "6AFB51F4B68D6C875753C3991DE3B39A34F4B0E0819514AE67AA4F7E0CE8FEDB", "2024-07-26 19:28:03");
INSERT INTO auth_token VALUES("236", "1", "16C370AA06A5CCD1036FA7877C154A1AEB97B259C7DFC943E3927C055E25831C", "2024-08-06 09:19:31");
INSERT INTO auth_token VALUES("237", "31", "2A60A70AF149D78DA9D4B2CCDAFFC7B581473068CF293C4A6849349A14251066", "2024-08-06 09:19:31");
INSERT INTO auth_token VALUES("238", "33", "710185A89F6A1A2685C89380E439D5F04A20A49677F9F48698BBC3BDEB9999DB", "2024-08-06 09:19:31");
INSERT INTO auth_token VALUES("239", "1", "65BEA85583780A50CF99A17FAC4BFCF944E1C3C759B50C7EF1B4BED1045135A7", "2024-08-06 19:59:02");
INSERT INTO auth_token VALUES("240", "31", "442F7A3BA1C068D7298FBB1376EB052F380C9D86B46683BC0F098BB398D6E165", "2024-08-06 19:59:02");
INSERT INTO auth_token VALUES("241", "33", "6DE9106287BA4C2463055B841F2E6B2B60D88D7F33F5796FDC7F9FC00CA87895", "2024-08-06 19:59:02");
INSERT INTO auth_token VALUES("242", "1", "0CE0811A53D2A739055EA5A17A55CD3F5C4A9D08CFBC21E058DA20D7FFBCDE06", "2024-08-11 18:20:15");
INSERT INTO auth_token VALUES("243", "31", "06EDC485418202360A821EECB7B59C1BFD42244369D50090FBF6A9586D198C5E", "2024-08-11 18:20:15");
INSERT INTO auth_token VALUES("244", "33", "8110F805B87682D1BA0F98B6ED3B451D1678EB1EB1BC144FE7521716BF74E7BF", "2024-08-11 18:20:15");
INSERT INTO auth_token VALUES("245", "31", "F33E0B88A5F97651A55A05015F2D3F68230A7B167164E3EE5CD54BF9A20C8104", "2024-08-15 09:29:05");
INSERT INTO auth_token VALUES("246", "33", "8A513DD2C491010DA6C96DD6132ABD1D7D009BBDFB95BF3B9D705DAC9B4E8F75", "2024-08-15 09:29:05");
INSERT INTO auth_token VALUES("247", "1", "7FEF058AF4D1C110148D5006B5ED46CCC0D09FEFB84F9D587D8332166ACFD6FE", "2024-08-16 17:34:15");
INSERT INTO auth_token VALUES("248", "31", "D165B8FBEFD6D8A0EFC37D6B78B66DA23BD32B84C1A9CB367B41B7B84DB3BE37", "2024-08-16 17:34:15");
INSERT INTO auth_token VALUES("249", "33", "2605C390DEBF37A058111CA19F920A15ADEA970EF8E4E0B5FB7028C9C5D72612", "2024-08-16 17:34:15");
INSERT INTO auth_token VALUES("250", "1", "115730D0FAAF5D71EFBE453A576EC8C35C5791684810C1A526856B8B066BEB7A", "2024-08-19 07:01:56");
INSERT INTO auth_token VALUES("251", "31", "2752978D73B1716E70958E72BA6BEF1CDA3A28D7B73B04BF45C7FA30EE96A501", "2024-08-19 07:01:56");
INSERT INTO auth_token VALUES("252", "33", "56E046855D06B43723A5D69C3E916715D35D55AD0E051A5C459602527C62B8BD", "2024-08-19 07:01:56");
INSERT INTO auth_token VALUES("253", "1", "E667B96E1A21695B3627124EC38143EB5463EE433F1F16E1524A17DEDF40E969", "2024-08-24 13:58:20");
INSERT INTO auth_token VALUES("254", "31", "6F89BE865EA7C2A908D4EB7B8E94D7E43897169A1B6228859D69DC43BF6EE677", "2024-08-24 13:58:20");
INSERT INTO auth_token VALUES("255", "33", "A6CBB422373E22CDF2FF990BA6AA8CF01EB7423E68B9E3F3DBE1DBDC9835433C", "2024-08-24 13:58:20");
INSERT INTO auth_token VALUES("256", "1", "F18CEFB1DECBFB8506119CDF8E71886ECB5F5845A7E647AC514FC02CBB2BA9AB", "2024-08-27 17:47:23");
INSERT INTO auth_token VALUES("257", "31", "EBF0EC80C2B3C87C6B02981D2E3F21EF6831323D674A8A8335F127610788B3F8", "2024-08-27 17:47:23");
INSERT INTO auth_token VALUES("258", "33", "52894ACDA5AC993AD0CE358CF0D509D36F1E6B90309E19788A760B2F55E2BFE2", "2024-08-27 17:47:23");
INSERT INTO auth_token VALUES("259", "1", "44CAC701D1727009A755A3A2A8B25539D767C57503290B9DAA690AA0C0FCB05C", "2024-08-28 16:47:58");
INSERT INTO auth_token VALUES("260", "31", "F9968F2B75A28EB79FDBEC640A5EC0A4B7E3E8DDE07335AB93E31A994E66E8A4", "2024-08-28 16:47:58");
INSERT INTO auth_token VALUES("261", "33", "52E4258879DDA8B58A17FD0A0C3A5997D9F04F061AEC78F6C65E15137A67E5D5", "2024-08-28 16:47:58");
INSERT INTO auth_token VALUES("262", "31", "7A0E1D76F2CEFC8739A197190B19A247FB0AD7E085369857CBD8A18F4B90D95B", "2024-10-08 07:29:03");
INSERT INTO auth_token VALUES("263", "33", "C9954172CB01F4997A984D2B68181CEF4A75E4B160843DD2AF2EE09F306CFFC2", "2024-10-08 07:29:03");
INSERT INTO auth_token VALUES("264", "1", "6458EE04121A28A8000C36DA5496992580F595A2B9EDDE94052E3681847B3CE2", "2024-10-09 07:09:55");
INSERT INTO auth_token VALUES("265", "31", "1362889ED5AA1F87D5D49A0BBFA48D90EEC705931CDEA2F782F5BAC4D3D769D5", "2024-10-09 07:09:55");
INSERT INTO auth_token VALUES("266", "33", "E62ABB3D12ED9576A3FC405E4C0F31C5802FF995D158349FF5C64B2A088D9A47", "2024-10-09 07:09:56");
INSERT INTO auth_token VALUES("267", "1", "483E67E5F541274F40EACE154883E86B7E8F1EFE6DAAC2B470018BBC1F3A2020", "2024-10-10 07:12:11");
INSERT INTO auth_token VALUES("268", "31", "31ED1EB07A5F5578B7446A27D93B0C493A2C641E1782ED06CC58650B96CF16F7", "2024-10-10 07:12:11");
INSERT INTO auth_token VALUES("269", "33", "C0E1FF94D650FEAD9C39D34C72768C59C5DECDC3EDEC6B596ED27179EAF727EB", "2024-10-10 07:12:11");
INSERT INTO auth_token VALUES("270", "1", "477C670BA203B789F2A63D039927B2AD83EE275D56DB69AB66F97E35E9C273A9", "2024-10-11 09:19:00");
INSERT INTO auth_token VALUES("271", "31", "D5DFA2B9851EB842B631CCAC02616C0406D838DA5E63B267853186E85049F051", "2024-10-11 09:19:00");
INSERT INTO auth_token VALUES("272", "33", "DFEA5BA459EDABE87D73408CAC9803D22FACE850472753E82CADA47BFF9D5EAE", "2024-10-11 09:19:00");
INSERT INTO auth_token VALUES("273", "1", "AE22B6920C12778414AC00E669979D0CC90F1CE8E08B50AD36B98F6D945DF6F9", "2024-10-14 07:35:48");
INSERT INTO auth_token VALUES("274", "31", "4725C483972CAC13D3E75617DAF65B294DF7F0789424863900E07D9D810B6F73", "2024-10-14 07:35:48");
INSERT INTO auth_token VALUES("275", "33", "77C9F4889C361521891532776DB2C13DDF9C835E5A03B07C5798BEC4ED502F4B", "2024-10-14 07:35:48");
INSERT INTO auth_token VALUES("276", "1", "0208478CD9EBC8FDB070889EE71373C72C667399BB73D9B8D150AE206A394882", "2024-10-15 07:13:56");
INSERT INTO auth_token VALUES("277", "31", "1B95AE97BC6FAF20E3450911AE8A9564E18081C9434A2E909A12CB022FECC6F3", "2024-10-15 07:13:57");
INSERT INTO auth_token VALUES("278", "33", "5B327EC4FC72E108C39578E1B3665C957FD9B273FD123CFFBD5AEAF15F838668", "2024-10-15 07:13:57");
INSERT INTO auth_token VALUES("279", "1", "89C838CAD31EB6894FB50E706DCD054BC0B5CB2C1F8A89182C0418096818C4D5", "2024-10-16 08:52:01");
INSERT INTO auth_token VALUES("280", "31", "CA59146C685BE3E4F335C325B6FF2C4AC7ECA69C8A02FF6E2340C3DEF9463BD1", "2024-10-16 08:52:01");
INSERT INTO auth_token VALUES("281", "33", "6F43A8DC3CD0F9D76A5B6C44303F277D4D38E72CEF3901890B191B23E2923E42", "2024-10-16 08:52:01");
INSERT INTO auth_token VALUES("282", "1", "9A6B19593F78D6C87EAA36419C6D59B9DDEAD1259DA3EDF93AD4D6D83A19FCD5", "2024-10-17 07:12:13");
INSERT INTO auth_token VALUES("283", "31", "FE8BF8ECBADFD968434DCCFF8ED14CF33ED8DF748091CBA10F3C666ED169E2E8", "2024-10-17 07:12:13");
INSERT INTO auth_token VALUES("284", "33", "39A589F926E7743B142C8DF2222EBA37D53C33BECEB9F053DAF41F94D2848EF2", "2024-10-17 07:12:13");
INSERT INTO auth_token VALUES("285", "1", "DB8A91D8039B917C2586A644E9EBFCD07EB3C9FE50892845342868393000C056", "2024-10-18 07:55:25");
INSERT INTO auth_token VALUES("286", "31", "F56042CE50CFF41DE6213C7D8E65F31A751E71A0D15E31E35DC670381B464C11", "2024-10-18 07:55:25");
INSERT INTO auth_token VALUES("287", "33", "A11FFCE7DA53AC8E8F027D7EFF2D7C843B7D3E5A47996BF48A11A7A738D600A3", "2024-10-18 07:55:25");
INSERT INTO auth_token VALUES("288", "1", "9536FD5808839600929622EFBF6B03E042120E971F2CC12ACA2C86780BD91921", "2024-10-21 08:38:31");
INSERT INTO auth_token VALUES("289", "31", "A0B108B146E0EBF14D196CCDCC12F0EA6F4FC3A2F65DF5CF5E786FF0A269BB92", "2024-10-21 08:38:31");
INSERT INTO auth_token VALUES("290", "33", "8172434CA318DE9876BC59D00FAC5E907CE77875A4F9C449DC186E407CEAEB01", "2024-10-21 08:38:31");
INSERT INTO auth_token VALUES("291", "1", "5167AAE504AF05BF2AF64D3C2AD53F4B77103F817CA0211458264C4E87721928", "2024-10-22 11:09:43");
INSERT INTO auth_token VALUES("292", "31", "8020CD07FB22063C939D605B6B8D1FE02F4034ABDE1F178188C3CEBC301A357E", "2024-10-22 11:09:43");
INSERT INTO auth_token VALUES("293", "33", "5A5B1DEBBD1F786EBF1BFA07685BD244AEBDE573FC02FF3AAAB6839DD827FC4C", "2024-10-22 11:09:43");
INSERT INTO auth_token VALUES("294", "1", "EEB83E26FB2955B4CC2C20A45A0E755A3D7FD78C0D9D8C41D2C74D52C09A5914", "2024-10-23 07:22:31");
INSERT INTO auth_token VALUES("295", "31", "B4F593196352769B7F2F571E23AAF1A2BB04A1C4FFD74B5D80F2521D3A2A3A46", "2024-10-23 07:22:31");
INSERT INTO auth_token VALUES("296", "33", "C2F4CEC6A488BB51635CA1FEB921F2F0170235245238FFB388FBE88F96F3534A", "2024-10-23 07:22:31");
INSERT INTO auth_token VALUES("297", "1", "390D24532E3567ACA53A7DFC1C8B2FA8CE1532C790E81998E6701EE07E59BA7E", "2024-10-24 08:03:21");
INSERT INTO auth_token VALUES("298", "31", "B25B70AC3F4430848ADB06313CB28D91FA21BE21D699D16AC520FFE8001D9E08", "2024-10-24 08:03:21");
INSERT INTO auth_token VALUES("299", "33", "8736A0B27B53BD393B0CF841A0BC6A4CB61151DE03348AF63923BFBA8D72EB22", "2024-10-24 08:03:21");
INSERT INTO auth_token VALUES("300", "1", "FD84CCCA73B08D76919F90965FD62722139808E9C87ACEF02690B4A070FCC4C8", "2024-10-25 07:16:52");
INSERT INTO auth_token VALUES("301", "31", "7001CA340BC78C16E841E9EDB74A2A773D0E4407E8D324E9A2713AA46FE2AA21", "2024-10-25 07:16:52");
INSERT INTO auth_token VALUES("302", "33", "6DDA5E908C91C66B2C14DF718F7B50AE82CE252E72AC80F3E866F21B1F189B4F", "2024-10-25 07:16:53");
INSERT INTO auth_token VALUES("303", "1", "36FF37B8FD3E1F44E72AEB080AB33DED19FE7DC1F48C1FBA2E1CF2FCAA2263A1", "2024-10-30 10:53:51");
INSERT INTO auth_token VALUES("304", "31", "C2CF1E8A5CEC2DFDF39E47B32E8099500AE8A4D75F720F1CDF216CF6A40202BD", "2024-10-30 10:53:51");
INSERT INTO auth_token VALUES("305", "33", "FF326D41D5AD8B74450C71550C4570316A26B782515A3D6C399E3874E3C8E35C", "2024-10-30 10:53:51");
INSERT INTO auth_token VALUES("306", "1", "996662923F6CD5C6FD56578F497F095FEA03A5BA2E7A011287A3ED8093C89FBD", "2024-10-31 07:30:28");
INSERT INTO auth_token VALUES("307", "31", "54071F853FCEB1A0029B45B1D9193E4518355DA2E9744263A995300DF540B3BF", "2024-10-31 07:30:28");
INSERT INTO auth_token VALUES("308", "33", "135FF3B5CE3F713FAF7145A2B6EE0A54FED43D5DC61D7A82F5C81EEA470C078F", "2024-10-31 07:30:28");
INSERT INTO auth_token VALUES("309", "1", "B383C58100F8193E3E68F4627249900E8B16115DC658FCB58B4F23E8465F094B", "2024-11-01 09:03:09");
INSERT INTO auth_token VALUES("310", "31", "DA845A0D1F7AE7BFEB65A8FE66AE73C0D463A380B3F19C04FD1C0770AD5FD899", "2024-11-01 09:03:09");
INSERT INTO auth_token VALUES("311", "33", "17683081DC6CF8F8709E23D8A4DA285CE7059AE1E0B049689C184146A06F6C0A", "2024-11-01 09:03:10");
INSERT INTO auth_token VALUES("312", "1", "8C479C7D05D23431F9B6C6B2D4BBC5327327B36B1890E6FC3DC12420041638E2", "2024-11-04 08:01:13");
INSERT INTO auth_token VALUES("313", "31", "42E6354AEFC01B635AA6ACC3EBC3DE08D210CABC9381A9E78BF144C68BD7F6EA", "2024-11-04 08:01:13");
INSERT INTO auth_token VALUES("314", "33", "0DF7E46823471751875791E909EA785A1FB72FAD1B5E1E9B4EC97148021AE1C4", "2024-11-04 08:01:13");
INSERT INTO auth_token VALUES("315", "1", "573C4838E9B336ED032E60AAFD21E739258AA449D87620DA70377B60F5DC2F7F", "2024-11-05 08:20:13");
INSERT INTO auth_token VALUES("316", "31", "B46234F3491BE8C170D7F48C975B20B06284CC0FF4D3B1539BDA8F74EE99BF52", "2024-11-05 08:20:13");
INSERT INTO auth_token VALUES("317", "33", "DEA523C7EE11398754DF874F7CABCBD6E46E0DD122010DD78D28A7B8D3AE0D37", "2024-11-05 08:20:13");
INSERT INTO auth_token VALUES("318", "31", "6A85B252215D1E9388B70B8BA073414A3773E0AA624DC3AB50485F4EE03A73D7", "2024-11-07 09:57:11");
INSERT INTO auth_token VALUES("319", "33", "6731DF719150D9B0A39C41A44FF167572D04B207767494A01EF9D83C306F5A5E", "2024-11-07 09:57:11");
INSERT INTO auth_token VALUES("320", "1", "D366D3AE37D1D0CAAC76ABA77FB77E0BA16870BAB6BE130F20FF6B1D61A0BBC6", "2024-11-08 11:48:52");
INSERT INTO auth_token VALUES("321", "31", "CA342944BEEF0FBBF451FA4031A0B0493871518C5D865BB750483EBCBF5F1DFF", "2024-11-08 11:48:52");
INSERT INTO auth_token VALUES("322", "33", "0D67FB0CF769505360819876D7DC1000EEADA27C9047B4D8EE123F5A0A99BD14", "2024-11-08 11:48:52");
INSERT INTO auth_token VALUES("323", "1", "86A1704C1FBED1716EAF6C65F5DC99ADB9CD669D8831ECA7E2EEBB3A6FF9619C", "2024-11-11 07:29:29");
INSERT INTO auth_token VALUES("324", "31", "277EC8CDF4B261F93AA075CCC8AE11CA7D3449098B2784045060CB6D3F377A6C", "2024-11-11 07:29:29");
INSERT INTO auth_token VALUES("325", "33", "C7512E7C30384330687F48D8F70A8A61E6C5067C8BEDDD2114172C3063D1AC88", "2024-11-11 07:29:29");
INSERT INTO auth_token VALUES("326", "1", "5BD1F1E0FD9B984C4458C1C39EACCBB0D9D1F50791586DA18744187C71777259", "2024-11-12 07:34:07");
INSERT INTO auth_token VALUES("327", "31", "C406BED1CB45C6122F7EBADF8DC8984FB5AE79F911A0B0577F6B2CDE481EFEFC", "2024-11-12 07:34:07");
INSERT INTO auth_token VALUES("328", "33", "61FAAC0988D7A4C51014741D7A00C03C53AA9D514DA4694890CE005784B68F9D", "2024-11-12 07:34:07");
INSERT INTO auth_token VALUES("329", "1", "C12E60614D7E0572087C51B70A79A46DC163624A91DA36C2BFBE374462253C39", "2024-11-13 07:36:29");
INSERT INTO auth_token VALUES("330", "31", "7358D0C07A34FDE2BCA1367C933CCB71346DA4DDBA48EF2AC7AB4D72C6D61023", "2024-11-13 07:36:29");
INSERT INTO auth_token VALUES("331", "33", "682C0C684FAB0A265D776BAEF9FA8DAF39F1ABC567BC6A6FC7A2595A91B53C36", "2024-11-13 07:36:29");
INSERT INTO auth_token VALUES("332", "1", "B1012D0C606AA6F1CA7E3939623430CB2CA2C41653FFAB5869A3B79216E6AAD1", "2024-11-14 08:56:05");
INSERT INTO auth_token VALUES("333", "31", "6853D52E9A9E50479499A7AFB59683CDCC569E5E796A5B00776CE432367F67DA", "2024-11-14 08:56:05");
INSERT INTO auth_token VALUES("334", "33", "9971EC783EF3CF064C4451D20CE43266BBE55C0B11F37F389019E4F77BF45C67", "2024-11-14 08:56:05");
INSERT INTO auth_token VALUES("335", "1", "1B12532232B248D8C45F4522BB0E8BA746DF0179DE08A42CD73673189C4693D2", "2024-11-18 08:13:35");
INSERT INTO auth_token VALUES("336", "31", "AC762AEB17B8636B90AF8AA0DDA5B777CA4BDD4BC49DFFC714EE8497A70954B1", "2024-11-18 08:13:37");
INSERT INTO auth_token VALUES("337", "33", "3426576743C097E8A915EBC692FE70FFCDF9431A2FA321B6A583A1500C0E5B68", "2024-11-18 08:13:37");
INSERT INTO auth_token VALUES("338", "1", "A955D2D8B15C845CB50BCCFEC4C84FC068D403A70C2BC2652F61533560851EF1", "2024-11-19 07:38:45");
INSERT INTO auth_token VALUES("339", "31", "FB8958A7D7761113CE1BBC60D582DDB55AF07C8DE86B2043847BA7CC68780739", "2024-11-19 07:38:45");
INSERT INTO auth_token VALUES("340", "33", "3DDD2830414FF139845F7409BC29C5B08483E0924B150B17046EFED4162B5443", "2024-11-19 07:38:45");
INSERT INTO auth_token VALUES("341", "1", "294EA4C90899E00A99C6522E6716DFF3DB0CC2CCBA15177F5878A204A844F3D6", "2024-11-21 08:12:05");
INSERT INTO auth_token VALUES("342", "31", "9D7A8FF7415B4B472DE60C06DC9FD54C5AC2E71A24AB099EC93B7951C753E512", "2024-11-21 08:12:05");
INSERT INTO auth_token VALUES("343", "33", "68515857D367B0ADAF5B45EC5482C3F1C82558E2686A6E8180D60B918C0879AD", "2024-11-21 08:12:06");
INSERT INTO auth_token VALUES("344", "1", "F0867633C9CAAE674EA21184B145DB713C625632FB5F8B7070E8896A7BB4C390", "2024-11-22 07:45:11");
INSERT INTO auth_token VALUES("345", "31", "9E0AA76E3BC8C1A525B5F36D5544844A22BE0053FDE4B31CCDABFA3790696DA0", "2024-11-22 07:45:12");
INSERT INTO auth_token VALUES("346", "33", "0596040DDF51DDFF75F87D2145D28F50E6CAA41A7A0C75724A3B91831B08BD80", "2024-11-22 07:45:12");
INSERT INTO auth_token VALUES("347", "1", "08F429533254469A5400A5F8B16F480A758AAE3FEB51EBCDDC5B59E6BF9D54A5", "2024-11-25 07:52:11");
INSERT INTO auth_token VALUES("348", "31", "AAC1238634E9779440645D4E932FF076A79F68C43974C819C234CB449DBD5A7A", "2024-11-25 07:52:11");
INSERT INTO auth_token VALUES("349", "33", "91248884C426BF534186EA43978439B10C02E679617B1F91AF33418321876B6C", "2024-11-25 07:52:11");
INSERT INTO auth_token VALUES("350", "1", "83117F30EC146FD419603F44C9609D40F58D29C728E4ED0BD55CCD03B27F10F6", "2024-11-26 10:22:26");
INSERT INTO auth_token VALUES("351", "31", "DB30C70E7E0A76F61945DF0BD8958E37F2F4B983A6BF2EBAA16C46020542ABD1", "2024-11-26 10:22:26");
INSERT INTO auth_token VALUES("352", "33", "1C1A1F3E70A48C06F25F00F5AD3CD51C5873154D14A513C27A9D222DE080D8B0", "2024-11-26 10:22:26");
INSERT INTO auth_token VALUES("353", "1", "080C348E22A501645010FC08F906416A3829E79AEFF7BA4E9A9467D87A25D96F", "2024-11-27 07:20:57");
INSERT INTO auth_token VALUES("354", "31", "3D3566CA3436FEFEACC4015CC430ACACE876378E2754FBC01DDF8610BBFF02A3", "2024-11-27 07:20:57");
INSERT INTO auth_token VALUES("355", "33", "3DC3C8ABDF71753D4462D1C196D7885538E8B89A46A0F5C0FF66462B022A8065", "2024-11-27 07:20:58");
INSERT INTO auth_token VALUES("356", "1", "5162764B04EFFF1A763643AB895EACB556C245B1ADE92E09E4343B589B1F0C2D", "2024-11-28 11:34:26");
INSERT INTO auth_token VALUES("357", "31", "DE69E866016C75AF0176C1D2E8A77A705C38C3F6073AFE3BD95D88F781A4FE6B", "2024-11-28 11:34:26");
INSERT INTO auth_token VALUES("358", "33", "DFEEB85DBC9E8DCAC2D2173337BE0DC59FD79C481B6FC90B51EB899594AA2F21", "2024-11-28 11:34:26");
INSERT INTO auth_token VALUES("359", "35", "53C7045A87B239EBF6EFA4681BEAEB36023ED786551EEC7BFA3BF075092C07CD", "2024-11-28 11:34:26");
INSERT INTO auth_token VALUES("360", "36", "1F9073EDAED50695C57834FF5984D931987B1661EA46D71F92905B2373B9E1A6", "2024-11-28 11:34:26");
INSERT INTO auth_token VALUES("361", "1", "435FA7FB145FBBFBB6B0886DEAB535D62DD0A5FAC06942A4262F780F0705BD66", "2024-12-02 07:17:19");
INSERT INTO auth_token VALUES("362", "31", "7A2EA36B2EAA913433FFB872301C9519209C9A9A7B87894B731710E2ABCC9BEA", "2024-12-02 07:17:19");
INSERT INTO auth_token VALUES("363", "33", "9B36E681B63A57B375C9E7159EB73E6E962CDEF028648006E0610D331BE660D4", "2024-12-02 07:17:19");
INSERT INTO auth_token VALUES("364", "35", "E2CA7766AD060598D05ABA8D97A10A64540604CA55D24C3BC351F26B9B26AF03", "2024-12-02 07:17:19");
INSERT INTO auth_token VALUES("365", "36", "54C8B4F413808205D0CD8969E4C7F26AB3F39A44066D289AA4049AD12DB1BC76", "2024-12-02 07:17:19");
INSERT INTO auth_token VALUES("366", "1", "1FE91252ACD78F4847EA715E6EC22D8400F163FA363F92282C2B6115AEF96A9D", "2024-12-03 07:37:04");
INSERT INTO auth_token VALUES("367", "31", "7B7C6FA23F381188BE8441FFEE5EBEF3283632D91E335C00C0974974A005D9AA", "2024-12-03 07:37:04");
INSERT INTO auth_token VALUES("368", "33", "2C88D3C9D945D0CF921CD74E071EC2086F0AB6B35125F20FDC46E63A88D81C27", "2024-12-03 07:37:04");
INSERT INTO auth_token VALUES("369", "35", "458E2FA0085092FA92D7FF12DA50F990DDE82FF522085CC0D1EBBCE9D43A87E3", "2024-12-03 07:37:04");
INSERT INTO auth_token VALUES("370", "36", "AF3A4F60D98F5C2DB187B8A4867351B9B93E1985323188A636BAD01360A248FF", "2024-12-03 07:37:04");
INSERT INTO auth_token VALUES("371", "1", "34B828F2E29F1EC6C35D6F70FA58847C9556AEBE77C42A77B61CD491CE440DA4", "2024-12-04 08:41:46");
INSERT INTO auth_token VALUES("372", "31", "1861E303D7B292735679BA0E49C4AEFAD849F1CAEC7249675E2B0C2A6EB37D6E", "2024-12-04 08:41:47");
INSERT INTO auth_token VALUES("373", "33", "15A8412150EBD08B73046D121C3156A3B3F57B54CA5406C7BC4E8E5D718833D1", "2024-12-04 08:41:47");
INSERT INTO auth_token VALUES("374", "35", "5490D895D927177A7C19E03854AC3CA236BC7BB4CCB6D74BD3A4424AAB88E8A9", "2024-12-04 08:41:47");
INSERT INTO auth_token VALUES("375", "36", "E9DF790680F9B24C14DC541A690344EB1013CC8F0D93C8800A590DC6BBB6A261", "2024-12-04 08:41:47");
INSERT INTO auth_token VALUES("376", "1", "DF65FF76BF9BBD7D4B07D354E10CC8FA2DB38347081EF0978E027938A419B6A7", "2024-12-05 09:41:49");
INSERT INTO auth_token VALUES("377", "31", "EA318D693CA7DBE6E11DAB37FAAC9F42E6A05B978A64B006683D52DFFD2BA14F", "2024-12-05 09:41:50");
INSERT INTO auth_token VALUES("378", "33", "A3E598D6476068720D0E6B60AAE63FA53B06B039F5D309FEF2BBD98484060EA3", "2024-12-05 09:41:50");
INSERT INTO auth_token VALUES("379", "35", "4A6CA429955A08D8DFFD834F6B00F712E25CCDB71A392AB6178FEE6A3F142F6B", "2024-12-05 09:41:50");
INSERT INTO auth_token VALUES("380", "36", "9F9E4280EF6C07D30E7DA2C6DA5FBAD3B55C8114A4E74D2340BB80C54287F6EA", "2024-12-05 09:41:50");
INSERT INTO auth_token VALUES("381", "1", "81949F12C1F25A6A3A045677219E51696A151153E27B931A17BCF58994C92CCF", "2024-12-05 18:04:45");
INSERT INTO auth_token VALUES("382", "31", "30732FBD30D6E2BC7AB812C09D561FF9F9554178ABC02730B932C4EE2D6A74F4", "2024-12-05 18:04:46");
INSERT INTO auth_token VALUES("383", "33", "17029CA50514A0872A72F40BD29BF4D43E585B345937AF4D4B5DBD60570C9B07", "2024-12-05 18:04:46");
INSERT INTO auth_token VALUES("384", "35", "2DFA8D4DA1F563A828CF21CD9BF2E6EE998F571FC70C6B40ED2CF255307B4D18", "2024-12-05 18:04:46");
INSERT INTO auth_token VALUES("385", "1", "68A2E035B9D7D19D556534F1005FD4DA585A2B233269D6B1F3317BF1C5C3D4C3", "2024-12-06 08:08:04");
INSERT INTO auth_token VALUES("386", "31", "9E284F96BCFF4191E736221A2E3BBF1A0ED064A7BC523A7D09C2E94CC45A3C8B", "2024-12-06 08:08:04");
INSERT INTO auth_token VALUES("387", "33", "E866E5CD6634D3090C8DCED095A9C75860DE58D6BB7BA18AE3AD73132DE07F8E", "2024-12-06 08:08:04");
INSERT INTO auth_token VALUES("388", "35", "784119ADE171F39D7F3EA35E7D19B959735F678FF8E5F7AB19EB629480E2652B", "2024-12-06 08:08:04");
INSERT INTO auth_token VALUES("389", "36", "74A2E0AA1FC0055BCB59C684E31183F6BADC88EFFC378DA02F80B88316DD0F67", "2024-12-06 08:08:05");
INSERT INTO auth_token VALUES("390", "1", "58789C2A7EE282B562B006A11CFDE6616B3F2EBBDD6385F38BD12BDE831B7890", "2025-02-11 07:41:07");
INSERT INTO auth_token VALUES("391", "31", "C30C914D4204F3C02B986FB64273076C1F107BEF7BB11E38FCDAD97FAE20D5B1", "2025-02-11 07:41:07");
INSERT INTO auth_token VALUES("392", "33", "FD927520B4EC463B101EB9A09719EFA39722538969165234507B340EE6905D50", "2025-02-11 07:41:07");
INSERT INTO auth_token VALUES("393", "35", "1B47F1E0DC5D98018380138D298D88FD1DAE80008308F037BE225AE9D0A256D0", "2025-02-11 07:41:08");
INSERT INTO auth_token VALUES("394", "36", "793357184DC63AD90CF871CDA357422350D18DCB289E729C582A37CA09C04077", "2025-02-11 07:41:08");
DROP TABLE IF EXISTS base_conhecimento;
CREATE TABLE `base_conhecimento` (
  `id` int NOT NULL AUTO_INCREMENT,
  `titulo` varchar(220) COLLATE utf8mb4_general_ci NOT NULL,
  `conteudo` longtext COLLATE utf8mb4_general_ci NOT NULL,
  `views` int DEFAULT NULL,
  `contrato_sistema_id` int NOT NULL,
  `usuario_id_on` int NOT NULL,
  `created_on` datetime NOT NULL,
  `usuario_id_at` int DEFAULT NULL,
  `modifield_at` datetime DEFAULT NULL,
  PRIMARY KEY (`id`),
  KEY `usuario_id_at` (`usuario_id_at`),
  KEY `usuario_id_on` (`usuario_id_on`),
  CONSTRAINT `base_conhecimento_ibfk_2` FOREIGN KEY (`usuario_id_at`) REFERENCES `usuarios` (`id_user`),
  CONSTRAINT `base_conhecimento_ibfk_3` FOREIGN KEY (`usuario_id_on`) REFERENCES `usuarios` (`id_user`)
) ENGINE=InnoDB AUTO_INCREMENT=5 DEFAULT CHARSET=utf8mb4 COLLATE=utf8mb4_general_ci;
INSERT INTO base_conhecimento VALUES("2", "teste 2", "<p><strike>Artigo de conteúdo de teste</strike></p><p><img src=\"data:image/jpeg;base64,/9j/4AAQSkZJRgABAQAAAQABAAD/2wCEAAoHCBUVFBcVFRUYGBcaGhobGxsaGiAaHR0bGxsgGB0bGx0bICwkHR0pHhoaJTYlKS4wMzMzGyQ7PjkyPSwyMzABCwsLEA4QHRISHjUpIikyMjIyMjIyMjIyMjIwMjIyMjIyMjI0MjIyMjIyMjIyMjIyMjIyMjIyMjIyMjIyMjIyMv/AABEIAK4BIgMBIgACEQEDEQH/xAAcAAACAgMBAQAAAAAAAAAAAAAFBgMEAAIHAQj/xABMEAACAQIEAgYFCQUFBgUFAAABAhEAAwQSITEFQQYTIlFhcTKBkaGxFCNCUpLB0eHwU2JygtIHFTOiwiQ0Q0ST8WOyw+LjFnN0g6P/xAAZAQADAQEBAAAAAAAAAAAAAAABAgMABAX/xAAkEQACAgICAQQDAQAAAAAAAAAAAQIRAyESMUEEE1FhIjLwkf/aAAwDAQACEQMRAD8A4zWUwt0dcCSjx7PuqpewITcRqQZk+WxFWeGS7JrLF9AmvYovZwWcxbUse5bbH4z766F0T6Ig2y1yVbNp2EBGmm6g7+NGOFvtiyypHJ8vdUgwzzGRp8jXbX6L3AOxcdv5gnwmhr8GbOFPZZnRczOWILsFkgIJ376b2F8ie/8ARy6xwm8xWLbwSOXjTXj+jF4ZB1f0RuR3V0c9GgqXB1kmzkM5YzaZtddNNOdGcTwa291EZmjqy2kDUEDu2191TlCKKKbZwfE9Gb2bXKPXXidFn53FHkCa63e4LaKYdyGJuXQj6wCvb0Hd6A9pqLEcIsqmNhNbcZCSTl+bV9Ne8nehxQeTOJY3DdXcZJnKYmohTt/ahgbdq7ZNpFTOhLZRGYgiCe8670lCkY56BWRXoFexWMeRUttAa0Aqa0KYxvkHdUefwqVtqr0GZEmesL1oK22rGNa8rdl0mtKBjKysrDWMeV6GivK9y0TUbK01hry3WxFMhWRmt32G23nzNeEVdwmENwwGAyoW1EDRojTnrRSsDdFInX8qKW8AyXLZEkQCTtE6d9GXs2B2CUC55guPqTJkzvUJxNuAOsTZOc7HWn412Jzvoq4i2CpkTGc6+dVeH+gv8R+FW7uLtQe2Pp8idzpyqEYu0PR0EzosfRj40roeNgi4vaPma0y1I5kkjvNaLvUxzzJWVvWVgjNb6TXpBOsGYKtrPn40Sxl2zirWcZEcAklntpr3dph+hS+nVMYTDAnbtMRr3wJ8fdTBnbD4UylpGOoAJJj1rt4zXfGUndnnzjFVXZJhLlnC4bOLttrpGmWGmeXZJ9lS9H+MAh8+Jg5tQUeRI8qqWMV8qw/V50DrPo22J75hCB7qtdGMNdtrcDZx2gNLbiY/i8abevgV1TvsYsHxbKwy3bridhbkd3NQffRTieUvYeLs9ba1Kwv+Ivpa1SwGDJIZ2uBRrBW2P9M1Bxrj6F0FsM2RlMTAJVgY032pJLegxetjjiNsXG+RD/8AzP4VaZpv2vG03/mSl25x+Eu3WtwGCq0FjEE29JQGdZ1A2qviul3ziFEGiGCxGxg7FwCeyOY3OnKudwZ0qcS9eHzWE/8AyQP81wV5isMIxwk9oA+XzQH3UtDj9x1tL82ALwYADUHNmBMtO7NuI2q/iOI3GN3t6OBMKO0PRE9n6unKlcWMpIWP7T8MjPhyxOiNz/gpH+Rp3e8n4GmLpbfu3Lo1Z8qgAQTHfGijXTafR3oILdyJYR/EAv8ArpaHsqtYA5fr1mter8PcPwq0ZjULP8fr7qhd/L7X5UaNZFkP6P5VsiV4fJa3QfqK1GPHGlVKuuNKpUsgoN9HsAtxu1RvivR5OrY2vTGoHeOYql0Mty3rpxvYUVJvZWKTRzHEYd0ADoVkzJBAOmkeFWcLwe5dXOiHINM0aV1PheHt3bZt3EDhDEETpEqfu9VG7mDUW+qVQqxoFEAeyhzKLEtM4je4LcVSxoYRXUuJ8OfIWOUAEzJj41znFJ22iCPDWjGVgnjS6KVSWj37c60Za8mnJdHitFSBxUcV5FMnQtEpFeEV7ZsFiRtpNaMGG4I8xRsWjCKyKwPXtYJ5Xoq3hOG3rk9Vad43hTGvjtV630WxrEf7O4kxqVA9eug8aBrA9eVbx+F6u41vNmKO6McsCUbLoSddqrUAnlZWVlYw747GNYYobFy05H00VNu7sAkbbVFgOjeOx/ziW3ZOTM5VP5SzCf5Z2pk4Ri3xfC8Q3EGz2rb2zausDmzFgGVW3cagTv2iJ00r/wBpyYsX1C5hgwidSLak24y6zlMZp7xtliuqWRy0ckcajsVuK9H8Vg2HW23STCtmLK0bwwYrPhTJ0Q4u627gyycw1VAW1HPNyqXA3Llvg2L+Wsy23KDCrcBz55mUDa5ZynyVjtSx0Vxpi4BdAHZ+jrz7k++jCW+JskXVjfjOL32MFLo8FKjT+W399Dr73Cpm3cAjUsz6eJ2FRXXDEk3WM9yk/gPcKhdEjRmJ5SgA9uY/CqkUFv8AlP19ehFFx/unt/8APQipsdEmH9Nf4h8aNliNjE91A7PpL/EPjRi5t/2FTkViJvSK4eufUnbY/npQ6J3X7UH8avdIQeuaI5VTBb6o+1/7al5K+CB7Z5Ko8oH+mtSh7/h+FTuSN8o9v5VCW8QaISKD3/r21Igrw+qtrdKY9fah5ojc2oYzid6Ehojb0MxgttJSabrvG1/ZmlzoCRPI770+Mk/RX2VJlo3QpJ0huWr5a2ohgAysJBjYyNQR3+J0roVkXWtguLYJGhUlxMSNwKR8ckYiMq8uVPmF1tgqdA0xvsZy67aR7aDVjRyU6YhcL4eccz9fefMHYZQcqwNB2YIHnVnpDwK1Ys9WinKfSbfXu8qr8YwuIt3Ly2bd1gxBQ2zlgsSdfGNY8K8xuK4l1ah7Qg6Q6jfaSTqBGs+BobOhqN6ELFYSPRM+6qJWnHieRbIbLo5ZScuhIBKuO7aCP3hStg8K79rLprzplLRzSh+VEeGtZriL3so99b47D5LjDuNGOC4UpibTMoyqWc6/URn5/wANVbKvdxM5RBcuVHMTMU0ZWTnFwewpw3gxYHkchM7xA++hWC4Q90EKhJGmmomTudq6Pa4e/U3GtgZ3UADYCd/ZQPD4xcGpsv6ZaTAncCqWjni2C8H0RWPnWbN3KQAPCSJPnRzAdFrCutzKTlGitqs/WI5nz0q1heI2yNVuE7yFH41Ld40lsT1d0id+zHtmtyQ9SYfsW5q/Zs0pp0qClh8nukqJIMAgd7CDA8akHTVgFK4QnMYBNyATMafN60HMKgIXSWx8/iO2SRfuaF50Ln0Uy6e3agbJTDxbD9Zfu3CpUvcZyubNBYzEgCd6otw4eNLYyQL6usop/d47jWULGoK8d6S4nF5RecZE9FFUKq6ROUc40kzFZw/pdj8MmSzfYWwNFYKwXwXOpgeA0oGC2/ZHPY6e8fo1r1H8H2PzrqfVJHKu7ZBxjjmJxbB8Tee4RtmOizvlUQF9QqTgRu9rq8vKc33VKLRGxUeSwfjR/oxdKdZ87lMKYhTp5HU0sIVLsac/x6KgTF/Wtj1Gs+T4r9qg8lpkfFz6Vwn/APWp+JrT5UP2j+q2o+DVdx+yCl9IgtYLEHCGcR37KPr0J/u26d8Q/qAp1sYn/Zj27n0uYB386B3r7NpmcjuZppWhlJgi1wlsyzfuHUc/Gjl3hK83uH+YjwqsnpDzHxo3cUjn6p/XhU2kh02xF4vh1S4QJO2pMmtSdO6rXSBR1vqGvrqqUEbn7UffSLsp4KOJUmNO/aT8RUWQjcR56VfKryJJ7s5JPvrS7wx25SfEj2DWlnNRHx43PoodcvfViyQ2xB8qifhLjdYqo+HdDO3lU1lTKSwyiErtsQdKFMonartrFZhlbfke/wDOqTnWmk7JpUPnQAgd3Ons3iP0K5v0S4dcuLKNFNf9x4j6/vpKKp6IMZjm+UeschTpwiWGcHQqQy95U9lh3GND3jL3VzLE8LvddlLazXRejzQiqfqj3AKfdl9tGqJTewz1YuI9skgERI3B7x4iljFYi12rV1xbYDK65d/5tJQgc500PdTHauZbmU/Smq/EFK3ARsaDVjQyuHRyjpbfW4ALFt+ptgKXOxYkneIzEyOewrMG+HdALciAOyd/X3muk8bwVq6Us3E7Nz0iuhkSAZ5MM29cswvR+8mNOHtgtlMl4IAtnZnjY8o7wRSyjaLY8yUraL160y2rt3QKqhAe9rhC5V7zkz+UUL4KkXAec03dPHW1btYZeXzjHaTBVZ9rH2UG6LcPZ7inLIBnXamhGkLlmpNtHQ8GfmwDAnn3+fjXP+OoWZrZg3Mw6zw5qR4RH6FP/ELBCCBEQTGm2tKXC8EblxrlwHtsVzeHj5bj1UU9HPVMxLNyyiZwXWAOsBJPkfCvcdlYZQR4flVyzZuIWtelPoTtHOfAc6r47hzgjKCT9Lw5e7b2UkmPFA0YKRtW4wHhTd0f4MGWXGtFMT0eBIy1PkytI5+2B8K2XhpZgAK6SnRy3Aka17heAhHzcqNs1ITx0RNZXSOqrKID5qa4BILD7QkEeHq2qscSPr+xT/qqzccDdgJ745H9flWrXRPpnyAUge413yf9/M5IldryEySSeZyr960b6NX0DMArEwJkIOen0DQzMObOfJQfgtF+jiyziXMgTFsHnprAj20IfsGf6hwYlfqH7S/cgrdcdH0f85+6Kje2imD1gPigB9hatfm/3/cKsc6C9h1OFeEA0bmx+JoJRnDR8nfLMQ++p28BQagFHqbjzFHLgHIH20CFMDjl+VTkUiJ/Hget0kaDfX11Se2/Nh36J/UTV/pAnzo1+iD3VQuWGJJDCPFm+AYAeVTRUkwCNnBJfTuyj9fnT7w3h2ZQxBZu4mdTy9VJ/CeHXTNwAtbBVSVBMajWM0wNNYgV0TggykCZjw/XjXLl3I7fT2o2VrvRl3XNCg8lpO4pwdkYqyxPhXYGxaLz1+HnSr0wR2YMqhgBy1qcoqKtF8eRzfGSOM43BZXI8aHvuabeJ2yxLARG80q4qMxgz4iqY5Wjnzw4vR07+z1fm/VTrSR0CxKC3BPIU4fLE76cn4FjHv8A7S3r+FNGBGRUPIQD5EZT8QfVSlicQhxJ13Me6Ke8JbBWDqCI8wRTEZ9kPHbhQJc7iPjr7pq5xEZkRx3qfUaqcXtk4dwdSg+0OR8+/wAZrzgd43sMFB19GTrAB3jmYoALWLFsHNcuKiiILMB2geU7nah2Jx6oQbNo3Gc6s0oJAgH0ZfTugQNDRC3w5EctlzMNSznMzNy1PLQmBEaRWmJXtZm3A0++iYVbnRE3LjXL1wM5OZo7zyHcBAA8BRrgvD0tjQD2VbxLgqoG5ImpcOgAoNhWyDi9z5t/KhWFeLaKFE+PPXXajOJQkZRzoW1sdaFB2QruIzMVk+oTSoYkwGKWbzFRKBWX+YNPtymruNvspZlRSqpLGQO/26CguIuoz3FtssdVE5t2AI7/ABo4ot5bmd1ysqj0gJ1aY18aVjxILfF2VCxUASAPH9Cr2D4u7wFEk8gJPsrXENa+T3rdu6hllCA3F5i3zJAiZqXgOGtIqO7oLqtGlwEQdORg6GptO+x1VF9cW2xEHuOhrZ77VTxbg3XIIIJ0IMjYVbsUluxqR5171lW+rFZR2DR81XFkQCwAPLT7tB4Cozhhtmufa/EV71Gpl2C/SAIkDn7qkuDDAA9dd8gVb4V6b+ziX0RfIh9Z/Wfyo90T4enWPJb0ebePOgpu4X9piT7KNdGMbhFd5uYgdncsF5/xVo1ZpXQynCWIPbEx9cGoXwlpY7bGfqw3tgV63FML+2u+tv8A5K1biuEj/EuE+LR/6tVs56YUwlu38nuR1h9PSI+iPCggtj9ld9v/ALKL4DiuH6i52vr/AE/3B+/QduL4XlHruH+uhYaZpeSI7DL/ABa/6RR5/OPX+t9KW24tZ/8AD+2/9dMb8RtR/wAM/wAx/qikkPEVOkaTdEMRoNY29o7zt4UMzopi5daf3VX3iPKjnG8UhuKQqEeBPfEb1TuPO9tD5qT8TSUVsYOhPExkuWrT3CwdC0Kmc2plsgIgkGdd9dNYkvhuIL8tuIC8SpEgD0kBJy7jU7GNaQkusjh07DAyCuhHkRrRbDY89ct0kkwmbvJhQSTzO9c+THbbR1YsySUWdA4rcW2hzB2tmeyGyz6yQCfM0jcEtPexkLbNq1qZ0zSNdMjQffTbf6S2jYfs5uZMiO/noPXQjgWMREa+5aHEJ1YzZBvGo1J56eXOeeT/AMOuC1vsUemjm3imtwWtxMbSfHQ6Un4tiWkiNNANgKcuneMtO6umcvEmVKx3SSIPLQUnYzEZyDGwj8arj66I5++zo/Q3ot1loOWOo5GKZT0OH13+1U3QX/dk8qZw1Mjno5sOhrm+e2Qo5zrT1w5ewpHMAlT3nmp850Puqo135y5/C3wohhLa5R2tRsR+tRpT2Ta2T3EDKVI3BGvj47UldGMd1V57TGO2V/P3U24nEZRuDHcYP3gn2Ug9JlyYyzfTS3iCg10yvmCEHuIP30AHTI7UHZtj+8OXfqon+U99UMehANXLlztIPEn1BSJ9pHtr19ZrGYHRwY796tvAAnmQN+81XFodZoIjf9eqo+LYoIbWu1xSRz5/jQZkScVurattdYwEBInv5CucJji5C22m40nTU5mEE+EDSjX9pmNZzZwls9p3E/AT76m4dwyzgbckjNHac7se4dwoDlfh/ChaUA9t9yOU/vd/lVm5bt6m7cluQGw9lBrnEbt1yqCEO0c/XRfBYVbZKXNSACfXSSQ6IrDKzatAG0UawiJp2qGDCZmlIy0cw/D4A7QnuqMkWTCWGVe+iWHqhhrYWJopZcGgkBk9ZW8VlUoQ+aHAYQwBEeG5EaeNQjB2/qj7R/GpIblB8SxBOndGlYA31V+0f6dK9JpPs41aNPkdr6v+Y/jRXgHCLFy4yusALO/jHORQ0Zt8q/aP9NHOiofrW7Kaod2Phyy61opX0CTddhYdG8H3D7S/hVW70esjULaAiYL5j7lHso4cPc7rXsNROWBILWARuDoapxXwS5P5IeGcHsdRcGW2fS5N9Qfu0I/uix3WvY39NNvDrc27ktZ1LbEx6PnS/fYKYy2m03UsR7c1aka2DTw+1+zT2U0/IrUf4a/ZHMf9/fQB3nWAPATHvNOSYUZQc52H0R3efef1vSySQybYp47hzXcRbt2kQMw20UaTqfV66OYb+z3ncujYyttSde4O39NW+G4Ffl9o5z6D6ZQBpHOaegBMTvU3oNs5N0m6M2rLIloXGJTMzMREEkCAE/dJ37qD43COtq3cRZyqVcAGfSmYjUQde6K6Bxu2zXbls6FQuXxQzBHrkeqqGFwqqCrH9b1yzyNSPQxYYygn5OfYXiAFu5buLKsyMBy7NwMQRHMAj111B+ptWR2Fa2o7KuWVl00XOsmBpuDtuaQuP8HWGuWiIX0l8Z3H4VAOl1wW+rurmIUANzKgaA+I76WceSuI8JcJcZ/6UemWPtXWHVWhbgme0zz3dpuQ1gDvpcuWGHKfKrt+62IuhQNyKIrgCdAJ/KrY8ba2QzZFy0dG6D4q58nXs6RpTP8AK7n1a5TwZMTYOa1cZOZG6kDUyp0OldA4J0qW5lTEKLTtoG+gx5b+gT4yPGmliktk1li9FbB4y4+MNvKADOsctzTe1pguh934EULIFu49zIz5QSFRZYnuArLty7cXNmVZEhVUGPMsDmPjoPCpSkkPHG5vQK4+LogzbZQfpIfcQTS7dujGYe/h8sPbi6klSCPRcLA0jQwfrGh/SO5fV9LrxOsBQN/BRVbgvE7iYi22Q3WzZcq+kyt2WA75UnQ6DfSKCaYZYpQex66E8TN2wisxZ7fYadTuRqfDKutM+MwzXLcI5t3AQyOBMMD9JfpKRII0kE6gwRz21gLmExdxV0S4ZQnx1A8+yfbTPwTjqXPmyctxNMp0JHIjv0iimTLz4x1nrLJVvrIQ9tj3qfSHkyj170qYHFPexuvoqSxU6+hsDyHa86bMagZYLEeVLfRrARcvXoKoYVMx1MTmY+unoVsEYm8tzi1lidBmInkOqLg++iWIwLYljdf/AAVMW0H0u9jPKrPCuG2rhu3AfnMzW2nkmjFQBtIInyonjLnVqqKNBAHlFK0G9AHC2+rIZhAgwseOlR8R4gTeaAwERoRyHlWcXAhMzQ0d/wCu+qeKw1wXLVxlIVyADIMw2s+2lkh4MM4bFDLojAgd48u6rmEUmDJk+H50TxXAVuFjbIRy6r3LAQMdAJmpuillcrkiWR0AM7axUXG2WUtEmHciJ1q4MSo5UF4zi8t64J+kaqNj/Gk6GGn5UK9pX+X+NZRtm0ceQMeW49fnB9VYMO4+k3sX+muhWuFWrejoTsf8Mnx3APcNKkaxhW0ya7f4beH7tex7Z5XunNTab6zexf6aL9FcFmv8j2T9BD/ppoxfB7JOi/5WHwFFOjHDbSXJAE5TyNDhWw+5egdd4Wx0yHeZUIJ+B9VUWwcbpdH8tdG6m3tmHu/Cq+JwCkSGEfrurcwcGKXB+r6u5Bfc8h9XzoCK6HgrUK4zD2N3eVLtxFY9pFJg7g+fnTLYr0Lxp9sGUXf0V1FLbYJCScseU02WOHWzbXs/RXZj3UJ6Gg7IeFj/AG22Y/4bd3hP3U3Os/oUt4DAWxi0YA5gjczGp/KmZrS/qKjLwOr2DeI4JbkEkhl9FgBI7x4gxqPwBC3xrh14A5FzjvT+nf1Cacntr4e6q72x31OWOMuy2PLKHRxTHYS/nKdXc1PNG9+lQW+h2KvXIS0yIN7lwFB6ge0fUK7SyHk3uqtcwwPpMzDuJgesCJHnQjjS8jT9Q5eBIwPRW3atlLZzGDmuEbtEQvgNtNtedbLwwTCjfsr5fSb2aedN5wzXDlUaAaxoAtb4Xh8EuQJ2USNAPzroUlFUczTk7Ap4UshI5S3kNh6zHqBqlxfCqlq4SJyqEXxuXDk9001JhiqsdM521ETsPUKE8a4a1zqkRlyIGZiXibhGUHxgFz5kVlMDiWeg1/NbNpjLW4APfbYSh9zL/JVrDLFsjukewxS09nE2TnstazdpCGuQCkAodtwQ2n7xotw/GBbYF10zxLAPIk6mPXXLmxu9Hb6bIkvyYudJ8FILTz++lvgTi1j7BbbOFn+MZB72FNXHuK2iwtBpdtRGo05SOdIXEMXkvZgPQYEa81g/EVGNxdM68lTipI7NxKwrhZAnNoe7xpF6Q4F7N5LiEmAxkeDAifHtH2VQtdPWu3ER1Ko5Ksd4D6A+okU58V4hZCobjL1brcEs2hZoYAerN7Ks0cDdMzhPGExNuQw6wHK6TBB743g1axPzdshQTpEAEjXxmuc47BqpN/DnOJOoJ1gxtG1FMB0vmFcERvr8KZCteUWeB4m4Mddt69WyZydu0kCV+1B79O6mLE3WBA9IsSF79BPlypWt4yMSL30WQq2XVhmgyAfED20TsY0X7a3LbNqzZcy9rQlZBt8jBrSWwXosXOGi4Mzk5iLccgpYwdAdfX3Uw4fBo1tVuKrZEvZSy/SVhDCdjSXiL1+0PSaNCrG4WXQ6fqKrcT6R3EtZRfuNcY7hioA3IAnnSyQ8ZHWsPo5/+5/6QNUeA4N7SvnZWztacROzudDPOuOr0txY2xF3efTO8R391bJ0wxg2xFz6P0uSmRS8StjT0rxuXGXlnZ/uFCn4ltrS3i+K3Ljm5cYs7aknc+dQ/K/GhwNyGz+8/GspT+V1lbgbkdA44jsIU3dzquTy5CY8KXbFi4G9O/vzAP3eFXEulgAz6+ipa4wOnIgKPjUjYVl/4g/6lzf1NXq8TyrCWFxbCQztpp2oB079NKvYLFObgAYxlbu5eqRvSpxjC3LeQ9bafrFD9m5cYrPJpbQ/ge6rfRp7/WAKFYwdC7RHrY0rpoZJoZLpfMTrRPCzl1qo6YgCTZU+Tz9xqhisbjFBy2Z9c/dSNWOtBq2B2/V8DSxH6/Rq1wC7jLrujW1t7HM7QugOkhTSsuNxhBb5MxVdGYCVGsCSBHlWi0maSbD0b/hTJY4hbCKDmEKPonkBtp31zv8AvXE88O3splwvFLvVqTYYSgmFPcN9aMqYIpoY+HcRtnFIoYyUY+jHdzppN5e+kLgXEzcxaAoVIRvS0mSNhJpwa74D2VKcehlOrLL3RFVmuL3141zwH2TVd28P8hpVELyGPcXlUF7Xn+vbWxjw9hFauBHL2xTULyBvF7LNYuhGKtkMFTB01jSuZNirn7R/tmuqM6z9EebSK5b0h4a1t3a3bW5aLHKVYkxPMTpUsuqOr00XNNpaIce1y3lztcGYZhJbY89aF4nGtlHzjb957qzG8WzgLdtklVygsSCAOXjVBsKpQumsfvbeYIqSmdEsavRMuJP1j7amS4TzoKHIqVMURT8iVDBgLypdtO/oq65vLY/GteM8RF98ypbGXOMpIWBOhgsJkak71SwKG8cig66E8h4k1NjUFmLaXOrILZiVPbBOhlQToNIOlJKnItHlGH1ZFYsWy69WFZs6yCxgCFnLqMwzZtddh505qLdwNhrmVmRkdEzbHXNlM9o5TtO550pYTE22uKEYIxuJLFYzDsgxlByS2Yx40z8aa2l0OCi3GVVzsvZJBJaNDlJUgZo5HaapHo5p9oFcSR8K4AgP28yg5hl0IMEmJBOh7uVD3xVu56SweTL+Hrpgx9609sSyNcSdUEDKwgLsMxHa2HdS1fW2mm/cJ+NaWgwXIcej+BtrY6y6vWdYDlBIACbbEgGRrJ5EVpj8WlsZbLNbAGlsiEInXKRtr3Gkq3xa6hDI5BERrpA0AjujSr93i3XW8j9hiZB5FgNwOXdSx2CUGiziON5lyyUKzCySvvoffxS3LZJ0dSNJ08fdUmB6P3b3aMWxyzAyfUNh50Xs9BLrlB1iZT6bQeyPBeZ9dPT+DLivIp9dWddXZuFf2eYFYL22umIOd2gn60LGtFx/Zxwxv+WjxFy4P9dJ0OnZwHr/ABrOupu/tKwvV4u/ato62rZs5VW2BbQdRbX0wZnlrvPfSUTWCT9dWVBmHeK8rGOi2uFs5J+cHdDOB4EAMAKt3uB3AfTuRA+k2/8AMar8Rx2Kw/ZRlbuMAT6iaG4fpZiyYIUif3fvNek2kzzUpNWHOLcHs2bmE6y5e6t8Oly5lKli5DHs51gSwUa7AmjPCMHZvLcuWLd+w1pM6kvmW4pBBDHKII0MA929XsNdD3cOxNvrf7tQWmcgquJMwG3AYfj4VJwa5i7aYn5biM1w2HKW86tsNWOQZVJMBRue1ppXI5M6VFeS5icllLLObjs9tWKBwoBIlmk684AHcdar8WNiwUdzdui4oZEDBCqED0mGpMnQDuM1DxfioHyTQmcOhMcjGxjY1Y49eVjYI1+ZXaDG+h7jWXLVmfHdFjh2ET5QqBnNq7aW6sntAEMcpI7o99UuH46yMBdZlukK9sPDwS2mqH6K+FEcHi0+U4WWGmG1MjQw2h10PhSx0euLfweJw9sjrSyOqMwXMoOuUsY0jX1d9Db7+jaXX2VEuBiSqkLJygmSF5SRuYjXwpgsDsL/AAjfyH5Ur/K0RihOqMVMaiVJBgjQjxGlX7PHUChd4A5kbeqrtWiEXTCWGMY23zm2e+mRyJ9H4fjSJY42pxtqF0ytrPcNthTJg+JozdqRJ0H6NHg2rJzmlKgrK/VP69dV7zqOR9hopiltpbZ+5ZpSfjKspbKYkfGlxpy2gzqGmEDcQH0Wjv1Hxra5dXXUjTbel/inSXD2AAV7ZWQMogD6zaiBptuY9iViuLYm64dlvG2xbJOVFKlSsgKqzEgg6wQKXJOMXRTFgnNJ6SZ0c37bvkDAsNSuhMDvEzFL3E8TaUqzShdiBlXsEgnRlDCJ1M+FJdo21IUZusAPaAEgkQTIYR3UV4Lj4dMPcurnDB7Vx1zgPqMjgnU6mNee+gmMpRyKmt+DtxRl6d2nrzoM8fS2bLM9i26jZ0kieQIDSKSLViy0HKLc9xb16FtqZekWKuWXC3bi3C4OZraBGA5EyxBoeOid2+FuWrmdCAe0hQxHeYU+o1JYZLwdMvUY2k0zXF9HbT2+ss9sADMJMgnmNNRS0cMMxHVPp3E/00YxFw2gUW7lIlWWCwPeAVBHvoQbYJkOk76BgfetIk1oM3F00XFxbJARXCjuIH+mqvELwuEEh9B3j8KsKp0+cX7R+8Vo9xhoLg+2B8TFMkhJSdURYKwiujl9AysRz0IP40b43xSxdGUF4BmconT+agKXrk+lPP0weXn3VYXFXNBkUx4/g0c6fxohSu2aHFgeixG30AR72qFrgO7Lv+z/AAPlVr5U+/VAzrtPjPP9GtVvN+w9eSfM+jWoNlaV702j0XHw50wdGLlpc+d7CegRmNxfrd/dpt4VTsrm/wCXb1r92T9aVZs2VBAbDaHmd9Ty7NNFbFk9UOmExVgkHrsOSf8AxCJ9ppgwF+1uLlk+VwfjXPDw3DlR8yCRvq+U+cXAfZFDwMIhINqTO8Nprym7ERzMnxqjskuPg7xgipiGT1ODRiyO7XyM1804jG4IsIskiIbcAnvB6xiPVp8aiwz4cKRbNxXkEt1otgr3QREiSdyak1ZVOkM/9p2nEsQvUhs/VAMWWf8ABSSq6EMI0JkaUm28MVhgtwFdSQVMb6j2GiN1QzApcuKIA7WIzxsIkW9Rty5Vp1bGCLrzIXU5iJj93xA+E0VEDkQRiOfXT5D8ayrK2bsf4j/9M/015R4sHIPcWyX9T1eeBGdgOzrtufuoNZ4eitqE7JG1xx7CEHuNDrfEinfr8R4SKnHG5EZQfNR+NdLlFvZCMJJaGe3jbKQs6coxB/1MKvcNW1dvqAz89riHw+uTVDo2iYtbgdEkrlB6tRECAdPVV3hhsWjna0OsN2Fy6Be/WZiPCjbaE0nX2HG4UVbQ3fUEI+BNGLKFVks8gfST4wtD7V8MfR95r3E4XMNHK+qfvpHJdMdQfaNLeIzu83EOg5MO/wDdpQu32kqSCJO6qefiKZeGcPAd/nGO30R3/wAVVLnRgksRcG5Oq/nTcog4SAaXyOSf9NP6a3+VfuW/sAfCiKdHXMjOvLkTvXuE4DLAs4KzqIifXNHkgcH2C8PfnEWjkUQG1UH7zFGbdwFwD9b7634tw9baqUVQZOs/lQxMQcy+Y9s+VXhkio0c2TFKUro6VxnEqmFcseyE+6uTf/V1gLl7Z8hT/wBIHLYK6D+zPwr5/rjeZw/U7F6dT/Yfb/HbeLZQLTMyD5tFUAToC7kzmaAY5CfKBpOKD5bpdVd17T9t1XYhWfXY7TB0qn0KaMUvkaPdPLxK2uWtRdSVs6FJwdIzH8ENtZbsJyZYcnuMFwcx8dqX8WyRkzMO85ASe4yH3+FG26Lu9oXDfJ7MwZPKljEYU2/Sg6TofxFCUUtpFYSlLTLWLx5uwXuyyrlkodQNpida8w+Ldex1/YOmXNcyetcse6hlZWc2+xFFLoKYlFbXrLc+BI+KiqtnCuzBUKux0ADiT7TV7h+AttaUsCXuXQimYCiYYkcyZ9wq7bZbfXm3mRbZCqAdSxkZmPkPfSNosoS7bMxPR8lnFpx2RJV3QHlIBUwYJ30oG+DuAkZDI31B+Bqzw66xdjmM9W0+UjShr70Egzaq0Trh7g1CP5qD8RRQcKui0txrpBc9lQ8mB6TNLCIMCN5NDLD9llIBG9R4dzmGp9tOnsjJaTQXXhV79ppqdWPLw1PfyrVMC5MF1Omkg6g/yTsKJDEOFEMdB3mgmJxz5ic7RppM7aiZp2kiabYzcJsXUaRHI6pvodpQaaGjjvfBU9ka7SoPxFKXC+KMxOpIiO0AavYvH3CR2hv9VffprvTx6JyTsYcXjrgQ7EkbC4O7n245jvpJxOPvksOrWJ5Zm1MRPbM8t6buEW7mJc284Q5C2bLPMCIBXv8AdUXSThCJbsOhbNcUl8zMRICMConTUneeVaW9Ggq2J/WXNZwsxA0RtI13IOuvOozc0/3c6gCcog+23uf1NXrouGXC2zEAzm11nYyOe9Vr99lUEokSPRiddeaz76RqiidkNi7a7WZAukDMJ1iPooPM7VvcbDQIybyf8SfL0V+Iq0mLJ9EkdocwNzEaD+HXw2rd2YATtlZz221AIJ7tSSfbvRVCuyiz4eT2LP2r39VZVi61zMdE3PN/6qytSNbP/9k=\" style=\"width: 290px;\"><br></p>", "2", "1", "1", "2023-11-16 15:43:10", "0", "0000-00-00 00:00:00");
INSERT INTO base_conhecimento VALUES("3", "Cuidar da saúde mental", "<p class=\"generated\" style=\"text-align: left; line-height: 1.6; color: rgb(22, 28, 45); font-family: Nunito, sans-serif;\">Ghosts dots cherry Blinky Pac-Man Power Pellets fruit.&nbsp;Patricia loves the sound of nails strongly pressed against the chalkboard.&nbsp;He was willing to find the depths of the rabbit hole in order to be with her.</p><p class=\"generated\" style=\"text-align: left; line-height: 1.6; color: rgb(22, 28, 45); font-family: Nunito, sans-serif;\">He hated that he loved what she hated about hate.&nbsp;Orange fickle blue guy maze chase.&nbsp;Shadow dots strawberry Pac-Man Midway chaser Pinky kill screen.&nbsp;Poison ivy grew through the fence they said was impenetrable.&nbsp;Arcade cabinets retro Melon dots maza Pac-Man chase red Namco fruit wocka paku-paku 1980.</p><p class=\"generated\" style=\"text-align: left; line-height: 1.6; color: rgb(22, 28, 45); font-family: Nunito, sans-serif;\">Shadow pink ghosts kill screen yellow disk video game maze console power up dots Midway.&nbsp;Orange fickle blue guy maze chase.&nbsp;He found his art never progressed when he literally used his sweat and tears.&nbsp;He had a hidden stash underneath the floorboards in the back room of the house.</p><p class=\"generated\" style=\"text-align: left; line-height: 1.6; color: rgb(22, 28, 45); font-family: Nunito, sans-serif;\">Shadow pink ghosts kill screen yellow disk video game maze console power up dots Midway.&nbsp;Ghosts dots cherry Blinky Pac-Man Power Pellets fruit.&nbsp;The old apple revels in its authority.&nbsp;She learned that water bottles are no longer just to hold liquid, but theyre also status symbols.</p><p class=\"generated\" style=\"text-align: left; line-height: 1.6; color: rgb(22, 28, 45); font-family: Nunito, sans-serif;\">The beauty of the sunset was obscured by the industrial cranes.&nbsp;Key Crybaby slow guy maze dots Power Pellets flash Midway chaser Pinky cherry Puck Man ghosts.&nbsp;The external scars tell only part of the story.&nbsp;I think I will buy the red car, or I will lease the blue one.&nbsp;Orange fickle blue guy maze chase.</p><p class=\"generated\" style=\"text-align: left; line-height: 1.6; color: rgb(22, 28, 45); font-family: Nunito, sans-serif;\">Shadow dots strawberry Pac-Man Midway chaser Pinky kill screen.&nbsp;Orange fickle blue guy maze chase.</p><p class=\"generated\" style=\"text-align: left; line-height: 1.6; color: rgb(22, 28, 45); font-family: Nunito, sans-serif;\"><img src=\"data:image/jpeg;base64,/9j/4AAQSkZJRgABAQAAAQABAAD/4gHYSUNDX1BST0ZJTEUAAQEAAAHIAAAAAAQwAABtbnRyUkdCIFhZWiAH4AABAAEAAAAAAABhY3NwAAAAAAAAAAAAAAAAAAAAAAAAAAAAAAAAAAAAAQAA9tYAAQAAAADTLQAAAAAAAAAAAAAAAAAAAAAAAAAAAAAAAAAAAAAAAAAAAAAAAAAAAAAAAAAAAAAAAAAAAAlkZXNjAAAA8AAAACRyWFlaAAABFAAAABRnWFlaAAABKAAAABRiWFlaAAABPAAAABR3dHB0AAABUAAAABRyVFJDAAABZAAAAChnVFJDAAABZAAAAChiVFJDAAABZAAAAChjcHJ0AAABjAAAADxtbHVjAAAAAAAAAAEAAAAMZW5VUwAAAAgAAAAcAHMAUgBHAEJYWVogAAAAAAAAb6IAADj1AAADkFhZWiAAAAAAAABimQAAt4UAABjaWFlaIAAAAAAAACSgAAAPhAAAts9YWVogAAAAAAAA9tYAAQAAAADTLXBhcmEAAAAAAAQAAAACZmYAAPKnAAANWQAAE9AAAApbAAAAAAAAAABtbHVjAAAAAAAAAAEAAAAMZW5VUwAAACAAAAAcAEcAbwBvAGcAbABlACAASQBuAGMALgAgADIAMAAxADb/2wBDAAEBAQEBAQEBAQEBAQEBAQEBAQEBAQEBAQEBAQEBAQEBAQEBAQEBAQEBAQEBAQEBAQEBAQEBAQEBAQEBAQEBAQH/2wBDAQEBAQEBAQEBAQEBAQEBAQEBAQEBAQEBAQEBAQEBAQEBAQEBAQEBAQEBAQEBAQEBAQEBAQEBAQEBAQEBAQEBAQH/wAARCAWgCgADAREAAhEBAxEB/8QAHwABAAEDBQEBAAAAAAAAAAAAAAoICQsCAwQFBwYB/8QAeBABAAEDAwMCBAMDBQgICggnAAECAwQFBhEHCBIJIQoTIjEUQVEVMmEWI0JxgRcYOXeRobG0GiQzUmJywdEZJSZDV5KWteHwJzQ1NzhWWHN2eIKX1uLnKTZEVGhpdHWEk5SVmKKksrPT1fEoRUZHU2NkZYOow+P/xAAUAQEAAAAAAAAAAAAAAAAAAAAA/8QAFBEBAAAAAAAAAAAAAAAAAAAAAP/aAAwDAQACEQMRAD8Ax/4AAAAAAAAAAAAAAAAAAAAAAAAAAAAAAAAAAAAAAAAAAAAAAAAAAAAAAAAAAAAAAAAAAAAAAAAAAAAAAAAAAAAAAAAAAAAAAAAAAAAAAAAAAAAAAAAAAAAAAAAAAAAAAAAAAAAAAAAAAAAAAAAAAAAAAAAAAAAAAAAAAAAAAAAAAAAAAAAAAAAAAAAAAAAAAAAAAAAAAAAAAAAAAAAAAAAAAAAAAAAAAAAAAAAAAAAAAAAAAAAAAAAAAAAAAAAAAAAAAAAAAAAAAAAAAAAAAAAAAAAAAAAAAAAAAAAAAAAAAAAAAAAAAAAAAAAAAAAAAAAAAAAAAAAAAAAAAAAAAAAAAAAAAAAAAAAAAAAAAAAAAAAAAAAAAAAAAAAAAAAAAAAAAAAAAAAAAAAAAAAAAAAAAAAAAAAAAAAAAAAAAAAAAAAAAAAAAAAAAAAAAAAAAAAAAAAAAAAAAAAAAAAAAAAAAAAAAAAAAAAAAAAAAAAAAAAAAAAAAAAAAAAAAAAAAAAAAAAAAAAAAAAAAAAAAAAAAAAAAAAAAAAAAAAAAAAAAAAAAAAAAAAAAAAAAAAAAAAAAAAAAAAAAAAAAAAAAAAAAAAAAAAAAAAAAAAAAAAAAAAAAAAAAAAAAAAAAAAAAAAAAAAAAAAAAAAAAAAAAAAAAAAAAAAAAAAAAAAAAAAAAAAAAAAAAAAAAAAAAAAAAAAAAAAAAAAAAAAAAAAAAAAAAAAAAAAAAAAAAAAAAAAAAAAAAAAAAAAAAAAAAAAAAAAAAAAAAAAAAAAAAAAAAAAAAAAAAAAAAAAAAAAAAAAAAAAAAAAAAAAAAAAAAAAAAAAAAAAAAAAAAAAAAAAAAAAAAAAAAAAAAAAAAAAAAAAAAAAAAAAAAAAAAAAAAAAAAAAAAAAAAAAAAAAAAAAAAAAAAAAAAAAAAAAAAAAAAAAAAAAAAAAAAAAAAAAAAAAAAAAAAAAAAAAAAAAAAAAAAAAAAAAAAAAAAAAAAAAAAAAAAAAAAAAAAAAAAAAAAAAAAAAAAAAAAAAAAAAAAAAAAAAAAAAAAAAAAAAAAAAAAAAAAAAAAAAAAAAAAAAAAAAAAAAAAAAAAAAAAAAAAAAAAAAAAAAAAAAAAAAAAAAAAAAAAAAAAAAAAAAAAAAAAAAAAAAAAAAAAAAAAAAAAAAAAAAAAAAAAAAAAAAAAAAAAAAAAAAAAAAAAAAAAAAAAAAAAAAAAAAAAAAAAAAAAAAAAAAAAAAAAAAAAAAAAAAAAAAAAAAAAAAAAAAAAAAAAAAAAAAAAAAAAAAAAAAAAAAAAAAAAAAAAAAAAAAAAAAAAAAAAAAAAAAAAAAAAAAAAAAAAAAAAAAAAAAAAAAAAAAAAAAAAAAAAAAAAAAAAAAAAAAAAAAAAAAAAAAAAAAAAAAAAAAAAAAAAAAAAAAAAAAAAAAAAAAAAAAAAAAAAAAAAAAAAAAAAAAAAAAAAAAAAAAAAAAAAAAAAAAAAAAAAAAAAAAAAAAAAAAAAAAAAAAAAAAAAAAAAAAAAAAAAAAAAAAAAAAAAAAAAAAAAAAAAAAAAAAAAAAAAAAAAAAAAAAAAAAAAAAAAAAAAAAAAAAAAAAAAAAAAAAAAAAAAAAAAAAAAAAAAAAAAAAAAAAAAAAAAAAAAAAAAAAAAAAAAAAAAAAAAAAAAAAAAAAAAAAAAAAAAAAAAAAAAAAAAAAAAAAAAAAAAAAAAAAAAAAAAAAAAAAAAAAAAAAAAAAAAAAAAAAAAAAAAAAAAAAAAAAAAAAAAAAAAAAAAAAAAAAAAAAAAAAAAAAAAAAAAAAAAAAAAAAAAAAAAAAAAAAAAAAAAAAAAAAAAAAAAAAAAAAAAAAAAAAAAAAAAAAAAAAAAAAAAAAAAAAAAAAAAAAAAAAAAAAAAAAAAAAAAAAAAAAAAAAAAAAAAAAAAAAAAAAAAAAAAAAAAAAAAAAAAAAAAAAAAAAAAAAAAAAAAAAAAAAAAAAAAAAAAAAAAAAAAAAAAAAAAAAAAAAAAAAAAAAAAAAAAAAAAAAAAAAAAAAAAAAAAAAAAAAAAAAAAAAAAAAAAAAAAAAAAAAAAAAAAAAAAAAAAAAAAAAAAAAAAAAAAAAAAAAAAAAAAAAAAAAAAAAAAAAAAAAAAAAAAAAAAAAAAAAAAAAAAAAAAAAAAAAAAAAAAAAAAAAAAAAAAAAAAAAAAAAAAAAAAAAAAAAAAAAAAAAAAAAAAAAAAAAAAAAAAAAAAAAAAAAAAAAAAAAAAAAAAAAAAAAAAAAAAAAAAAAAAAAAAAAAAAAAAAAAAAAAAAAAAAAAAAAAAAAAAAAAAAAAAAAAAAAAAAAAAAAAAAAAAAAAAAAAAAAAAAAAAAAAAAAAAAAAAAAAAAAAAAAAAAAAAAAAAAAAAAAAAAAAAAAAAAAAAAAAAAAAAAAAAAAAAAAAAAAAAAAAAAAAAAAAAAAAAAAAAAAAAAAAAAAAAAAAAAAAAAAAAAAAAAAAAAAAAAAAAAAAAAAAAAAAAAAAAAAAAAAAAAAAAAAAAAAAAAAAAAAAAAAAAAAAAAAAAAAAAAAAAAAAAAAAAAAAAAAAAAAAAAAAAAAAAAAAAAAAAAAAAAAAAAAAAAAAAAAAAAAAAAAAAAAAAAAAAAAAAAAAAAAAAAAAAAAAAAAAAAAAAAAAAAAAAAAAAAAAAAAAAAAAAAAAAAAAAAAAAAAAAAAAAAAAAAAAAAAAAAAAAAAAAAAAAAAAAAAAAAAAAAAAAAAAAAAAAAAAAAAAAAAAAAAAAAAAAAAAAAAAAAAAAAAAAAAAAAAAAAAAAAAAAAAAAAAAAAAAAAAAAAAAAAAAAAAAAAAAAAAAAAAAAAAAAAAAAAAAAAAAAAAAAAAAAAAAAAAAAAAAAAAAAAAAAAAAAAAAAAAAAAAAAAAAAAAAAAAAAAAAAAAAAAAAAAAAAAAAAAAAAAAAAAAAAAAAAAAAAAAAAAAAAAAAAAAAAAAAAAAAAAAAAAAAAAAAAAAAAAAAAAAAAAAAAAAAAAAAAAAAAAAAAAAAAAAAAAAAAAAAAAAAAAAAAAAAAAAAAAAAAAAAAAAAAAAAAAAAAAAAAAAAAAAAAAAAAAAAAAAAAAAAAAAAAAAAAAAAAAAAAAAAAAAAAAAAAAAAAAAAAAAAAAAAAAAAAAAAAAAAAAAAAAAAAAAAAAAAAAAAAAAAAAAAAAAAAAAAAAAAAAAAAAAAAAAAAAAAAAAAAAAAAAAAAAAAAAAAAAAAAAAAAAAAAAAAAAAAAAAAAAAAAAAAAAAAAAAAAAAAAAAAAAAAAAAAAAAAAAAAAAAAAAAAAAAAAAAAAAAAAAAAAAAAAAAAAAAAAAAAAAAAAAAAAAAAAAAAAAAAAAAAAAAAAAAAAAAAAAAAAAAAAAAAAAAAAAAAAAAAAAAAAAAAAAAAAAAAAAAAAAAAAAAAAAAAAAAAAAAAAAAAAAAAAAAAAAAAAAAAAAAAAAAAAAAAAAAAAAAAAAAAAAAAAAAAAAAAAAAAAAAAAAAAAAAAAAAAAAAAAAAAAAAAAAAAAAAAAAAAAAAAAAAAAAAAAAAAAAAAAAAAAAAAAAAAAAAAAAAAAAAAAAAAAAAAAAAAAAAAAAAAAAAAAAAAAAAAAAAAAAAAAAAAAAAAAAAAAAAAAAAAAAAAAAAAAAAAAAAAAAAAAAAAAAAAAAAAAAAAAAAAAAAAAAAAAAAAAAAAAAAAAAAAAAAAAAAAAAAAAAAAAAAAAAAAAAAAAAAAAAAAAAAAAAAAAAAAAAAAAAAAAAAAAAAAAAAAAAAAAAAAAAAAAAAAAAAAAAAAAAAAAAAAAAAAAAAAAAAAAAAAAAAAAAAAAAAAAAAAAAAAAAAAAAAAAAAAAAAAAAAAAAAAAAAAAAAAAAAAAAAAAAAAAAAAAAAAAAAAAAAAAAAAAAAAAAAAAAAAAAAAAAAAAAAAAAAAAAAAAAAAAAAAAAAAAAAAAAAAAAAAAAAAAAAAAAAAAAAAAAAAAAAAAAAAAAAAAAAAAAAAAAAAAAAAAAAAAAAAAAAAAAAAAAAAAAAAAAAAAAAAAAAAAAAAAAAAAAAAAAAAAAAAAAAAAAAAAAAAAAAAAAAAAAAAAAAAAAAAAAAAAAAAAAAAAAAAAAAAAAAAAAAAAAAAAAAAAAAAAAAAAAAAAAAAAAAAAAAAAAAAAAAAAAAAAAAAAAAAAAAAAAAAAAAAAAAAAAAAAAAAAAAAAAAAAAAAAAAAAAAAAAAAAAAAAAAAAAAAAAAAAAAAAAAAAAAAAAAAAAAAAAAAAAAAAAAAAAAAAAAAAAAAAAAAAAAAAAAAAAAAAAAAAAAAAAAAAAAAAAAAAAAAAAAAAAAAAAAAAAAAAAAAAAAAAAAAAAAAAAAAAAAAAAAAAAAAAAAAAAAAAAAAAAAAAAAAAAAAAAAAAAAAAAAAAAAAAAAAAAAAAAAAAAAAAAAAAAAAAAAAAAAAAAAAAAAAAAAAAAAAAAAAAAAAAAAAAAAAAAAAAAAAAAAAAAAAAAAAAAAAAAAAAAAAAAAAAAAAAAAAAAAAAAAAAAAAAAAAAAAAAAAAAAAAAAAAAAAAAAAAAAAAAAAAAAAAAAAAAAAAAAAAAAAAAAAAAAAAAAAAAAAAAAAAAAAAAAAAAAAAAAAAAAAAAAAAAAAAAAAAAAAAAAAAAAAAAAAAAAAAAAAAAAAAAAAAAAAAAAAAAAAAAAAAAAAAAAAAAAAAAAAAAAAAAAAAAAAAAAAAAAAAAAAAAAAAAAAAAAAAAAAAAAAAAAAAAAAAAAAAAAAAAAAAAAAAAAAAAAAAAAAAAAAAAAAAAAAAAAAAAAAAAAAAAAAAAAAAAAAAAAAAAAAAAAAAAAAAAAAAAAAAAAAAAAAAAAAAAAAAAAAAAAAAAAAAAAAAAAAAAAAAAAAAAAAAAAAAAAAAAAAAAAAAAAAAAAAAAAAAAAAAAAAAAAAAAAAAAAAAAAAAAAAAAAAAAAAAAAAAAAAAAAAAAAAAAAAAAAAAAAAAAAAAAAAAAAAAAAAAAAAAAAAAAAAAAAAAAAAAAAAAAAAAAAAAAAAAAAAAAAAAAAAAAAAAAAAAAAAAAAAAAAAAAAAAAAAAAAAAAAAAAAAAAAAAAAAAAAAAAAAAAAAAAAAAAAAAAAAAAAAAAAAAAAAAAAAAAAAAAAAAAAAAAAAAAAAAAAAAAAAAAAAAAAAAAAAAAAAAAAAAAAAAAAAAAAAAAAAAAAAAAAAAAAAAAAAAAAAAAAAAAAAAAAAAAAAAAAAAAAAAAAAAAAAAAAAAAAAAAAAAAAAAAAAAAAAAAAAAAAAAAAAAAAAAAAAAAAAAAAAAAAAAAAAAAAAAAAAAAAAAAAAAAAAAAAAAAAAAAAAAAAAAAAAAAAAAAAAAAAAAAAAAAAAAAAAAAAAAAAAAAAAAAAAAAAAAAAAAAAAAAAAAAAAAAAAAAAAAAAAAAAAAAAAAAAAAAAAAAAAAAAAAAAAAAAAAAAAAAAAAAAAAAAAAAAAAAAAAAAAAAAAAAAAAAAAAAAAAAAAAAAAAAAAAAAAAAAAAAAAAAAAAAAAAAAAAAAAAAAAAAAAAAAAAAAAAAAAAAAAAAAAAAAAAAAAAAAAAAAAAAAAAAAAAAAAAAAAAAAAAAAAAAAAAAAAAAAAAAAAAAAAAAAAAAAAAAAAAAAAAAAAAAAAAAAAAAAAAAAAAAAAAAAAAAAAAAAAAAAAAAAAAAAAAAAAAAAAAAAAAAAAAAAAAAAAAAAAAAAAAAAAAAAAAAAAAAAAAAAAAAAAAAAAAAAAAAAAAAAAAAAAAAAAAAAAAAAAAAAAAAAAAAAAAAAAAAAAAAAAAAAAAAAAAAAAAAAAAAAAAAAAAAAAAAAAAAAAAAAAAAAAAAAAAAAAAAAAAAAAAAAAAAAAAAAAAAAAAAAAAAAAAAAAAAAAAAAAAAAAAAAAAAAAAAAAAAAAAAAAAAAAAAAAAAAAAAAAAAAAAAAAAAAAAAAAAAAAAAAAAAAAAAAAAAAAAAAAAAAAAAAAAAAAAAAAAAAAAAAAAAAAAAAAAAAAAAAAAAAAAAAAAAAAAAAAAAAAAAAAAAAAAAAAAAAAAAAAAAAAAAAAAAAAAAAAAAAAAAAAAAAAAAAAAAAAAAAAAAAAAAAAAAAAAAAAAAAAAAAAAAAAAAAAAAAAAAAAAAAAAAAAAAAAAAAAAAAAAAAAAAAAAAAAAAAAAAAAAAAAAAAAAAAAAAAAAAAAAAAAAAAAAAAAAAAAAAAAAAAAAAAAAAAAAAAAAAAAAAAAAAAAAAAAAAAAAAAAAAAAAAAAAAAAAAAAAAAAAAAAAAAAAAAAAAAAAAAAAAAAAAAAAAAAAAAAAAAAAAAAAAAAAAAAAAAAAAAAAAAAAAAAAAAAAAAAAAAAAAAAAAAAAAAAAAAAAAAAAAAAAAAAAAAAAAAAAAAAAAAAAAAAAAAAAAAAAAAAAAAAAAAAAAAAAAAAAAAAAAAAAAAAAAAAAAAAAAAAAAAAAAAAAAAAAAAAAAAAAAAAAAAAAAAAAAAAAAAAAAAAAAAAAAAAAAAAAAAAAAAAAAAAAAAAAAAAAAAAAAAAAAAAAAAAAAAAAAAAAAAAAAAAAAAAAAAAAAAAAAAAAAAAAAAAAAAAAAAAAAAAAAAAAAAAAAAAAAAAAAAAAAAAAAAAAAAAAAAAAAAAAAAAAAAAAAAAAAAAAAAAAAAAAAAAAAAAAAAAAAAAAAAAAAAAAAAAAAAAAAAAAAAAAAAAAAAAAAAAAAAAAAAAAAAAAAAAAAAAAAAAAAAAAAAAAAAAAAAAAAAAAAAAAAAAAAAAAAAAAAAAAAAAAAAAAAAAAAAAAAAAAAAAAAAAAAAAAAAAAAAAAAAAAAAAAAAAAAAAAAAAAAAAAAAAAAAAAAAAAAAAAAAAAAAAAAAAAAAAAAAAAAAAAAAAAAAAAAAAAAAAAAAAAAAAAAAAAAAAAAAAAAAAAAAAAAAAAAAAAAAAAAAAAAAAAAAAAAAAAAAAAAAAAAAAAAAAAAAAAAAAAAAAAAAAAAAAAAAAAAAAAAAAAAAAAAAAAAAAAAAAAAAAAAAAAAAAAAAAAAAAAAAAAAAAAAAAAAAAAAAAAAAAAAAAAAAAAAAAAAAAAAAAAAAAAAAAAAAAAAAAAAAAAAAAAAAAAAAAAAAAAAAAAAAAAAAAAAAAAAAAAAAAAAAAAAAAAAAAAAAAAAAAAAAAAAAAAAAAAAAAAAAAAAAAAAAAAAAAAAAAAAAAAAAAAAAAAAAAAAAAAAAAAAAAAAAAAAAAAAAAAAAAAAAAAAAAAAAAAAAAAAAAAAAAAAAAAAAAAAAAAAAAAAAAAAAAAAAAAAAAAAAAAAAAAAAAAAAAAAAAAAAAAAAAAAAAAAAAAAAAAAAAAAAAAAAAAAAAAAAAAAAAAAAAAAAAAAAAAAAAAAAAAAAAAAAAAAAAAAAAAAAAAAAAAAAAAAAAAAAAAAAAAAAAAAAAAAAAAAAAAAAAAAAAAAAAAAAAAAAAAAAAAAAAAAAAAAAAAAAAAAAAAAAAAAAAAAAAAAAAAAAAAAAAAAAAAAAAAAAAAAAAAAAAAAAAAAAAAAAAAAAAAAAAAAAAAAAAAAAAAAAAAAAAAAAAAAAAAAAAAAAAAAAAAAAAAAAAAAAAAAAAAAAAAAAAAAAAAAAAAAAAAAAAAAAAAAAAAAAAAAAAAAAAAAAAAAAAAAAAAAAAAAAAAAAAAAAAAAAAAAAAAAAAAAAAAAAAAAAAAAAAAAAAAAAAAAAAAAAAAAAAAAAAAAAAAAAAAAAAAAAAAAAAAAAAAAAAAAAAAAAAAAAAAAAAAAAAAAAAAAAAAAAAAAAAAAAAAAAAAAAAAAAAAAAAAAAAAAAAAAAAAAAAAAAAAAAAAAAAAAAAAAAAAAAAAAAAAAAAAAAAAAAAAAAAAAAAAAAAAAAAAAAAAAAAAAAAAAAAAAAAAAAAAAAAAAAAAAAAAAAAAAAAAAAAAAAAAAAAAAAAAAAAAAAAAAAAAAAAAAAAAAAAAAAAAAAAAAAAAAAAAAAAAAAAAAAAAAAAAAAAAAAAAAAAAAAAAAAAAAAAAAAAAAAAAAAAAAAAAAAAAAAAAAAAAAAAAAAAAAAAAAAAAAAAAAAAAAAAAAAAAAAAAAAAAAAAAAAAAAAAAAAAAAAAAAAAAAAAAAAAAAAAAAAAAAAAAAAAAAAAAAAAAAAAAAAAAAAAAAAAAAAAAAAAAAAAAAAAAAAAAAAAAAAAAAAAAAAAAAAAAAAAAAAAAAAAAAAAAAAAAAAAAAAAAAAAAAAAAAAAAAAAAAAAAAAAAAAAAAAAAAAAAAAAAAAAAAAAAAAAAAAAAAAAAAAAAAAAAAAAAAAAAAAAAAAAAAAAAAAAAAAAAAAAAAAAAAAAAAAAAAAAAAAAAAAAAAAAAAAAAAAAAAAAAAAAAAAAAAAAAAAAAAAAAAAAAAAAAAAAAAAAAAAAAAAAAAAAAAAAAAAAAAAAAAAAAAAAAAAAAAAAAAAAAAAAAAAAAAAAAAAAAAAAAAAAAAAAAAAAAAAAAAAAAAAAAAAAAAAAAAAAAAAAAAAAAAAAAAAAAAAAAAAAAAAAAAAAAAAAAAAAAAAAAAAAAAAAAAAAAAAAAAAAAAAAAAAAAAAAAAAAAAAAAAAAAAAAAAAAAAAAAAAAAAAAAAAAAAAAAAAAAAAAAAAAAAAAAAAAAAAAAAAAAAAAAAAAAAAAAAAAAAAAAAAAAAAAAAAAAAAAAAAAAAAAAAAAAAAAAAAAAAAAAAAAAAAAAAAAAAAAAAAAAAAAAAAAAAAAAAAAAAAAAAAAAAAAAAAAAAAAAAAAAAAAAAAAAAAAAAAAAAAAAAAAAAAAAAAAAAAAAAAAAAAAAAAAAAAAAAAAAAAAAAAAAAAAAAAAAAAAAAAAAAAAAAAAAAAAAAAAAAAAAAAAAAAAAAAAAAAAAAAAAAAAAAAAAAAAAAAAAAAAAAAAAAAAAAAAAAAAAAAAAAAAAAAAAAAAAAAAAAAAAAAAAAAAAAAAAAAAAAAAAAAAAAAAAAAAAAAAAAAAAAAAAAAAAAAAAAAAAAAAAAAAAAAAAAAAAAAAAAAAAAAAAAAAAAAAAAAAAAAAAAAAAAAAAAAAAAAAAAAAAAAAAAAAAAAAAAAAAAAAAAAAAAAAAAAAAAAAAAAAAAAAAAAAAAAAAAAAAAAAAAAAAAAAAAAAAAAAAAAAAAAAAAAAAAAAAAAAAAAAAAAAAAAAAAAAAAAAAAAAAAAAAAAAAAAAAAAAAAAAAAAAAAAAAAAAAAAAAAAAAAAAAAAAAAAAAAAAAAAAAAAAAAAAAAAAAAAAAAAAAAAAAAAAAAAAAAAAAAAAAAAAAAAAAAAAAAAAAAAAAAAAAAAAAAAAAAAAAAAAAAAAAAAAAAAAAAAAAAAAAAAAAAAAAAAAAAAAAAAAAAAAAAAAAAAAAAAAAAAAAAAAAAAAAAAAAAAAAAAAAAAAAAAAAAAAAAAAAAAAAAAAAAAAAAAAAAAAAAAAAAAAAAAAAAAAAAAAAAAAAAAAAAAAAAAAAAAAAAAAAAAAAAAAAAAAAAAAAAAAAAAAAAAAAAAAAAAAAAAAAAAAAAAAAAAAAAAAAAAAAAAAAAAAAAAAAAAAAAAAAAAAAAAAAAAAAAAAAAAAAAAAAAAAAAAAAAAAAAAAAAAAAAAAAAAAAAAAAAAAAAAAAAAAAAAAAAAAAAAAAAAAAAAAAAAAAAAAAAAAAAAAAAAAAAAAAAAAAAAAAAAAAAAAAAAAAAAAAAAAAAAAAAAAAAAAAAAAAAAAAAAAAAAAAAAAAAAAAAAAAAAAAAAAAAAAAAAAAAAAAAAAAAAAAAAAAAAAAAAAAAAAAAAAAAAAAAAAAAAAAAAAAAAAAAAAAAAAAAAAAAAAAAAAAAAAAAAAAAAAAAAAAAAAAAAAAAAAAAAAAAAAAAAAAAAAAAAAAAAAAAAAAAAAAAAAAAAAAAAAAAAAAAAAAAAAAAAAAAAAAAAAAAAAAAAAAAAAAAAAAAAAAAAAAAAAAAAAAAAAAAAAAAAAAAAAAAAAAAAAAAAAAAAAAAAAAAAAAAAAAAAAAAAAAAAAAAAAAAAAAAAAAAAAAAAAAAAAAAAAAAAAAAAAAAAAAAAAAAAAAAAAAAAAAAAAAAAAAAAAAAAAAAAAAAAAAAAAAAAAAAAAAAAAAAAAAAAAAAAAAAAAAAAAAAAAAAAAAAAAAAAAAAAAAAAAAAAAAAAAAAAAAAAAAAAAAAAAAAAAAAAAAAAAAAAAAAAAAAAAAAAAAAAAAAAAAAAAAAAAAAAAAAAAAAAAAAAAAAAAAAAAAAAAAAAAAAAAAAAAAAAAAAAAAAAAAAAAAAAAAAAAAAAAAAAAAAAAAAAAAAAAAAAAAAAAAAAAAAAAAAAAAAAAAAAAAAAAAAAAAAAAAAAAAAAAAAAAAAAAAAAAAAAAAAAAAAAAAAAAAAAAAAAAAAAAAAAAAAAAAAAAAAAAAAAAAAAAAAAAAAAAAAAAAAAAAAAAAAAAAAAAAAAAAAAAAAAAAAAAAAAAAAAAAAAAAAAAAAAAAAAAAAAAAAAAAAAAAAAAAAAAAAAAAAAAAAAAAAAAAAAAAAAAAAAAAAAAAAAAAAAAAAAAAAAAAAAAAAAAAAAAAAAAAAAAAAAAAAAAAAAAAAAAAAAAAAAAAAAAAAAAAAAAAAAAAAAAAAAAAAAAAAAAAAAAAAAAAAAAAAAAAAAAAAAAAAAAAAAAAAAAAAAAAAAAAAAAAAAAAAAAAAAAAAAAAAAAAAAAAAAAAAAAAAAAAAAAAAAAAAAAAAAAAAAAAAAAAAAAAAAAAAAAAAAAAAAAAAAAAAAAAAAAAAAAAAAAAAAAAAAAAAAAAAAAAAAAAAAAAAAAAAAAAAAAAAAAAAAAAAAAAAAAAAAAAAAAAAAAAAAAAAAAAAAAAAAAAAAAAAAAAAAAAAAAAAAAAAAAAAAAAAAAAAAAAAAAAAAAAAAAAAAAAAAAAAAAAAAAAAAAAAAAAAAAAAAAAAAAAAAAAAAAAAAAAAAAAAAAAAAAAAAAAAAAAAAAAAAAAAAAAAAAAAAAAAAAAAAAAAAAAAAAAAAAAAAAAAAAAAAAAAAAAAAAAAAAAAAAAAAAAAAAAAAAAAAAAAAAAAAAAAAAAAAAAAAAAAAAAAAAAAAAAAAAAAAAAAAAAAAAAAAAAAAAAAAAAAAAAAAAAAAAAAAAAAAAAAAAAAAAAAAAAAAAAAAAAAAAAAAAAAAAAAAAAAAAAAAAAAAAAAAAAAAAAAAAAAAAAAAAAAAAAAAAAAAAAAAAAAAAAAAAAAAAAAAAAAAAAAAAAAAAAAAAAAAAAAAAAAAAAAAAAAAAAAAAAAAAAAAAAAAAAAAAAAAAAAAAAAAAAAAAAAAAAAAAAAAAAAAAAAAAAAAAAAAAAAAAAAAAAAAAAAAAAAAAAAAAAAAAAAAAAAAAAAAAAAAAAAAAAAAAAAAAAAAAAAAAAAAAAAAAAAAAAAAAAAAAAAAAAAAAAAAAAAAAAAAAAAAAAAAAAAAAAAAAAAAAAAAAAAAAAAAAAAAAAAAAAAAAAAAAAAAAAAAAAAAAAAAAAAAAAAAAAAAAAAAAAAAAAAAAAAAAAAAAAAAAAAAAAAAAAAAAAAAAAAAAAAAAAAAAAAAAAAAAAAAAAAAAAAAAAAAAAAAAAAAAAAAAAAAAAAAAAAAAAAAAAAAAAAAAAAAAAAAAAAAAAAAAAAAAAAAAAAAAAAAAAAAAAAAAAAAAAAAAAAAAAAAAAAAAAAAAAAAAAAAAAAAAAAAAAAAAAAAAAAAAAAAAAAAAAAAAAAAAAAAAAAAAAAAAAAAAAAAAAAAAAAAAAAAAAAAAAAAAAAAAAAAAAAAAAAAAAAAAAAAAAAAAAAAAAAAAAAAAAAAAAAAAAAAAAAAAAAAAAAAAAAAAAAAAAAAAAAAAAAAAAAAAAAAAAAAAAAAAAAAAAAAAAAAAAAAAAAAAAAAAAAAAAAAAAAAAAAAAAAAAAAAAAAAAAAAAAAAAAAAAAAAAAAAAAAAAAAAAAAAAAAAAAAAAAAAAAAAAAAAAAAAAAAAAAAAAAAAAAAAAAAAAAAAAAAAAAAAAAAAAAAAAAAAAAAAAAAAAAAAAAAAAAAAAAAAAAAAAAAAAAAAAAAAAAAAAAAAAAAAAAAAAAAAAAAAAAAAAAAAAAAAAAAAAAAAAAAAAAAAAAAAAAAAAAAAAAAAAAAAAAAAAAAAAAAAAAAAAAAAAAAAAAAAAAAAAAAAAAAAAAAAAAAAAAAAAAAAAAAAAAAAAAAAAAAAAAAAAAAAAAAAAAAAAAAAAAAAAAAAAAAAAAAAAAAAAAAAAAAAAAAAAAAAAAAAAAAAAAAAAAAAAAAAAAAAAAAAAAAAAAAAAAAAAAAAAAAAAAAAAAAAAAAAAAAAAAAAAAAAAAAAAAAAAAAAAAAAAAAAAAAAAAAAAAAAAAAAAAAAAAAAAAAAAAAAAAAAAAAAAAAAAAAAAAAAAAAAAAAAAAAAAAAAAAAAAAAAAAAAAAAAAAAAAAAAAAAAAAAAAAAAAAAAAAAAAAAAAAAAAAAAAAAAAAAAAAAAAAAAAAAAAAAAAAAAAAAAAAAAAAAAAAAAAAAAAAAAAAAAAAAAAAAAAAAAAAAAAAAAAAAAAAAAAAAAAAAAAAAAAAAAAAAAAAAAAAAAAAAAAAAAAAAAAAAAAAAAAAAAAAAAAAAAAAAAAAAAAAAAAAAAAAAAAAAAAAAAAAAAAAAAAAAAAAAAAAAAAAAAAAAAAAAAAAAAAAAAAAAAAAAAAAAAAAAAAAAAAAAAAAAAAAAAAAAAAAAAAAAAAAAAAAAAAAAAAAAAAAAAAAAAAAAAAAAAAAAAAAAAAAAAAAAAAAAAAAAAAAAAAAAAAAAAAAAAAAAAAAAAAAAAAAAAAAAAAAAAAAAAAAAAAAAAAAAAAAAAAAAAAAAAAAAAAAAAAAAAAAAAAAAAAAAAAAAAAAAAAAAAAAAAAAAAAAAAAAAAAAAAAAAAAAAAAAAAAAAAAAAAAORa94jiKpmiZ5ny8aKYq496p4n2nj3/XiIB3enaNnarftYWBp+Tn5ddUU2KdMxrub8y5XMRTb+TbpifKqfby8p4mPtPIKwOkvp2d6fXG7Yjp327dSNw0ZtVNFnLs6Hm2sW5FfHj/ORYuRTTPlzzMT7T/kC6Z0i+GB9WPqbiY+Xl9GNC2Ji5NdMVV751LM0vMs26uJmv5M6VXz4xVzx5x7xxz7xwFx3YPwaPddqmLg5O++u3TvQfmTH47A021e1KqxVHjNfjkVZeHM1e9UeM2Y8fGOKp8gVjaB8GNtC1plUbj7nMydUpsVV12dP0aPk3K6aJqmmKp1n7VTHH29oj7TxAIUnez2/wCF2t9zvVjoTp2tVbgw+ne5NQ0ezqWTY+XN/wDDZFyz5TT867HlVFqJmfKQUkAAAAAAAAAAAAAAAAAAAAAAAAAAAAAAAAAAAAAAAAAAAAAAAAAAAAAAAAAAAAAAAAAAAAAAAAAAAAAAAAAAAAAAAAAAAAAAAAAAAAAAAAAAAAAAAAAAAAAAAAAAAAAAAAAAAAAAAAAAAAAAAAAAAAAAAAAAAAAAAAAAAAAAAAAAAAAAAAAAAAAAAAAAAAAAAAAAAAAAAAAAAAAAAAAAAAAAAAAAAAAAAAAAAAAAAAAAAAAAAAAAAAAAAAAAAAAAAAAAAAAAAAAAAAAAAAAAAAAAAAAAAAAAAAAAAAAAAAAAAAAAAAAAAAA3KKYmOfvxzNUc+MREfn5e/wDbHHt7A1U26aqveKuJiao8frmIj7xPtT7TzH1fl+nuD6DQdra1unUrWkbe0bUtZ1HImIs4ulY93Pv1VVVRTFEWbdFNU1TNVMT7/eY4Beo7Qfh7PUa7uKNO1bSekGq9P9oZVy1Tkbk3li5mDTZtXZpn5sYlWNTFXFuZq4/ERz+oJUHaP8HF0A2/Ywtd7req27d9ZtNduvI2rsT5Wjaf50eNU27+pXr+pTfpqqmqiuzOFRxEfvT5ewSL+gfo6enZ23Y2m2em3bjsq3nadbpop1jX9MwdS1u54RTHORlfhbPnNc0xVcnxjmYifzBcT0DZW0tqYNvTdr7d0jb2FamJt2NIwcfDooiIiIppii3PFPER7A+miinyiuqmLldMRFNdfvVTx9uJjiI/yA1zxNXzKqaarn/7yqOa4iPtHP6R+X+kHHy6q5s3a5uVz42rsxTM/TzFquY5jj3/AMoML16zVVz/AKJF3WxNyuYo6laxbiJq9vGc/L5iY4jn7QC1mAAAAAAAAAAAAAAAAAAAAAAAAAAAAAAAAAAAAAAAAAAAAAAAAAAAAAAAAAAAAAAAAAAAAAAAAAAAAAAAAAAAAAAAAAAAAAAAAAAAAAAAAAAAAAAAAAAAAAAAAAAAAAAAAAAAAAAAAAAAAAAAAAAAAAAAAAAAAAAAAAAAAAAAAAAAAAAAAAAAAAAAAAAAAAAAAAAAAAAAAAAAAAAAAAAAAAAAAAAAAAAAAAAAAAAAAAAAAAAAAAAAAAAAAAAAAAAAAAAAAAAAAAAAAAAAAAAAAAAAAAAAAAAAAAAAAAAAAAAAAAAAAAD9iOZ45iP654B+zTVE+PHv/D/IDcjHvVVTTTRNUx95j3j+vkHpHTXpD1P6wa/ibU6YbI3BvncGTeiixo+3tNv6jmV1V1UUU+Vq1Tz4zVMRE8z+ftzyCWV6d/wnvcd16w9E373YavX0Z2TqFijKo25jY92/uO9ari1cosX8e9cwIxpuUTVTcji54TER9X2BNV7NPRT7B+yTT9Onpl0c0LVt3Y2NapzN8bnwsPUtTycu3FPOTTYnGomiaq4m5x+Iq4n+lPvyF2KzhYuPbjHtURZxqaaaKMfFooxMaKaY4iJsUU1RMRHEfvfaOAb9u1RP0Tco+ZRPNH4ex8qubc/u0VU+dznx4/e59+f3Y4jkNcWuJmaLFVEzzNflVzXVP68cfaf6/v7A/fCqmjzuR8qn9bv0/wDODTT9U8RE/wBcxxH9fM/l/EG3VesUeU3L9i3FEc1VV3aKaYj+M1THv7A+ezd0bbt4+TF3XdJtTTbvUzFzPxqJ5+Vc9uJuc/kDDH+sdk2dQ9Rjulz8Oum/h5nUbV8nHyLdVNVq5Zqzsuaaqa6ZmJ5j7cTPP+UFrwAAAAAAAAAAAAAAAAAAAAAAAAAAAAAAAAAAAAAAAAAAAAAAAAAAAAAAAAAAAAAAAAAAAAAAAAAAAAAAAAAAAAAAAAAAAAAAAAAAAAAAAAAAAAAAAAAAAAAAAAAAAAAAAAAAAAAAAAAAAAAAAAAAAAAAAAAAAAAAAAAAAAAAAAAAAAAAAAAAAAAAAAAAAAAAAAAAAAAAAAAAAAAAAAAAAAAAAAAAAAAAAAAAAAAAAAAAAAAAAAAAAAAAAAAAAAAAAAAAAAAAAAAAAAAAAAAAAAAAAAAAAAAAAAAAAAAAAAAAAAAAAAAH7Ee8c/b+334/KP8Ax/zg7LT8DP1bMt4mn413JyLtUUW7Fiiq5drmZimKaaKKaq5qmZiI4pn78Ak1+l18Nh3N97FeidSOr+PmdGehmRkWcm5kapi5Ea1qmLzbu1041u9OHTbuTZqj6pm5EzXE8e3uGQk7F/Se7NOwTa+Fp/RnpnpV/dOHbpnK3frmHiX9dzcmqiiLuZbvRYiqjGuV2/KxR51+M+c+UzILmdu1NEVeddNdcePjTTVxTZirnmii3FMRTHtH5+3EewNYAOr1bWtI0XEu5ms6rgaXhWIquXr+bftY9FFFMczVVcuXKY4iImffj7ff3Bay7mPWv9OHtSnUMPqN3DbQr1/AmbFzbG38nC1HX7t364nwsRnW5i3RVbmm5c9/CqqmPGefYI/vcR8ZV2/7ZqztJ7f+g+6OoV2xXdt2NZ3NuG1oWmX4jypt3KLdvRdV5omY8uIu+9MxzMfcFkzrT8XP6iXUTGycPZuk7C6Zxcium1kaRYysm5apq5iifKm5heVVMTHv7czH8YBbJ35673qg9Sb2Zc1zuf3bhUZOPFmvE0K9m4GHTRT8z3ot/tK74VzFcxXXzPMRTzEcAo51Hv47yddzsjVdU7kOqN/Kv1VTVH8p86Yqmrmaoiz8yPonniZ8vaOP4Ape17XtW3PqmXrmv6lmazreoX68vU9T1W/Vev5d65MzNy9XX5VVV1VTVNVU1czz7ccA+aAAAAAAAAAAAAAAAAAAAAAAAAAAAAAAAAAAAAAAAAAAAAAAAAAAAAAAAAAAAAAAAAAAAAAAAAAAAAAAAAAAAAAAAAAAAAAAAAAAAAAAAAAAAAAAAAAAAAAAAAAAAAAAAAAAAAAAAAAAAAAAAAAAAAAAAAAAAAAAAAAAAAAAAAAAAAAAAAAAAAAAAAAAAAAAAAAAAAAAAAAAAAAAAAAAAAAAAAAAAAAAAAAAAAAAAAAAAAAAAAAAAAAAAAAAAAAAAAAAAAAAAAAAAAAAAAAAAAAAAAAAAAAAAAAAAAAAAAAAAAAAAABz8aiibc110UfLiqYuV3I8p+rjxptU8xxX7TzzPv7fbkFTnax2jdde8PqbpnSzobsvVt2bgzblNORViYV/IxNDw67tu1VmZmRat1RZijy596Y9qZ9/zBkgvSP+Gq6C9nWFtbqv3HYljql17u2rOdTjZGHZ/Y+271yLN6q1NF+cuqqqm9TEVc/L4+XHt7glO4WDp2l4FGnabj2caxbpiiizYt027VFNMRTTTTRRTTTERERHtSDncTEU8/fxj+z7+3/L/aDTVMU+MzPHFUTFMUeddyrieLdqPKni7VP7tXM8cTPEgpp7ie73t27Vtq5W7+u3Uzb+yNNtWartGJq+pYtOuX6YoqrmMXFuXrVXlEUxEUzV7VTSCIj31fF8dPNlZeqbO7Ment7qFqFvHv4uPvvdWZTYt2rnNVum/axrGJlfMqomIuUxGVTx+vuCIt3Zes53/wDd/k6hZ6m9ctyY+3s+uuads7fzM3E0vEsVzXMWYpjLmJuU01TRcnxp5iKfaPcFqnUtUz9WyMjM1HPydRyb9z5lzKzb129kV11TM1VTVcrrmfKfefefy/QHWAAAAAAAAAAAAAAAAAAAAAAAAAAAAAAAAAAAAAAAAAAAAAAAAAAAAAAAAAAAAAAAAAAAAAAAAAAAAAAAAAAAAAAAAAAAAAAAAAAAAAAAAAAAAAAAAAAAAAAAAAAAAAAAAAAAAAAAAAAAAAAAAAAAAAAAAAAAAAAAAAAAAAAAAAAAAAAAAAAAAAAAAAAAAAAAAAAAAAAAAAAAAAAAAAAAAAAAAAAAAAAAAAAAAAAAAAAAAAAAAAAAAAAAAAAAAAAAAAAAAAAAAAAAAAAAAAAAAAAAAAAAAAAAAAAAAAAAAAAAAAAAAAAAAA3vl8/biPDiK6vLmmZn7eM8feff29wXi/Sp9HvuB9S/qFhYe0dI1PbnSzB1G3TuTfmbhX40yqxZuUfi8PDyP5u3TlWLdfNdU11ePzKJmmeYBlMfT39Mrtq9OvpjgbH6N7QwrO5a8XEnde9cnGxr2v61n0WpouTk6lTaorqtVVzdqi3MTP1TzUC4t7RRcoiI/nZ8rlX9Ouf41ffj8uPsDX8uaPGqYqn5kc012rXzKLX/ABqvKnnnmPyjgHkvV/rd0s6CbR1TfXVze2h7H2tpWNeyb2qa3nWMX5sWKJuXKLFi9XR5V+MR40/M4nn7wCE/6n/xaWkaNRuHpf2FaPRquoWrtWHc6saxMXcKzNPz7NX7KwseI5uXavG5ayPx8fKij9yvzjxCDt3F92fcJ3V7y1DfHXPqfujfmu51+9fuVapqOVfw8Sbtc3JtYePcvVxZtUzMxFPlVFMREc/qFNcXblNXlFUxVxxM/nP68/ryB82v34nxifvFPtH+T+INM1cxxMR/xuPq/wAoNIAAAAAAAAAAAAAAAAAAAAAAAAAAAAAAAAAAAAAAAAAAAAAAAAAAAAAAAAAAAAAAAAAAAAAAAAAAAAAAAAAAAAAAAAAAAAAAAAAAAAAAAAAAAAAAAAAAAAAAAAAAAAAAAAAAAAAAAAAAAAAAAAAAAAAAAAAAAAAAAAAAAAAAAAAAAAAAAAAAAAAAAAAAAAAAAAAAAAAAAAAAAAAAAAAAAAAAAAAAAAAAAAAAAAAAAAAAAAAAAAAAAAAAAAAAAAAAAAAAAAAAAAAAAAAAAAAAAAAAAAAAAAAAAAAAAAAAAAAAAAAAAAAANVFE11U0U8c1TxHM8R/bIP2bdURzMxxNXjE8/eY454/hHPuCRF6KPoZdX/Ug39pO+956XlbS7cNEzsfJ1nceVj3qKtwUW7tNyrG0izcpt2symqzTV5fz9PPzKPaOfcMpf22dsfSXtT6R6H0c6ObU0/Z219HtW/KdMxrGNk6lkzat2sjUMybVFH+2sr5NE3OZr/dj6pn3BUDEUU1+NMxYtc0WrNE18xfrnmImvmmOLk/0Y5nnmff29w/fKPtMTTV5eNVFXEVUf8KuOeKaf4zP9gLGHqseux2temzt/V9v3tZo6gddruHk2dB2FoOTjZFrTsvwqptXdbrpru3MKim9401RGPc54q948eJDGf8AqC+rP3YeoXvHO1brBvrU7e0K71f7K2FpmflWtF0zFpuVzYpnm54ZF35dfhcq+Ra9qI4j34BbEuZXz6bdN2mI8IimnwjxiKY55mqPf5ldXMfVM08TH5g2qa7fFPzPKqmKuZtU/RFUfb9/34mP+LPEA2AAAAAAAAAAAAAAAAAAAAAAAAAAAAAAAAAAAAAAAAAAAAAAAAAAAAAAAAAAAAAAAAAAAAAAAAAAAAAAAAAAAAAAAAAAAAAAAAAAAAAAAAAAAAAAAAAAAAAAAAAAAAAAAAAAAAAAAAAAAAAAAAAAAAAAAAAAAAAAAAAAAAAAAAAAAAAAAAAAAAAAAAAAAAAAAAAAAAAAAAAAAAAAAAAAAAAAAAAAAAAAAAAAAAAAAAAAAAAAAAAAAAAAAAAAAAAAAAAAAAAAAAAAAAAAAAAAAAAAAAAAAAAAAAAAAAAAAAAAAAAAAAAAAAAAb1iJm5FPM0eXNPlxzx+v/j/EEgz0OfRn316knV/Ttzb1wcjRO3XZmVYu7p1+ce7P4yqb1FdONY86aLNyLlqxe8v52fOJj2jj3DKzdCOhXTXtv6Zbb6R9Jtt6TtXZ20cG3iYel6fbtY9iq7RZtWou3abVq3E11xZpmqZieZn2n85D1+KZppp8qKaK6qYqrimeafKfvNM8R7T/AAgHFzc3E07EyNQzr1nHxMK3Xk38q/XTRaxLdmJqrya6qpimItREzPNVP3+8AhQ+uJ8S5onSWjePbD2TapZ1DqPE5Wl7o6p0ZFNWJt3ItxdxrtnEjFqqquXaK6q65q/FWefGn2iYBj3OpHU7fHVzd2qb56lbl1Xdm6tcvV39R1/W8u7l5eRVNyu59E3aq6oiKrtc0/XPEVf2wHm92aJrmKImKaY4iap5mrj+lPt7c/oDbAAAAAAAAAAAAAAAAAAAAAAAAAAAAAAAAAAAAAAAAAAAAAAAAAAAAAAAAAAAAAAAAAAAAAAAAAAAAAAAAAAAAAAAAAAAAAAAAAAAAAAAAAAAAAAAAAAAAAAAAAAAAAAAAAAAAAAAAAAAAAAAAAAAAAAAAAAAAAAAAAAAAAAAAAAAAAAAAAAAAAAAAAAAAAAAAAAAAAAAAAAAAAAAAAAAAAAAAAAAAAAAAAAAAAAAAAAAAAAAAAAAAAAAAAAAAAAAAAAAAAAAAAAAAAAAAAAAAAAAAAAAAAAAAAAAAAAAAAAAAAAAAAAAAAABzceI+XVFc1eNyKvk26KfL5t+jjwi57xxTHlPE+/3n2Bdg9JT0zOq3qQ9yO29i7b0jL/ubaLmY2odR9xzjXZwMbSpyLcZWm034p+VF/LtUXJomqqOItT9M8+wZdbtW7WekfZ70e2p0T6NbWxNt7S2ng4uLfuYlizbv5uVas0W7l29Vbt24r5+X7zVzxzMzM8gqVB89uPcmk7X0nVNc1jU8LRtI0XCu6hrus6hk0Y+PpGm26Kq68nyriKImqmi5MzNdP7ke/HIMef6+3xFm5+oWvbs7VuyLeOZovT/AAqr+l766j6JnVUZW4vlzdxsrTMavErppjFyqJrquzORX48W/pq5mQQjdSy8zUcq9qOo37+Vl5tdy/k5mVcqu38nIuTNVy7XXVM1TNdU8zzMzzP3+wOqAAAAAAAAAAAAAAAAAAAAAAAAAAAAAAAAAAAAAAAAAAAAAAAAAAAAAAAAAAAAAAAAAAAAAAAAAAAAAAAAAAAAAAAAAAAAAAAAAAAAAAAAAAAAAAAAAAAAAAAAAAAAAAAAAAAAAAAAAAAAAAAAAAAAAAAAAAAAAAAAAAAAAAAAAAAAAAAAAAAAAAAAAAAAAAAAAAAAAAAAAAAAAAAAAAAAAAAAAAAAAAAAAAAAAAAAAAAAAAAAAAAAAAAAAAAAAAAAAAAAAAAAAAAAAAAAAAAAAAAAAAAAAAAAAAAAAAAAAAAAAAAAAAAAAAABvRRTMTVEVVRFXvETxMU/5J+/5c8AqD7Ze3rfnc/1k2R0V6ZaXk6luze+v4Wm4c2Ldy9Om49y/btXsvJpt0TMWeL1EzXM0RT4c8T+QZgb0mvTe6b+m52zbe6W7Y0ei1vrU8PB1TqFuK5dtZGZqusXceIq8ciMezdos27k5HjZqquePzJ+r3BdKmZjnx+jmJ8oo+nz/jV+s/p/XIOtzc/H03GvZWfl2sbGosXs29lXoptWNNxLNMVV1ZVdVfjXxTMzEzNuKvGr7cAx63xIfrz5e/tZ1nsu7Tt2XMHbGnxfweqG9NIyZ+ZrORXNeLd0fFysa7TTat4kW8j5kVVXefxFE+Mcc1BBsuZORX51XLlVdd25Ny9VXVNVV+uZmrzuTM81TzNXvM+/l7g40VTHPtE8/bmOfH/i+/t/4IBpAAAAAAAAAAAAAAAAAAAAAAAAAAAAAAAAAAAAAAAAAAAAAAAAAAAAAAAAAAAAAAAAAAAAAAAAAAAAAAAAAAAAAAAAAAAAAAAAAAAAAAAAAAAAAAAAAAAAAAAAAAAAAAAAAAAAAAAAAAAAAAAAAAAAAAAAAAAAAAAAAAAAAAAAAAAAAAAAAAAAAAAAAAAAAAAAAAAAAAAAAAAAAAAAAAAAAAAAAAAAAAAAAAAAAAAAAAAAAAAAAAAAAAAAAAAAAAAAAAAAAAAAAAAAAAAAAAAAAAAAAAAAAAAAAAAAAAAAAAAAAAAAAAAAAAAB2WPi5F+54Y0RVdv1UWLdqjma71y7PjTTYpiObnvxzx7xNUR78gyU/wALx6Qmn9AukuH3l9Zdu0x1S6gU3o2dpepWaa69I27Rbx8nTdVppvWqbmJk5dWVX5U0RVEfIji5V+QTGqKa7dNqmqqq7VV/u12r7+U/aav0t0e/vzPHPHH6huzzFNNURNUVU1VxFPvPjTxzVMflT7+0/b7ghq/ExetlT267R1jss7ddz2aure6tOu09QNa0m/FWRtfS8iivGuY/4jHuxXazK6qr3zLFXhz8qmPL2BjbdY1XK1XVM3UNUzMjUs3NyZyc3Nv3JuX8vIuVVV3si7XVzV53KpiZiZq94+4OnrmiqImmaoqmqrmif3aafbx4nn3mffn29gbYAAAAAAAAAAAAAAAAAAAAAAAAAAAAAAAAAAAAAAAAAAAAAAAAAAAAAAAAAAAAAAAAAAAAAAAAAAAAAAAAAAAAAAAAAAAAAAAAAAAAAAAAAAAAAAAAAAAAAAAAAAAAAAAAAAAAAAAAAAAAAAAAAAAAAAAAAAAAAAAAAAAAAAAAAAAAAAAAAAAAAAAAAAAAAAAAAAAAAAAAAAAAAAAAAAAAAAAAAAAAAAAAAAAAAAAAAAAAAAAAAAAAAAAAAAAAAAAAAAAAAAAAAAAAAAAAAAAAAAAAAAAAAAAAAAAAAAAAAAAAAAAAAAAAAAAER9vy5njkEgT0AfTe1Pv97xtpTuPRLmo9GulmVja1u7OjHqnHvRZybVdq1VXVTXZmZpsXproqqmYjj9ZgGWy2jtnQ9mbY0Lam2sSzhbe2/puLpei41immm3a07Etxbx6aYpppp/difeKYif0B9HFNNyKrdVUURcpmjmfzmrjimOfaJnjjkFnL1o/Uw2j6bfajujqF+Psf3V932b22unO3ar1EXbuZVjXo/FeMVRetxauXsf6qbVXl5femafcMQ31s6yb3689St2dU+pGtZO5N4by1fK1LV9Zyb9y7kZFOTdruxZom5VXXFumblX0zXP5TH2B45diYqimY4mmmKfH86eOfpq/4UfmDaAAAAAAAAAAAAAAAAAAAAAAAAAAAAAAAAAAAAAAAAAAAAAAAAAAAAAAAAAAAAAAAAAAAAAAAAAAAAAAAAAAAAAAAAAAAAAAAAAAAAAAAAAAAAAAAAAAAAAAAAAAAAAAAAAAAAAAAAAAAAAAAAAAAAAAAAAAAAAAAAAAAAAAAAAAAAAAAAAAAAAAAAAAAAAAAAAAAAAAAAAAAAAAAAAAAAAAAAAAAAAAAAAAAAAAAAAAAAAAAAAAAAAAAAAAAAAAAAAAAAAAAAAAAAAAAAAAAAAAAAAAAAAAAAAAAAAAAAAAAAAAAAAAAAAAAB+xx+cc/28f2g+h2/oOqbo1nS9t6PjZGoatq2oY+naVh49FVy5fycq5TapooopiaqpmqaOIiOZ9/7Ay/HoK+n1hdg/Y90829qWjUYnVbqNh426uoOZVZpt3Kb93EsVxYnypi7T8uq/e+muv6vKfaOJ5C93RVFz3ivz8/qmfypmqeKqeP4A+R6gb02z032ZuXe27dQx9P25tfR83Wdaysrwi1bwMK1N29FVVddFMTMRHHNUf6QYgH1vPUi3V6iHdxvLdVjOuV9Mdkarm7d2HhU3q67E6dYyrlNvJpoiqbVUXKLdrxqpp9oj7z7AsrAAAAAAAAAAAAAAAAAAAAAAAAAAAAAAAAAAAAAAAAAAAAAAAAAAAAAAAAAAAAAAAAAAAAAAAAAAAAAAAAAAAAAAAAAAAAAAAAAAAAAAAAAAAAAAAAAAAAAAAAAAAAAAAAAAAAAAAAAAAAAAAAAAAAAAAAAAAAAAAAAAAAAAAAAAAAAAAAAAAAAAAAAAAAAAAAAAAAAAAAAAAAAAAAAAAAAAAAAAAAAAAAAAAAAAAAAAAAAAAAAAAAAAAAAAAAAAAAAAAAAAAAAAAAAAAAAAAAAAAAAAAAAAAAAAAAAAAAAAAAAAAAAAAAAAAAAA3rFEV1Vc1RT4W6q4if6c08fRH6VVc+39QJLPwzfp+Xe7nvp0Pf25dLnN6YdDPwu59du38easPO1acqm7h4c3K4qtVxTThZHlaqjmfKP09wyuVnHtY+Lbw8ePkWLNi3j2qbXFHy7Nqnxooo4jimmKfaYiOPYGuq5Ta8q5o8KKJtzVNMe1flzExTH++iYiZnn35jmAQ5fitPUxr7fuiuidoXTvXrdnqL1Xt5Oo70vYdXORp22cS1RYnAprt3aa8S5mzn3eZuU1xXFiPo+gGNRv3q71UTXEU+dNVUzHvNdyueaq65n96urnmqZ4mZBwwAAAAAAAAAAAAAAAcy1atTXTTcpq/eoiuYq/KefLj29vy+/PHP9gO3z9tarpWDpuo6npuXhYWs4/4zScy9RVTj6hjRx5Tj3JpimuqmK6OeOYjzj9QdDXTTTRTHjMV8zNUzPMTTVx4REcRxMcVczz78x7A2gAAAAAAAAAAAAAAAAAAAAAAAAAAAAAAAAAAAAAAAAAAAAAAAAAAAAAAAAAAAAAAAAAAAAAAAAAAAAAAAAAAAAAAAAAAAAAAAAAAAAAAAAAAAAAAAAAAAAAAAAAAAAAAAAAAAAAAAAAAAAAAAAAAAAAAAAAAAAAAAAAAAAAAAAAAAAAAAAAAAAAAAAAAAAAAAAAAAAAAAAAAAAAAAAAAAAAAAAAAAAAAAAAAAAAAAAAAAAAAAAAAAAAAAAAAAAAAAAAAAAAAAAAAAAAAAAAAAAAAAAAAAAAAAAAAAAAI95iP1B2Gm266s2zFuKa7sVUzaomJqi5cmqmmiiYj3+qqqP4/n7/mGWw+Gx7H8ftE9PvZ24tV0yzhb/wCs9WLvTX7lVqKsmcfIxaLmNjXK6qaLlNiJyb/tVExTzM8TzyCQwDzjq71J0Ho/013l1O3PnWsHQ9lbe1PXMy9eroot0fg8ebtETNdVNPnX4T8umZjy8auJgGF89TjvE3N3vd4HVjrnuLU8nPwtZ3JnYO2qb1dVVGFoeFl5E49uzZqqrptRdpv0+VNFXExRTx7cAt7+dMRFXlVVcpq9omOKfH/LP3/T/P8AkDZAAAAAAAAAAAAAAABzbdmblNMU1zM83Jj248ppmiIifvPvz7wCYJ3kenLtnN+H47Q+6DRdCxMLf2yNvU6ruXOtRTRkZ2latpmm36aJmmzFd6qmrT7kxRXVEfVPv7gh8ZEV0+M1+P8APUUXKYpnniiefGJ9o4qj3iY94j7A4oAAAAAAAAAAAAAAAAAAAAAAAAAAAAAAAAAAAAAAAAAAAAAAAAAAAAAAAAAAAAAAAAAAAAAAAAAAAAAAAAAAAAAAAAAAAAAAAAAAAAAAAAAAAAAAAAAAAAAAAAAAAAAAAAAAAAAAAAAAAAAAAAAAAAAAAAAAAAAAAAAAAAAAAAAAAAAAAAAAAAAAAAAAAAAAAAAAAAAAAAAAAAAAAAAAAAAAAAAAAAAAAAAAAAAAAAAAAAAAAAAAAAAAAAAAAAAAAAAAAAAAAAAAAAAAAAAAAAAAAAAAAAAAAAAAAAANUTxHtHvz7Tx9uf8Al/gC4d6WXa3nd3ffJ0E6N2seMnTtY3lpmobhoqt1XaI0DAzcX9oTXxExHMX7cc1fTHvyDNP7P2lpWx9taHtjQ8W3gaZt7RcLQ9MwqIim1ZwNNs0W6qrVNFNMU+1VPERHHtPuD6kEUz4rXvg/vf8AsqtdAtrajfxN79es29peROHe+Vl42g4mPFq9cpmirz8Ls6lT5cxFM+Mc88ewYuzOi3zNVE11RzFFNc/9cu0zM37k+8+9U10/1g60AAAAAAAAAAAAAAAAH0Oh6fkZ2qaXg2Y87mfmYFi3TxzM/jL8UzTERHPM+Mf6AZTbvS2BovTn4bjTNpatj2Jo0XoZtWqm3XRRTFvKu6HqHjMRV9qpm3PP58x9gYrK/ExVcmr38q5m3+fFuKq/8kREx/D+IOKAAAAAAAAAAAAAAAAAAAAAAAAAAAAAAAAAAAAAAAAAAAAAAAAAAAAAAAAAAAAAAAAAAAAAAAAAAAAAAAAAAAAAAAAAAAAAAAAAAAAAAAAAAAAAAAAAAAAAAAAAAAAAAAAAAAAAAAAAAAAAAAAAAAAAAAAAAAAAAAAAAAAAAAAAAAAAAAAAAAAAAAAAAAAAAAAAAAAAAAAAAAAAAAAAAAAAAAAAAAAAAAAAAAAAAAAAAAAAAAAAAAAAAAAAAAAAAAAAAAAAAAAAAAAAAAAAAAAAAAAAAAAAAAAAAAAADmY12bH1c80zPnTT9om7b5i35T+n1VAm6/By9p1W8es3WHud17BmnSun2mabtHRMuu1zZvapqlzUb2TRau1RxFVn9nY/n4/VHnTzxMxIMirbpu1+Nf2rrt3qImZnimKvDjn+Pt7zx7g0Xpt2bEVxxFPzIt1zHt44Nimqq5XzM+0fV9U/b9eAYlf4l3vIyO6D1Id/aPpOqzl7J6PWKdj6Jj2rs12f2pp2Xl0ald8Yqqo5uRRixMxHP0+/MccBHcu0zTT41c01R4zVTP5zV5c+3P5cf5/4A44AAAAAAAAAAAAAANVHPPERTMzHH1RzH9f9f8Qc+1ZpuVRjxRVXc9oiPmzTHlzx4+MW6pnnn2jn3n7foC/56Lno69wXfH3A9ON1arsjWtrdD9rbi0/V9ybx1LAyLVnPpxcizcpsWJuW6Ldyiu3TcmmZucURP2ny9glafFXd0m0u3fsO2V2X7UzrX7c3x+C0zI0yi7R+Jx9uaJhxi4WXcooqiqLd6c+/ERNEUx4TxVPuDHP9D+nFzqx1i6edMbd6bNe9N16Ttf5tPvV/0yvzamqI/TmOZ9+Z5kFT3qNdm+4uxTuV3N0K1mm5FrEw9O1jT71yiqj5tjLqyqaIoifbin5ccTEzE88/aAUAAAAAAAAAAAAAAAAAAAAAAAAAAAAAAAAAAAAAAAAAAAAAAAAAAAAAAAAAAAAAAAAAAAAAAAAAAAAAAAAAAAAAAAAAAAAAAAAAAAAAAAAAAAAAAAAAAAAAAAAAAAAAAAAAAAAAAAAAAAAAAAAAAAAAAAAAAAAAAAAAAAAAAAAAAAAAAAAAAAAAAAAAAAAAAAAAAAAAAAAAAAAAAAAAAAAAAAAAAAAAAAAAAAAAAAAAAAAAAAAAAAAAAAAAAAAAAAAAAAAAAAAAAAAAAAAAAAAAAAAAAAAAAAAAAAAAA5+NFHhMePlXVNUUx7TEXuYizE/nxV5VcxH73H6wDLN/C+dvdnob6XHT7UcjTvwet9UNwanvfVrl6YryL93Pw9Mmimavl26oxrM1V/hrU+Xy/O5xVVFYJGE11Tz+XP6fl/V/4eQUr96nWPB7fO1/rd1ez8u1gxs/YOrXcO/eiPk06lGFkVW6Zia6ImZm39oriZ/zgwjnWfqBqXVPqx1C6i6tdpyNS3jurVtdy70UTTFd7Nya7lVVNFVdc0xPt7TVV/WDzOquqrmap8pqmJmqfer2/iDQAAAAAAAAAAAADkRbiqmrwoqmbdPNczPjET/COJ5/h7+4K4+z305u67vm3Ph7Z7f+luubkm/ct0X9auY2VZ0izFVUU1z+Koxr1MzbiqKpj29uPf78BLc7T/g3Nw6vp+ja33R9Xp25l3qaL2dtfbWNNWXbiIoquW5y7uZb8KqZqmnn8NPv+UcTAL//AG0fDC+mJ0CzrGuaz011Dqxrdibc0Xt/ZuHrGnTVbmKornBq06nj6o5mPn+0e3M/cFyDuX7jO1n0wu3PW9/bgt7U6bbP21g5X7B2rolOHpd7cWo2caZsWMPEiaZmJ+XRRVNPnMeVHtMSDEb+pp38dQfUJ7nd5dbd3ahV+wrmoZeBsjR/5yKNL29aybleHajHquVUxdmi5EV10zTE8U/T7QDvPR76Uah1j9RrtX2hi6fdzbf90/b2oajTjxV861p2Dn2JyMiYimqKJt/No/nZ58eft7gvA/FxZe1b3qHaLiaFVZ/aum9OtNxNw/Lmia6czFu10W6KvHiYrmZu+U1fvcfaOARRAAAAAAAAAAAAAAAAAAAAAAAAAAAAAAAAAAAAAAAAAAAAAAAAAAAAAAAAAAAAAAAAAAAAAAAAAAAAAAAAAAAAAAAAAAAAAAAAAAAAAAAAAAAAAAAAAAAAAAAAAAAAAAAAAAAAAAAAAAAAAAAAAAAAAAAAAAAAAAAAAAAAAAAAAAAAAAAAAAAAAAAAAAAAAAAAAAAAAAAAAAAAAAAAAAAAAAAAAAAAAAAAAAAAAAAAAAAAAAAAAAAAAAAAAAAAAAAAAAAAAAAAAAAAAAAAAAAAAAAAAAAAAAAAAAAAAel9JNsVb16gbO2has15F/cW6tE02ixbp8q7nz8nw8KY95mauePt+QM272OdL8Do72o9Denun404dvQNiaNFzHqoi3NF3IwrEVxERER5U/JjzjiJjmOeeeZCrAEZ/wCKn7g/7j/po7l2bhajdwtY6sbotaBj0431Tcx6cTIoyIrriuiqiiZyrUc+NXMz7x7REhij8qeb1VP5UfREz95iOZ5q/WZmZ5kHHAAAAAAAAAAAAAj3mI545n7/AKfxBf19Dz0ed0epl10ov7kovYfQvZObhXN4a9amumrO5v11Th4Fuq38nLibdi786Kr1Hjzb9p5BlYe2PtQ6JdpHTrR+mfR3ZOj7V0XRce3iW72Dg49nUNRvxat2rubfybVFE3L9/wCXRVXHj9Mxz5TMgqUm7Zxqa7l6uLVFMeVdy/VFNcUzHvVVVPEUxTxPP5e/3BYP9VD19O1T08dA1TbOj7iw+p/XG9Zv29N2Zt/MxsynTcmmiqmn9tX6Kq7mFTF7wpmn8Pcn6a/f29wx3fcx3FepN61nV67qWNsvqF1B0+/lV/yd2RtHC1LUdvaTF69PhTMxFNrmmn5dPnFmn2p9o49gVXdvvwsvqh9Vc/S8jeOxdB6RaRk1W7uZkbm1LLta3iY12aZm7XptWm2Ipiunzm3R+K95oqjmOOQSvezb0muzb0Gujm5u8DrzvHA3N1e2nt7UMrB3XnW8SxTjZ97HjIo0jQ8a/fu3b2XlX8aJxKIyLc1fJqn+AMeX6hPd3r/e/wB0fU/rtuG7euxr2pZVvQ6K/Ka6dLoysmvFquUzVV8uqabkc0RMxTx71SChIAAAAAAAAAAAAAAAAAAAAAAAAAAAAAAAAAAAAAAAAAAAAAAAAAAAAAAAAAAAAAAAAAAAAAAAAAAAAAAAAAAAAAAAAAAAAAAAAAAAAAAAAAAAAAAAAAAAAAAAAAAAAAAAAAAAAAAAAAAAAAAAAAAAAAAAAAAAAAAAAAAAAAAAAAAAAAAAAAAAAAAAAAAAAAAAAAAAAAAAAAAAAAAAAAAAAAAAAAAAAAAAAAAAAAAAAAAAAAAAAAAAAAAAAAAAAAAAAAAAAAAAAAAAAAAAAAAAAAAAAAAAAAAAAAAAAFyP0kOl9PWH1EO1HYdEUzVqvVXQKsiKqfOmqzZzsf2mn8+fOfv/AGAzUOjYNrTdK0/TrcxNOm49Gm2/GnxjwxLVqj7RMxE+/wBvsDtAY/8A+Mw6027+4e3noRZyq+Me3qe5M7Hir6K7lE6VRRXVRz/x+JmP1/IEC7Jmqq7VcriIm7/OREflFXPH+gGwAAAAAAAAAAAADXao+Zdt2/t53KKOf+NVFP8AygzAnw5Hb1tjof6ZPRbN0fEx7Oub+0yxuDXdSos26L+ZXdwsSq3XcuR9dVVM3rvEVVfeqfzkF+a7NuafmTVTzTT5U3JiP5qIiZquc8/biOeefbj3kEIb4hX4h7V+gmo7t7OO0nXsejqBViXdK3vv23e+Zc2/Td+fjZWJhV41ymqMuqqKpt3JvW5ibf7n24CO16K3pLdQfWA69a91S63bl17K6Q7W1LEu763ZqF29lavuLPysi9fu4+Pev1Rboq8Me7zTNy7x82Ofy5DJ89snZv269o2z8DZPRDp5ou1dKwLNu3TejFxa9TuU27dNE3MjLox7MzP0eVUePtNUzzILf3qZ+t72kenLtvU8fce6MLefVe3jXa9I6eaDqOLXnXMiumuMevUJpm7XatVXqPDxmxVP78c/YGM/9UH1iO5v1Mt85mo9RNbna/TnHy5jQOm2kZeRb0mxjW7lz8Lfzbc1UW71+zaq8aK/k0RHnX7QC0JPM/VExXV8uaqqbU8Rboo/KfaeOOff+rnn3BwwAAAAAAAAAAAAAAAAAAAAAAAAAAAAAAAAAAAAAAAAAAAAAAAAAAAAAAAAAAAAAAAAAAAAAAAAAAAAAAAAAAAAAAAAAAAAAAAAAAAAAAAAAAAAAAAAAAAAAAAAAAAAAAAAAAAAAAAAAAAAAAAAAAAAAAAAAAAAAAAAAAAAAAAAAAAAAAAAAAAAAAAAAAAAAAAAAAAAAAAAAAAAAAAAAAAAAAAAAAAAAAAAAAAAAAAAAAAAAAAAAAAAAAAAAAAAAAAAAAAAAAAAAAAAAAAAAAAAAAAAAAAAAAAAAAAASGPhfOnOn9RPV16JRqNM1UbJ0LcfUCzPHMRk7czdB+Vzz7Rz+Mq9/vAMt3bqqrmfmUeM02rN23VM+813/mRfj+PjFu1z+nP8QboMWd8W11M1Ld/qWX9nZFyLmFsLYGkYdimmqZ4m7l50XJmP6Mx+Hp/j+s88AitVRMT7x48+8R/CfsDSAAAAAAAAAAAADXbrm3couR96K6a4/rpqiY/0Ay5fw1HdhtfuC9N3pjtLTcrEjeHSexZ21r2kzft1ZFGNRiY1Fi5Taj+cpi5ONf8Aqmnj6ePf8gvG94u/dS6V9sfWTfeh0VU6ttvYuu5mmxb5mqm/bwrlVE0eP1RMTT7TE8x7gwhnW3fWv9Suqu9+ou4sq5ka1uXdWtahmRfqrru/Noypri3M11TVxzdq4j/IDJ5/CXxsyfTZwLe3asSdc/lbfyNzWqa7VWTbyLmLY+V87xiK+Zmm94+X34qBVZ8QH6lGsenL2eZu49iXqcPqt1CzsnbeycqiuaIxKoxpi5dqmni5zFWTYmJpmOJiY55kGJM6u9WN+9at+7g6i9Sdfytw7t3JnXtQ1XOyb165zkX7ty7Vbopu3bs0UUVXKvGnynjy9geYV/aP6/8AkkG0AAAAAAAAAAAAAAAAAAAAAAAAAAAAAAAAAAAAAAAAAAAAAAAAAAAAAAAAAAAAAAAAAAAAAAAAAAAAAAAAAAAAAAAAAAAAAAAAAAAAAAAAAAAAAAAAAAAAAAAAAAAAAAAAAAAAAAAAAAAAAAAAAAAAAAAAAAAAAAAAAAAAAAAAAAAAAAAAAAAAAAAAAAAAAAAAAAAAAAAAAAAAAAAAAAAAAAAAAAAAAAAAAAAAAAAAAAAAAAAAAAAAAAAAAAAAAAAAAAAAAAAAAAAAAAAAAAAAAAAAAAAAAAAAAAAAACWj8IB08t6/6im499V0XPLZ3S/WcKm5RXFNumzruTiVX4uUeP1VVfsu38uryjxiK/arn2DKBU01x8ubnPzJqvXauPamPm+HERH5Ux4fTT/R5n394gG5VPETP6RM/wCYGH1+Io3zm719WruhpzrvzKNsbpydpYkxE0+Ol6Vm534am5MzPnkfz9z5t3imK/p4op49wsaVTVM81c/b25nn2/KAaQAAAAAAAAAAAAAXhvSD9VHqV6Y3XzB35pNWTrvTDXL+Jh762xVXdm1XiRe5uZOJZiqbdvJi1XeiKqqK/LmPenxjyDKiduHe12p+qF276nT0t35oer4u99sZWkbj2vd1DEnXdDv5uJFN2i9hxXVVMUVXKqaLsxR5TTVHhEwDFS+rb6fXVHsA7t+oe0Nz7dz7mzNU3Dn69sPcVWJet6bqWl5WVdmiiifGq1cmKPkzVVTd4jyj29wVX+hR6zGtemD1Zv7e3vi5et9B985GJc3bh2q6rWbo9+m9XRXladTX821MzayLnnM025mLdHM/oEtz1x9g9OPWb9PnQupvZvvfb/UjcnTjIv7qxdt4mqWKdYqxrmFavX7H7PsTlXJv0zj0UUxE/vTPtAMZlu3ae4tla1n6BunSdQ0TWtNyLmJqOBqOHcx8jHyrNVVF23ciuqJmaZpn6ppjy/QHyldXPEREx+fv+f8AV/D/ACg0AAAAAAAAAAAAAAAAAAAAAAAAAAAAAAAAAAAAAAAAAAAAAAAAAAAAAAAAAAAAAAAAAAAAAAAAAAAAAAAAAAAAAAAAAAAAAAAAAAAAAAAAAAAAAAAAAAAAAAAAAAAAAAAAAAAAAAAAAAAAAAAAAAAAAAAAAAAAAAAAAAAAAAAAAAAAAAAAAAAAAAAAAAAAAAAAAAAAAAAAAAAAAAAAAAAAAAAAAAAAAAAAAAAAAAAAAAAAAAAAAAAAAAAAAAAAAAAAAAAAAAAAAAAAAAAAAAAAAAAAAAAAAAAAAAAAAAmX/Bt5OHpvdl10ytVy8fT8TK2FpWJjZOXetWLVzIm9qnlaoru10R5e9PlETz7x/AGSSq3DoMeM1a5o0RMcc/tPE/djjw/67z+cxP5fbgG3XuPbvhV/0/0b92r/APSWJ+k//wAUGHO9eaujK9V7vKzsO9YysHJ6raxXZysW5Tes5Fq9m5fy7li5TM0126/Gr6onjiPt9gWdrtPhcqo558Z4j+oGgAAAAAAAAAGuLdUzxzTETMx5TP08xxz78fxgH0+LsbeObj2cvD2xrmTi5Fum7YyLGm5Vy1dt1e9Nduum3NNVMx9pifcG9V0+3zTHNW0twRH6zpWZH/8AqBo/kFvb/wBKmv8A/wBS8z/8EDmfyL3rTPlTtPcNVyZ/nK6tNy/G7ExHMVUfJn+36pj/ACe4e/dvvWnui7X93Y2+eimp7+2Rr9i7bqvfsqzqljDzrNuvzotZNi18qJi1MTxzM+XzKo+mI9wvXbs9c/rZ3KdIKui/fR2u6X3I6FYx/wAPpe5crEytE3dptVVr5M37Oq5Oka7VM0RFNc0fLp+ZVFM+VPiCxF1Z2toeo7wzNS6T7C31om1Mya7+Joes4OTlZOjXq65q+TazaMXHpy7VNPjRFUY2Pz4c+Mc+wfY9EOtndR2663b1zo9rvUbZGZTMxep02jVKcDJtzMT8q/gURaortzMcTT8yOYmfzBr65dXuuvcNqP7c6jbVzMzcV6KKM7W8Pb+XjX82m3NU013bcxcn5s1V11V1zdq8pq54iY9wp0r2JvSfKI2rr9ccx41zpWXFXEc/l8qfv7fn+X5/kG3/ACC3r/6VNf8A/qXl/wD4ID+QW9f/AEqa/wD/AFLy/wD8EDeo6db7uxTNvaWv1+XnxEaXl8xFHHlM82oiIjmPeZ4+4PmP2flReqx67VVq9buTbu27sVUV2ao9p+bTxNVPE+0+0zHE8wD6PH2DvTL0u9rePtjWbuj49NVd/UqcDI/CWaKIia6rl2aIiKaYmJqniYiJgHyU0VRVNMxxVHPtPt9gaQAAAAAAAAAAAAAAAAAAAAAAAAAAAAAAAAAAAAAAAAAAAAAAAAAAAAAAAAAAAAAAAAAAAAAAAAAAAAAAAAAAAAAAAAAAAAAAAAAAAAAAAAAAAAAAAAAAAAAAAAAAAAAAAAAAAAAAAAAAAAAAAAAAAAAAAAAAAAAAAAAAAAAAAAAAAAAAAAAAAAAAAAAAAAAAAAAAAAAAAAAAAAAAAAAAAAAAAAAAAAAAAAAAAAAAAAAAAAAAAAAAAAAAAAAAAAAAAAAAAAAAAAAAAAAAAAAAAAAAAAAAAAAAAegbE6k9QOm9/Mz9gbt1naebmWqbWXl6JqF7ByblqjymmiquzNNXjE1VTHMzEzMg9Qp7sO4+mqap63dR6omIimZ3Xn0VcR/7VPt9v/yg3P77PuN/7NnUiP4/yvz/AG/iDxbce49e3XrWfuHcur5uu63m5NV/U9b1TJrysvUMmuZmLt69c5qrrn6pmqqZ595/gD5e5ExVxMVRVx9XlPMzV+cx7R7T+UA0AAAAAAAAAA7PBo8szFmmK6JuZGPFFFNPNNVVV2mJjnmOImOPy5/5QzIXpO9svQXVfT67ZdT1bpJsfVtV1DpvoeXqWoZu2sPIycjMu4Vib1d27XHlVVM8czPM/n+YLi1Pan261zx/cU6dU/nzXtTBiP8AR9wa/wC9O7df+wx01/7lcH/mA/vTu3X/ALDHTX/uVwf+YD+9O7df+wx01/7lcH/mA/vTu3X/ALDHTX/uVwf+YD+9O7df+wx01/7lcH/mA/vTu3X/ALDHTX/uVwf+YD+9O7df+wx01/7lcH/mA/vTu3X/ALDHTX/uVwf+YD+9O7df+wx01/7lcH/mA/vTu3X/ALDHTX/uVwf+YHXar2k9s+Vp+fh6n0Y6cfs/Iwsi3l1U7ZwLXyrFVExcqm541eP08z+7+X3/AECJf3D9tXoIdLNydYtO6V6Z0p6hd4lWHr2o7M2VuXI0vK0Wnd+N53MfGqwbdmu7863lcU2qKeKuPKPbgEX/AKKd3vXPrzufrDvjqXhbU2/0N6PdONzUattHbOi06Ds+3qWVMW9OxK5qu5Vqq58vT8mm3zb8pimqYp/IFgXVb9rL1HLvWIim1Xk366OOPGKa7tVVPHH39pjj/wAeA6wAAAAAAAAAAAAAAAAAAAAAAAAAAAAAAAAAAAAAAAAAAAAAAAAAAAAAAAAAAAAAAAAAAAAAAAAAAAAAAAAAAAAAAAAAAAAAAAAAAAAAAAAAAAAAAAAAAAAAAAAAAAAAAAAAAAAAAAAAAAAAAAAAAAAAAAAAAAAAAAAAAAAAAAAAAAAAAAAAAAAAAAAAAAAAAAAAAAAAAAAAAAAAAAAAAAAAAAAAAAAAAAAAAAAAAAAAAAAAAAAAAAAAAAAAAAAAAAAAAAAAAAAAAAAAAAAAAAAAAAAAAAAAAAHNsUeVmr67VEzXE0+VfjVMUczV/Rn296eP6/8AKGm/NuapinxoiJ5oiirypny/f5ucR9vGOIin859/cGx/7V/9n/7qDl1THjFFPhH1+c0/vWfGqPpny9vzifbx454/PnkONe48oimYmKaYp9q/mR7c/arxp4j9I49v19wbIAAAAAAAAAObjVzjZVq7EzNdjIs1UT/xa+Z/0R/ZyDMp+gn1Nw+pfpgdtudi5P4i7o21sPbmRVRMXKbV/T8HC5pq4n2mPmT5czz9vtwC8nb8ZmZp4qqpmaK659p8qePb8+fv+v8ApBugAAAAAAAAA846vblxNmdMN+bszb1GNjbf2tq+pXsiuYpps28fEuVVVzVMxERHP3mf0+wMWp2O9q/Ubrl1T76/UU07So1PZvRXE6hbh2pXqNm/dsatuzPya7mj28WqfKiuuiMK/NNVE1cRV7RMTIKAO77WtN7Ye3ba3aHtzNwsrfu+My31M66axpt6K5nMuU1Ro2h1VURFddGLVk6x50Xaoj+cj6PvyFngAAAAAAAAAAAHYXLc010xXT/O1URXVRct+Pl+njV5TEzPvxPE/wBYOFc55jmJiJiJpifyp/KPtANzGpmq7TFMxFUczT5TxTz9o5nieI9/vxIOTz8rxpmaaq7c1W/k3oiaLVVXEeflz7/aOOaY/UHXgAAAAAAAAAAAAAAAAAAAAAAAAAAAAAAAAAAAAAAAAAAAAAAAAAAAAAAAAAAAAAAAAAAAAAAAAAAAAAAAAAAAAAAAAAAAAAAAAAAAAAAAAAAAAAAAAAAAAAAAAAAAAAAAAAAAAAAAAAAAAAAAAAAAAAAAAAAAAAAAAAAAAAAAAAAAAAAAAAAAAAAAAAAAAAAAAAAAAAAAAAAAAAAAAAAAAAAAAAAAAAAAAAAAAAAAAAAAAAAAAAAAAAAAAAAAAAAAAAAAAAAAAAAAAAAAAva/D89Bu3zub9SDpz0T7l9o6fvXpxvDbO47NvQ9Qi1FrI3JRlaLb0ePK9bvUTRNN/Mi5a+X5XeaOKqfGeQyMNXw5fpC8W4/vUNm1fLmu1VRGPhRTVdjxm5VVH4CeZiePH9OZB+f7HM9IT/1JWzP/pfC/wDxeDHz/ES9mnSnsh7+tb6Z9C9g4vTzpXqWzNK1XQNG02ii3jznX8nPozJiuizat1W4ooxYpt0248ffmqeYBYGuxMVzHExEe0RV7zEfl7zEcg2wAAAAAAAAAbs1R40+0zzVzVP58xx9p/Ln8v4f5gySfwdXd7p29+3/AKl9rOqanTXr3TbVMfcOhYM1xRXOhatbyrNcxRNU1Xa7M6baiqummmIm5THj7gmtUUeNUTTVHjXNyuqJ+qa6qvH3irmOPHj3jifv9/uDeAAAAAAAAABQ/wCoLtnqN1D7bN99KemdHhuDqbpt7ac6lNm5ct6Rp+oWrlnNy7kW66Zmriu18v6qPHwq+/ILGHev1V7ZfQu9LmegmnYWh6v1O3ftP9hUaJm2sXKy9ya9qeDcov65qViJt3c3GxL3hPjVETH4mebkRPIMXx1E33uLqVvDXN67mzq83WNxZGTnZVdXlNFui5dquWrFqmqqubdq1FdUW6PKfHmY5nkHnoAAAAAAAAAAOdgY8ZObhWOJqjJybNiI/Wbl2iiYn2j2jyBlNvT1+H39Nre3Zx0C3h1l7eds7w6gbv2HpGv6xrGTZxfm38/OxLNy/NUXMK7VTRNUxMUTXV48zPlPIK1K/hyfSGpmn5naZs6uquqiinizh8xFXPjz/wBLp5n2n7gsn+vt6SXptdj3p1dROsvRftz21s3qJVr+j7R0XcGBaxaMnFydaxdVrp+VVbwrVVMTVhUzXxXHvTTIMdPVVE0Rco4immzZouUx7TXz5+Uz7T9X29wdeAAAAAAAAAAAAAAAAAAAAAAAAAAAAAAAAAAAAAAAAAAAAAAAAAAAAAAAAAAAAAAAAAAAAAAAAAAAAAAAAAAAAAAAAAAAAAAAAAAAAAAAAAAAAAAAAAAAAAAAAAAAAAAAAAAAAAAAAAAAAAAAAAAAAAAAAAAAAAAAAAAAAAAAAAAAAAAAAAAAAAAAAAAAAAAAAAAAAAAAAAAAAAAAAAAAAAAAAAAAAAAAAAAAAAAAAAAAAAAAAAAAAAAAAAAAAAAAAAAAAAAAAAAAAAAAAC6Z6LPU3A6R+pv2hb11W9lWNKwerW3rGr3MS382/Vp+Tm2PnUW7XzLcXPL5dPNE3KYniOQZofHv28m3821RMW7lNrKorn+nGXbiqJp+/McUxz/H2Bugx5PxlPRzJxOsvb31at2bcYOuaBl7fyc2J/nJysSvT64pux4cRHGRV4T5zz9XtH5hBkv0001UeNU1eVumqqZ/KqeeYj3nmI4jifb+oGwAAAAAAAAADdm5HvTER4c/bj3/AK/6/wDx9gXZPRj78Nc7AO9npt1Vs6jcxtna1qWNt3e+HFVU2crR8nLx/KvKtxXRRVbs0/N4muZj+cq+wMyR0r6l7T6u7A2p1I2fquJrG3t2aRj6tpmfi3aLtquxlWbd2aKarc1U80xVT5R5e3sD0Xzp4mY9+I54j7z/AFR+YNQAAAAAAANmq/RTFUxFVVVMVTFumnm5XFPHM0U8x5R7xxPMAt0+oV6kHbx2BdHNzdSeqe8dJs69penX7m29nW8rGu65rWq/JuV49ijAruUVxbi5TTTXcj5nE1x9E8gxH/qUeox1h9RnuA1/q/1N1bInTKMzLxtn7cpu3a8DQdEu36q7ePat11+HzKqKbMV+NFER8uOOfaIC3XN7yqq86p+v6Zq496aP0inn/lgHHAAAAAAAAABqoiJq+qYiI955nj2/SP1n+APXehezNR391f6b7L0vBu6lqO4d4aNpWFg2aJqu5V/LzrFFNu3RETVV7RPlxEzHt7TyDOYdG9kaZ006UdPtg6NZi3p21Nq6FpeF5RFNdFFjCt03afGI4p4mKY4j7zHPPsD06n5cV2uK5rqmuiJpq9pjw8piqI5nnjmeZ/8ADEBDr+MT6wZm2exzpP0zx7mPVY3/ANRbGp6hj1XZi/X+xbFFNu7FrjmaaP2nX7zP9L2mOQYzqKoiZ95mnmniOOOYjn+P3jn2n3n+r3BtgAAAAAAAAAAAAAAAAAAAAAAAAAAAAAAAAAAAAAAAAAAAAAAAAAAAAAAAAAAAAAAAAAAAAAAAAAAAAAAAAAAAAAAAAAAAAAAAAAAAAAAAAAAAAAAAAAAAAAAAAAAAAAAAAAAAAAAAAAAAAAAAAAAAAAAAAAAAAAAAAAAAAAAAAAAAAAAAAAAAAAAAAAAAAAAAAAAAAAAAAAAAAAAAAAAAAAAAAAAAAAAAAAAAAAAAAAAAAAAAAAAAAAAAAAAAAAAAAAAAAAAAAAAAAAAAA9i6B70u9POsnTLfGNemxf2tvHSNYpuUz4zTGNl2q4nmJifv+f5f1/YM372vdQrHVTt76Q78t5Hz7u4th7e1K/XFUVRXdycOmqqeYmeZiYn+Pv8AaPfkPeQRTfi4egmN1F9PHH6rY2L56j0l3th3fxFNE1XKMXLxr9dyPKKZqppn8DRzPMR7RzMgxbl2nxuV0/pVMfr/AOM/r/EGgAAAAAAAAAAHNsVVW7UzTTPzLtymLNcfemqjnymmfvFUTVTMccf1gnSfDQeurg9Nru1exruX3Vbwdo5eRZ03phuzWMr6bGfXNrFsaLcuZFyIpjKpmxNM03Pb5M/RP5BkNtP1LB1bDxc/Tsuxn4WZai/jZmLXTcs3bVVNNVNVuuiaqaoqpqjjiQdiAAAAAAD8mYiJmZiIj3mZniIj9ZmfsCK/6/Xrvbc7E9gap0V7e92YGb3KaxGRi3L2Lft3J2lZ8Js/ibnyLs3fm/Nr+0za8PlT7zzPiGNN7kO7ruC7sN3ZG8uvXUPV9/a1VTNNq5m5uRc07Hmuuuuq5TYu3bsRVzMRM+UeURT7RwCmO5FMW5imaeaK/eqJ5+b5R7zT+tNEx/Hjy/IHGAAAAAAAAAABuW4pmriqOaeJ8pj70x/vo/qBet9ATobd67+qL2z6Rdwa7+lbP3fY37qVzw86K8TR83T/ABpuR4zTFPF6rjmeJ/h+YZiO1RFu1btxHEW7dFER+kU0xTEf5IBqqru2vK9TNv5duzdqmJ584q5o4nmPy454n/J9gY4n4y3rbj693GdEeimBk3ptbJ2nqGqZuL8yKrFOTqd3TqKK6qI9qa/9o1+MzHP3jn2BCfAAAAAAAAAAAAAAAAAAAAAAAAAAAAAAAAAAAAAAAAAAAAAAAAAAAAAAAAAAAAAAAAAAAAAAAAAAAAAAAAAAAAAAAAAAAAAAAAAAAAAAAAAAAAAAAAAAAAAAAAAAAAAAAAAAAAAAAAAAAAAAAAAAAAAAAAAAAAAAAAAAAAAAAAAAAAAAAAAAAAAAAAAAAAAAAAAAAAAAAAAAAAAAAAAAAAAAAAAAAAAAAAAAAAAAAAAAAAAAAAAAAAAAAAAAAAAAAAAAAAAAAAAAAAAAAAAB2ODeosVedPPzfC54xEc81xVbqtRH5/emft/EGXp+HJ6/UdwHpddE9TvahayNb2TXn7O13FpufMuY93T8LSox6bkzVNUe83uIqiPtPAL7wKDfU36DWO4/sg7jek2RjzlX9a2DqWfp1imiLtV3VMTCzItUUUzEz5xN6OPGJmOfb78Awoe+Nt52zt3bi2rqeNcxNR2/q2bpebYuxNNdvIxL9duuKqZiJpmOIiYmPbgHyoAAAAAAAAP2nxmqmKpmKfKPKYjmYp595iPbmYj8uY5Bf49Pv0ke3Lv/ANBwsPaXe3tDpx1SyJt269g7021j2suq7ciOKLfluuxXVPzZ8IiLPM/lALtWo/Bldy0Y1V7Qu4XY+r01eNdm9Ro1eLZvU1RP1W7dGs5EeE8RxXFc+UTPtH3B8jPwdvfNoGqWNT251g2Bby8K5aytPzMajJxMrEzbNXnayKLtGVXMTRVHMxTxM/rAJd3pJdDvUp7VtmYPRTu53BtHqPsfQbdmxoW78TUcyvVsTHs0Raps1RkW8iK4mimiZj51HMwC+qAAAAAD8qiJjiY8o/OP+b+IKNu8/bndZvHpNqu1O1HXdsbT31rOPfxre6d1fOvUaXF2zVbiu3Ys12KvKJr8on59P7v29+QQmOoXwiPeR1u3puDqT1d7sNp63vbcedcy8rMq0vJvzEXrly7XRFd7Xaqpppruz4U+3Hv+oOy2/wDBU7tyPGrcXdtp2lzP037eBsadQm7VPHNMXp3Zi+PlxPt8uYpifvPIPLO5T4YLs07JOm2sdS+5fvzq29i6Rj1V4ehY2z8TH1HW8iu1cuWcXHpvby8oqvzYqp5i1XMTMe08ghn9X8Hp5p2/Nfxek2bq2p7Bxs+/Z0PVNbtUY+Vm2bdyqmm9VZorvU0RXRFFVMRdr58pjn2nkPKQAAAAAAAAAa7cRNUUzHPl9Mfwmfz/ALATkPg5+2G5rPVzq93Mappt6vSNuaNVtfQ86bfFqdQvV3rt2m3cqpmnmiLFqZppnmfIGRFBsZV2nGs1Xbsx+Griucmav3bduxRNc1TP2iJiffn9PzBh4viCu4GjuH9Tnr7uLBz6M3RNt6v/ACT0ybdc10U06Xm6jFzxqiqqniYuW+YjjiYgFksAAAAAAAAAAAAAAAAAAAAAAAAAAAAAAAAAAAAAAAAAAAAAAAAAAAAAAAAAAAAAAAAAAAAAAAAAAAAAAAAAAAAAAAAAAAAAAAAAAAAAAAAAAAAAAAAAAAAAAAAAAAAAAAAAAAAAAAAAAAAAAAAAAAAAAAAAAAAAAAAAAAAAAAAAAAAAAAAAAAAAAAAAAAAAAAAAAAAAAAAAAAAAAAAAAAAAAAAAAAAAAAAAAAAAAAAAAAAAAAAAAAAAAAAAAAAAAAAAAAAAAAAAAAAAAAAAHMxrtdqJmimjmKoueVdPMzVb58aYnmJ8fqnyj359p/KQT3/g1+6m1gXeunadq+VTboz8nE31tW3Xd4qi/R+Ps6vRFFUx8ymv5mB4RRFPh4zz5eUeIT7eY8aaqYmuPOaKoj2nmnjnj3n9f/HkHHzMejLxruPk2pqx8+L2Ndt3rcV01Wcuibd2irmqI8ZiIiOYmI954nkGHf8AX47SsztM9SXrXtijCu4+297Z1W/dsXpt/LtV4mvZufNNmmYiKKvlRYpmZp4/fiOI9gWU6qafHypiqPtHv78T7+UTPEfw4BtgAAAAAAARPE8x9494B9ptjfO7Nl61hbk2prmobf3Fp+TGZia5pWRcxNTtX6aqa6a4ybVUT7VURMe3PP5glhel18U53F9tuRpHTrunxL3WTpjjVWMa1rtrJvYe6dKxeabXnl5uRTqNObZx7dPlRR4Y/wBU1/VHlzAT7+zL1OO0fvn2fpe5eiPVDbWr6nmWKLmobYzdUxMPXdPuVU0VXLNeJF6/VfptVV+Ndf8ANxM8R4wC4Xx500V2q6Llvx9qaZibdUe00zTXTMxxH6+/Pt9veQa7ddc0TVXETP5RRPl7f5I5BqoqmqnmYqp95jiqnxn2/hzPt+k/nANYAANE+UVRPP0/72KeZ/y+Xt/kB+XKvGI4pqqmZiI8afLxmfzqjmOIj85/IGxRF2ZuRNu3bpq5qm5Rc86pn+NHjTxH/tc+/P3+4PiN79SNo9OdBzdz753Noe1NtabYm7m63repWMOzYimmqufm0XaqeOabdcx/Oce0/oCK96l3xT3bV234mvbB7YIjrH1Q/D3cTG1XGy7NG29MzOLtqm9VVYpzKsiqi7EVVRFdrmKY9/cGPW71fUK7nu+zfeqb666781DV/wAZl3LljbuLdybOh6ZbquVV2LdrFuZN6mLluKqqYqiKeI+0RzPAUL/Nr/PiZimKaZmOZpiPt4/pPuDbAAAAAAAAABy8C1cyMuzYs0VXL9+5Rax6KImqar1yqKLceMe9UTM+8fmDL0fDn9pVHav6aPSTD1TFvYO6+o2TX1F3J+KiIuXvx+Fgzbooiqmiu3Yomq7NFmrzinyn6p5BflBST3zdddO7b+1Lrl1g1HNsYNraew9ZyMa9lxFVmdTuYWROBRTTVXbj6ptXvmUxVzXxTxxNPuGEk6sb61LqR1A3hvXWLlN/U9z7m1nXczIppmmLt3UcmbkzFNVVcxT9MeMTXPjHt+cg84AAAAAAAAAAAAAAAAAAAAAAAAAAAAAAAAAAAAAAAAAAAAAAAAAAAAAAAAAAAAAAAAAAAAAAAAAAAAAAAAAAAAAAAAAAAAAAAAAAAAAAAAAAAAAAAAAAAAAAAAAAAAAAAAAAAAAAAAAAAAAAAAAAAAAAAAAAAAAAAAAAAAAAAAAAAAAAAAAAAAAAAAAAAAAAAAAAAAAAAAAAAAAAAAAAAAAAAAAAAAAAAAAAAAAAAAAAAAAAAAAAAAAAAAAAAAAAAAAAAAAAAAAAAAAAAAABuUVUxzFflNPjV40xPH1TxxPP+meJ+0fcF3T0Re7LI7SvUO6Hb6qy7uDoG4Nw4W0NyTRX5UTpmsZuJF65combdNUURZ/pVREczzM8gzKWlarjaxhWc/Bu272Nm4OPqWNkW64qtZFnNtRXartVxzFU8Uz58TMU80+88g5UcxHh4VzT82J5m/zMW4/OI+XHM/wnj9f4AhbfF79j38vuhOzO7namjW8nXenuVlaPvHUI/wDLlOgRbsX9N8aaLNVV6i38nO8/K5RTb8qeOfKeAxv16iqimZmaIi5Fu5ERVzPM+UfT7Rzxx9UflzAOKAAAAAAAADd84/Sf83/ODcpu26YpmYqq584qppn5c8e3jzX9XlE+/wBPjHH6+4PR+mfWPqP0c3Lhbu6Zbw17Zmv6dXFWJqGiahkYlVNPlTXXRct2rlEXKblVFua48qefGP7AkidofxWfft29YOlbd6kVab1r25p0WbNFOuZeVhZ1ONb8aZpi/cp1LyqmiPefCPf8gSKe3z4yTtH3pRiab1z6Tbz6aajdm3RkahpOdZ3Fplvy4iuubtzB0fxiJ5n7THHHv7AuV6f8Tp6RuTi49691/uYFy7bpqrxc7TcKjItTVETNNcftf8ufafaOYn2B21v4mX0g73tV3JYdqPv5V4WFEfb2j/zX+88z/kkG9/slz0f/AP1TWn//AEnh/wD43B+/7Jd9IL/1Tenf/S2H/wDjYGxf+Jj9IWzT5W+5LEya/vFuziYVVVXH5RH7W95n/wDJAKf+p/xYPpgbL0/MvbX3DvHf+p2KZjGwNG0fEiMjmKp85yKdSvzbtUzTT51/Kr4849vuCxR3SfGV9QNZs5+i9sPQ7B2pauXLlNrce4tZryc2qj6qbdynEtaVjRRPExVNP4mr34jn29wi692vqr96vehq2dm9ausu6NS0jNu3Kp2zpuo5mDo9FuuZnw+TORepqiInw/djmPyBbuvZPz7k3KqrsVczMV13JvVzNXHlNdVUUzVVP3mqZ9+PyBtVXKJt1UxExVNVPvHtTVEc+80+8+Xv7e8+38fuGwAAAAAAAAADVFPPPvTHETP1Txzxx7R+tU8+0fmC5j6Q/adrPeR37dC+j2nabXqenXtx4m4Ny0025u2sfb+lZmJGoXL8RTVTTTTGTb5ivin+PsDM87I2lpOxdm7a2PpONbxdI2tpeLt3T7dERbot4OJZt264pppp4ir6aIimPaeJ9/YH1s0zEVRETM26YqqojjzpieeOYmf4SCIr8XN3e2ukvZptrt00PV7uPuXrTr2RGq4mNMREaDpVizauzlXYuRVa+ZOq/wAxRNquLnjc948AYxjImjyiKJmafvTVMe80f0Of4/vc/wCYHHAAAAAAAAAAAAAAAAAAAAAAAAAAAAAAAAAAAAAAAAAAAAAAAAAAAAAAAAAAAAAAAAAAAAAAAAAAAAAAAAAAAAAAAAAAAAAAAAAAAAAAAAAAAAAAAAAAAAAAAAAAAAAAAAAAAAAAAAAAAAAAAAAAAAAAAAAAAAAAAAAAAAAAAAAAAAAAAAAAAAAAAAAAAAAAAAAAAAAAAAAAAAAAAAAAAAAAAAAAAAAAAAAAAAAAAAAAAAAAAAAAAAAAAAAAAAAAAAAAAAAAAAAAAAAAAAAAB2+g6jl6RrGn6rp+RfxdQ07KsZmDfxqpov28rHu0XLVVuuJiaauaZ4mPsDMaehl3n6Z3qdgnSDeWRk1391bL07A2Tuaa7kV3q87Aw7FM1345qr8qqor8pr/OPz9wXjQU492nQXb3c529dU+hm68Cxn6Xv3amqadi05FFNyixqM4t23ZvxTXTVEV0Tf5pmJiff2BhW+8ft43L2rdwXUzoRuq3Vaz9h7m1HDsVXKKqK8jDu5V63YvT500zxVTjTxERMRxPvMcApZAAAAAAAAAAAAByZibnvNy5XEe8/wA3zHt/7XHtH2kGm5XTNX7vvxET4xNvmY/Wn6uZ/jz7g0zVVx9q4pieP3vz/wAn/j/WDR5f8b/tv/AB5f8AG/7b/wAANyiYrpmiYpjjmfOaPKv+2rmPaPy9v8oP2iryiYrn6Y9on25/t+/tP2/P3iAPKqifD+biKvz4/KftzPt/4/rANgAAAAAAAAAAAAHIsTHMxNE1UxVTXPEflRzzT/bzH8fYGRi+EQ9P2NkdNd2d728dGt424t+W529sLLvY/Fy3oN6irI1L5dVdMVUze+Zgczbqin6I559uAm124mKbVVNdMRj1V+dNfvVdu18fV9/1iePvx/lBt5F63iW68y5kU02cemu7qGTXMU01UWKaqqomZn2p48veeeOePeIBiQPiP+9q/wB3nqHdQ9N0TUb1/YvRyu5sXS8WL/zMb9paZl5NGpZFumJm35XaacTiqn3mKPvMfYI+VcTNNM/lFFvn+ufLj/lBtAAAAAAAAAAAAAAAAAAAAAAAAAAAAAAAAAAAAAAAAAAAAAAAAAAAAAAAAAAAAAAAAAAAAAAAAAAAAAAAAAAAAAAAAAAAAAAAAAAAAAAAAAAAAAAAAAAAAAAAAAAAAAAAAAAAAAAAAAAAAAAAAAAAAAAAAAAAAAAAAAAAAAAAAAAAAAAAAAAAAAAAAAAAAAAAAAAAAAAAAAAAAAAAAAAAAAAAAAAAAAAAAAAAAAAAAAAAAAAAAAAAAAAAAAAAAAAAAAAAAAAAAAAAAAAAAAAA3bPl580VeE0xNXlzxMccfaf1/QEwf4Tj1B6ehXdHrPalvXXK8bYfXW3jVbcqv3/k42DunHvXLNFVdVyubdE3o1CmIimmKv5v7zPAMmdTFuvw8rlN2iu183HuUzExXTPvzE/n7TE/eeefsDb+u5FNM1x/PcU0259qapq9ojn+z9Pz/gCAz8XX6aWXe1Lanfd0x25HFy1Vt3qpawbE3L9zJ+jI0zUb0WbccUUf9MvmVXOePKn6veQQHKqardNMxPNu7E1V0e0+NdP71PH60zMflzP8AcIAAAAAAAAAAAAAAAAAAAAAAAAAAAAAAAAFcfp59oW9e93uh6Z9B9m6XkahTuPcGBc3DkW7NddrT9Es5VmjKv3blMVRRzTeniKvGKvGfeOPcM0B229B9ldtfRbp70X2Fg4+DtjYO3cDRtNt2aaKZqvWca1azrlcUU00+VU2rPP3n7e4PdQWgPW173tN7HexPqh1Bs6hi4G+NyYWdtTZFmu5TRkZcZWHfiq9YjzpuVV2qps8zRE+9cRzHPuGHJ3br+qbq3JrO59avzk6puHPydXzb81VVVXr+Zdru111TVMzNUzMzPMzP8QfOAAAAAAAAAAAAAAAAAAAAAAAAAAAAAAAAAAAAAAAAAAAAAAAAAAAAAAAAAAAAAAAAAAAAAAAAAAAAAAAAAAAAAAAAAAAAAAAAAAAAAAAAAAAAAAAAAAAAAAAAAAAAAAAAAAAAAAAAAAAAAAAAAAAAAAAAAAAAAAAAAAAAAAAAAAAAAAAAAAAAAAAAAAAAAAAAAAAAAAAAAAAAAAAAAAAAAAAAAAAAAAAAAAAAAAAAAAAAAAAAAAAAAAAAAAAAAAAAAAAAAAAAAAAAAAAAAAAA/Ynj9Ptx7g9J6U9T90dI+oO1Oo2ztTvaLuPaOt4ms6TnYs10TYv49+3dmJiiuiqbdXy48qIrp59o5gGZs9Knva2x31dnHSXrbo+o4uZrc6Fh6ZvbT8eaYu6frtOHi/OmuxFy5Vj25q+ZFNuuZmZieavYFyCmZ4qoqp4qt1VW/KY+8x/1y3+VMTz7ccx7f5A8P7jug+yO5Tozv7ozv7TrGoaJvvb2fodVV63RXdxcvLx7trHzcau5TVFrLszXV8u9FPNPM8RzIMM56jvZB1E7C+6Lf8A0U3vpGVi6fpmuajc2tnXaLlFnVNGnKuU2Llm7VRTTcr8Ip8qqYmI8qQW/AAAAAAAAAAAAAAAAAAAAAAAAAAAAAAAAdlZwbmRXRj2bFdeRcrt026aa5qqqruT40WIoiiZqu1T7RxPP6R+gZMf4WP0sL3bN0S1Hu26r7e/BdS+rVnEjZuNqNrm9pO2vlXMjEu0Wrtum5byL9WXHldpmIrizHtHiCX/AFU26Kq7du3FFU3fl0VRH025n9+7VHtzH7vn7xz7e8ce4bd6/j49q5cv1xFFi3XcvV88U1WqIma7kT9qKIiOZmeYiPzBi2vikvUa/vpe7GjoDsHWKMzpf0Gqy9JyqbEzcxtS3LORTayMiu9buzavxbpwafGn5cTR8yfq+r2CKtfr+ZdqriOIr94iI4imP0iOZ4j9I5BsgAAAAAAAAAAAAAAAAAAAAAAAAAAAAAAAAAAAAAAAAAAAAAAAAAAAAAAAAAAAAAAAAAAAAAAAAAAAAAAAAAAAAAAAAAAAAAAAAAAAAAAAAAAAAAAAAAAAAAAAAAAAAAAAAAAAAAAAAAAAAAAAAAAAAAAAAAAAAAAAAAAAAAAAAAAAAAAAAAAAAAAAAAAAAAAAAAAAAAAAAAAAAAAAAAAAAAAAAAAAAAAAAAAAAAAAAAAAAAAAAAAAAAAAAAAAAAAAAAAAAAAAAAAAAAAAAAAAA3KvlzEccxP2n29v6/7P8sgldfDAep/ldp/c7h9ufULcM4fRnrJes43OXV54uk7jqvU2MW7aou3rdmizXTl3PK7zE0xRTHhP2gModp2bZ1DCwMrHyKMqxl2Ka8fKt1eVrJtTFNVF+iuJmKrddNcTTVEzE8Tx9gb96mLlv5cU1XKb1NVNU2pnzs0xEc3I9vaqnmPGOY59/f24kI1XxGPpMWu/Ttn1Lq70x29bye4XpPh5OpaJbw/GLm5NEox5vZGPcvW7FV+rIorxLXhj+Fzzm7PNdMxHIYqDX9s61tfWNS0DcGFe0rWdJzL+BqWm5lFdnLw8nGrm3dpv2a6Yqo8aqZjmf0+wOiromirxnifaJiaZ5pqiftNM/nE/qDSAAAAAAAAAAAAAAAAAAAAAAAAAAADXRRVX5eMc+NM11f8ABpp+9U/wjmOQavk3I45jx8qfKiZ9vKn9af1j+IJHXw+PpMbj7+e5rb3UDfekZVPQnpnqGHr2u6nctVVWNZ1LHyKbtvTrNNyj5OTj1UWLk3pm5TxFVHFPuDK/bc29om1dE0Lb2g6Vjafo+hYGPp2m4NimmzYw8PFt027Fu1aopin6YjmOPGPt9gd3PjEV+dX81TFVVVVXETNFXHnHt+ftER7Tzzx7e4LIPrs+pLonp+dnO+NT0PVrNjrDv3b2ZoewtJmuiL1GVcxbtH4mqYrpu2qaa8i1xdot1cT/AEZ59wxB26N1atu7cWsbn17UMjVdZ1zUMnVtTz8uqq5kZedlXartdV6uuqqqriqqY85mZn9AfM11RVMTFPjxTEcR9uY+8wDQAAAAAAAAAAAAAAAAAAAAAAAAAAAAAAAAAAAAAAAAAAAAAAAAAAAAAAAAAAAAAAAAAAAAAAAAAAAAAAAAAAAAAAAAAAAAAAAAAAAAAAAAAAAAAAAAAAAAAAAAAAAAAAAAAAAAAAAAAAAAAAAAAAAAAAAAAAAAAAAAAAAAAAAAAAAAAAAAAAAAAAAAAAAAAAAAAAAAAAAAAAAAAAAAAAAAAAAAAAAAAAAAAAAAAAAAAAAAAAAAAAAAAAAAAAAAAAAAAAAAAAAAAAAAAAAAAAAAAD6fb+tantrWNL13SM29puq6Pk2NU0fMsV1W71vIx64uWvC5TMTTXMxHjMT7TH2kGV0+HX9VbQO/DtX0fptvbceHa69dJMLH0TVdKqvUVZGZoONj0WtO1SqK7kXq68muzlRXPy5iZoj6pBJCimbdy5NuKpmKLdfFHtTXVV5c0TP+9q4+r7+0RyDg5GLZvW68a9j412xVj3LFya7kRFHzYiK7NdE0VRVTMe33/WOAY8n4mz0Ss7p1r26O+ntx23FWytVu373VLQtPxpps6RkZFVzLuZmPZx7dVPFVMZHlFVNPn4U/VTwCDdle12aY8vCiIooirmKqaKeeKaon3iYnnmJ94BxwAAAAAAAAAAAAAAAAAAAAAAAAAAAbtjj5lM1UTXTHvVRH9KI/Kf4T+YK7uwLsc6s9/fcHtDol0v0XL1G7q+fifyj1y1YvXMLQNHryLdu9cu3bdM026/Cq5NMVVUxV4Ve9Pj7hmBewnsd6Wdgvb5tPoP0k0qqxg4VjGvbh1qu1aozM3KjHtW71d+5bpia586bk0RNX081ffnkFcVXj7RRExbimIt8/eaI54n+0HnvVPqZtPo50+3V1M3xqljSNr7O0jL1rV8zIqooojGw7VV2u3E3K6KZquRTPjE1RzxIMQp61nqS7n9Rfu93ZvK1q1/M6UbVy9R0LphpNmuurCrxrOTMfiJo+ZNqv5tFvH58aY8Ypjiaon2CynP3nmOJ5nmP0/gD8AAAAAAAAAAAAAAAAAAAAAAAAAAAAAAAAAAAAAAAAAAAAAAAAAAAAAAAAAAAAAAAAAAAAAAAAAAAAAAAAAAAAAAAAAAAAAAAAAAAAAAAAAAAAAAAAAAAAAAAAAAAAAAAAAAAAAAAAAAAAAAAAAAAAAAAAAAAAAAAAAAAAAAAAAAAAAAAAAAAAAAAAAAAAAAAAAAAAAAAAAAAAAAAAAAAAAAAAAAAAAAAAAAAAAAAAAAAAAAAAAAAAAAAAAAAAAAAAAAAAAAAAAAAAAAAAAAAAAAABXp6dHfF1I7A+5bYnXPp/ql3GtaXquJa3JplN25RY1XRfxNqvJx71FFUU1xNFM+PnTVEc1e3vIMxj2Xd3fTTvW6DbJ649MNZwtU0zc+k4uRrOFiZVq/c0PWKse1dyMPLi3M8Xa6rkxHlFE82p+n2BVmD4zfewNo9Udp7h2DvfScbWtsbt0rK0jcGhZ9u3dsZ+Hk2qrVddNu5RXRNUU11R70Tz5R7x+YYt319vQ63T2D9TNW619HND1LV+2vdWdezKLuJhXLn8kM/IvXL2Vh3ZsxVat41i3Va8a5+X4+M/R7+wRicuKaZqpiqq5E3Kqqb9VPjN+meOJqp5niaf08quOeOfsDhAAAAAAAAAAAAAAAAAAAAAAAAAA37U08RHH2ma7kVT9NVNPHjHHH5cz/yfcFQfbP259U+6fq3tbpB0g23m7h3fuPL+Tas4GNdvUabjVXrFq7qOTVaprm3ZxZu0zXVMREeUe/vyDLP+jF6SewPTL7f9HwMjBxtS627swsXO6h7rqs2orxrtdiJnGtTMVXbdFq5cv8RN76uf6PAL14NFVzwt36qrkURRb8rc3JimzRPEzVcrqmYiPGI5mfyj8wY/n4pP1lJ1uvUuwnoJuij8DYyKLnV/XNIyuZvZeHN/FtaPbuY9zjwvfNzfmzcqn3op+iQQQq5inyqqmaaJqpimqPe5XMeXlcn+NXMTM/n7c8yDrQAAAAAAAAAAAAAAAAAAAAAAAAAAAAAAAAAAAAAAAAAAAAAAAAAAAAAAAAAAAAAAAAAAAAAAAAAAAAAAAAAAAAAAAAAAAAAAAAAAAAAAAAAAAAAAAAAAAAAAAAAAAAAAAAAAAAAAAAAAAAAAAAAAAAAAAAAAAAAAAAAAAAAAAAAAAAAAAAAAAAAAAAAAAAAAAAAAAAAAAAAAAAAAAAAAAAAAAAAAAAAAAAAAAAAAAAAAAAAAAAAAAAAAAAAAAAAAAAAAAAAAAAAAAAAAAAAAAAAAAAb9qn6K7njFUUVUTVH2q4+rnieJ4ifz9vf2BJC9AX1ldy+nZ1oxemO+sq9qXb71O1TEwNdwrt+5NG39Tv34tYWtWrlyarOPYxLV7J/EUfLjziq3/OURR7hlX9i752x1N2vtze+ydb0/WNq7l0/E1TSNVw79vJs6jjZVum7TbtV26qqbdUU1RzVE1+8/u+3uH19URXMTX9VVNU1UVz712+fyon+jETEcR7g8p62dFunXcH043V0t6qbfxty7P3Tpd/TtRwc3HtX6LNN+1ctfisSq7TXTZyrcXJn5nhVxPj7AxZ3rf+hB1R9PPf2sdTOl+narvftt3BqN/M07VsTDu37+0ZzLtd2zg6jds/MtVUfKiYm5/MRR8mfonmeAjfziRTFuKqKqaqpq4qmri3e445piqYibdVMzHPtVz5flwDrwAAAAAAAAAAAAAAAAAAAAAAPuDmzjcUTVVTcppt1RRduxEVR8yrniimn25+0+/MTPtHH6hUF239svVPui6mbd6SdJNqarund25tQsYVNrBxr16zpOPevUWozs6bVFzizzXM1TMU/LiifeqZ9gyp3opeif0u9M7p5hbn3Ph4e6e4Xc+lY1ev7iyrFm7TolFy1TXlYGmUV013sSLl2un5n89V5fKo5piaQX+qo85q8pmqK/90omfoufwuU/aqI/KPb7zAP2r6KIiuIt3Ll75VmOfKKvb7zHEcUx7e/P/hCMl8Qb61Wzuw7pBrfQrpPrmFr/AHE7+0i9hxh4uRbq/kbp2ZauWLOqZVFmuu9F6/dqufKp5s+E41f1Vc8Uhixd67w3HvjcWr7s3VrGTre4tez8nUdW1XMuV3szNy8m5827Vev3K6q7njVVPj5fbyn9QfJRdqjnniqZjjmqOZiP4T+X+cG2AAAAAAAAAAAAAAAAAAAAAAAAAAAAAAAAAAAAAAAAAAAAAAAAAAAAAAAAAAAAAAAAAAAAAAAAAAAAAAAAAAAAAAAAAAAAAAAAAAAAAAAAAAAAAAAAAAAAAAAAAAAAAAAAAAAAAAAAAAAAAAAAAAAAAAAAAAAAAAAAAAAAAAAAAAAAAAAAAAAAAAAAAAAAAAAAAAAAAAAAAAAAAAAAAAAAAAAAAAAAAAAAAAAAAAAAAAAAAAAAAAAAAAAAAAAAAAAAAAAAAAAAAAAAAAAAAAAAAAAADcorin78zHMTVR+Vcf72Z/KPv+U/cHIov+NyqvHprtc0zNUU1c+PExPlTMRHj4/lP5fxBMR+He9ejXe2jeegdo/c1ubK1LoduPKxdN2juvUMiu9f2ZnzXTjWLNU5F35dODXRcomuqLtrx+RH0zE+wZJ3bu59A3Xo+mbg29quHq2haxYsZGlaviXqL2Bn2siiK7VWNkUTVRdmqmYnin9Qd7M+0zxcm5aqmmm3NfhRzPHn5RxPPtFPH5T7g+F6odL9g9Zdmaz076i7d07dGztwYdzC1XSdWx7WVjXce9brtXPGi7RXTTcpprn5dzieOZ+n9AxunrgfDh9RO17UN39xfaZpWVu/otqOdmZ+tbB0vBuXdY2fYuzcyIrx8fHm7Rcw7dv5lNv+bsePhPtPl7BD7v6dm4t29YyMe5ZvY1c28i1coqouWK4maZpu0VRFVExMVR7x96Zj8gcSq3NFXjM0/bmKon6aon7TTPHvEgVW6qYiZ4mJ/OmeY/tBoAAAAAAAAAAAAAAAAAABqooquVRRRHlVV7U0x96p/SP1mQbtWNcpmKfpqrnnyt0zzXb449rlPH0/f+P5grx7F/T57i+/rqzt/pr0W2lnajj5efYxtW3XcsZFvb2h4c3qKLuXk51uzct1XoprmqiiflxX8uqPOngGU/8ASf8ARm6AemT0806rQ9Mw93datSxLdzdfULUsWxOZGXctUTdw8OZi7d/DY16Lk2a/xETPzJ+mnj3C9BNVNETM+NNP3u3qvablX3865/oU0/p9X3/Lj3BExVEVUfXRVPFNyn3oq/4tX2mP4gsf+sl6xfSr00ui2r3cLUMPXevG4sHLxto7LtXLN7JwMmqzNFvJ1amm5N7BtTduW/GuLN2appr+008SGJn7lO4nqL3P9YN39Zup2v52t7q3hqN3Oy5yL1y7RhWLl69etadi13a65pxcab1cWqYpiPrn2j7A8IuXKKqZimJmZmJpif8ArURzzTTPv5RV7cz7fYHHAAAAAAAAAAAAAAAAAAAAAAAAAAAAAAAAAAAAAAAAAAAAAAAAAAAAAAAAAAAAAAAAAAAAAAAAAAAAAAAAAAAAAAAAAAAAAAAAAAAAAAAAAAAAAAAAAAAAAAAAAAAAAAAAAAAAAAAAAAAAAAAAAAAAAAAAAAAAAAAAAAAAAAAAAAAAAAAAAAAAAAAAAAAAAAAAAAAAAAAAAAAAAAAAAAAAAAAAAAAAAAAAAAAAAAAAAAAAAAAAAAAAAAAAAAAAAAAAAAAAAAAAAAAAAAAAAAAAAAAAAABrtzVzNNMTM10zRxH3nn/8gOf+JrxrkzYqmmqiui9brt1TRes3aZmYmiunmYmJ4n2494jj7e4TK/QN+If1Ttzydpdp3dxr2frvSPUc3E03bW8NUzKrt/ZtyubeLbpuXMmqqmqz4VW5riLtn/cY9/aQZHXZ27tA33tnR93bX1jE17buu4NjUdG1bDvW79nN07Itxcxr3zLdVVNVVdFXNUxIPpKopqoriqJqtzRPzIp/em37eXj+s/YHX6lp2DrWDm6RrGNjangZ2PVYyLOXYovafm4dymaa8bMt1+VNUzTMxMzzE+VUcQCIF6xvwx+wO5DJ3L3Bdm1OF0/6sXMXJz83YeDg27W3dx1R55E28O3jV2ZtX7lyaqYn5N39/wDdn7SGO57gu23rJ2y761Pp91o2Hq2y90aXeqt5eHqWLfs03qZu3LdvLxbl2xairFyJtXJs1RHvFFX3+4PAaomIuREz4xVT7T+f73+gG0AAAAAAAAAAAAAAAAAADm6fav38q3ZxrV69euzFui1j26rt6uapiIpt0U/VNUzxEcRM/pHIJLvpL/Dq9x/ffquh9ROrOkan0j7esicbIu6zn4d+nWNwWZqouVW8a1ejEoimbEzxX8yvmbsR4xEe4ZKjs27He3fsW6Vab0u6D7IwNt6bhWqIu51jEx417Wq7dqi3XcyMi1at1TMzTNUTPl73Kv7QrFpqmuImYmmePe3V+/a/4Fz/AIdP5yBNVFNNfnTTXRVRNNVNX7s01ffn9Y/h+YLInrB+sx0X9NPpLreJj67gbm6967p9+1sfYWNkWKa7d2LNdP4jJmm5dvWKbN65jxM/h5mrn8uIgGKC7pe63q93h9Xt0daOtm59S3Lu/cebcyqasrJvXcXBx7l67dps2qLtyvii38yIiI8ft7RAKZsj3vVzFVNflPl5U/b3/wBH+f8ArBsgAAAAAAAAAAAAAAAAAAAAAAAAAAAAAAAAAAAAAAAAAAAAAAAAAAAAAAAAAAAAAAAAAAAAAAAAAAAAAAAAAAAAAAAAAAAAAAAAAAAAAAAAAAAAAAAAAAAAAAAAAAAAAAAAAAAAAAAAAAAAAAAAAAAAAAAAAAAAAAAAAAAAAAAAAAAAAAAAAAAAAAAAAAAAAAAAAAAAAAAAAAAAAAAAAAAAAAAAAAAAAAAAAAAAAAAAAAAAAAAAAAAAAAAAAAAAAAAAAAAAAAAAAAAAAAAAAAAAAAAAAAAAA5dmaqJpux5/Mpq8vO3X43Lc8/RVH5xMTEzHExMcfkCVV6JnxD3Ursb1LQuhfcVnarvzt8ysu3p+HezMq7Vm7ZovVWrNy7RcvzftzjY9mmiYp/mop8Z9+J9gyVfb53F9He5np9o3U7ojvTTN6bR1PFpybOdiZVnKv6ZVet27lOFex7NdcUVVU1TFVM3P5ubcfveXsHu1v5ddMVUV0XYrnmzes0eFy3cn70zTNVX5TH5x9vtz7g3a/vH9X/OC3l31emj2reoLsa7tPrx0+0zUNQx7N2NE3di4mL+2NJyaqJptXarlVjzrt2KvGu3T82n3mv3j7gx7nqYfDCd2Pafma11A6CYdPW/o/wDPqvY9OkY1+ncuh4kzeuW6K8azGdTdt0Waf5yqK7XjVTTHHv7BGD3NtXcO09Z1DRdz6Pn6BrOn3fkZul6zYuY2oWL1FVdNdFNFyimZqiqmYn29p4/UHyAAAAAAAAAAAAAAAAOxp8Pe3NumI58KYpr8K4mrjib0+NXlxx7RxHM8/wBYLgXZf6ZXd531bq0zbvQzpRquraZqGVaw8jdmoafl4+38Cia6ab96Mqmxcprrs01011zzTzExPNMSDIAelv8AC99vHablbZ6mdzkad1m6w4FunOt6dkY1m5tfRMyPkXYu26L05VVzIx71HjYmYt/T8z2j34CVjoej6Tt7T8XS9B07D0zTsOKbOFpGnWaLGLj2bURTRTTRbimiIiIiP3I4iP054DtAbddVu1Fy7d8otRTzd+VxEzTTEzzkVTVEU2qY54555jy9o4jkIvXrS/EQdFOyHaW5ejXb/q+F1A7jb1FWBi1aXk2atI2ZFyi/ZyM/Kv2asi5Gfh3vkzYteNry4ux8ynj3DGX9wPcN1a7nupmv9XetG69T3pvjceRdydV1TKybtyLdu5duXabVqi9cvTaopm5X9MV8cR/UDwAAAAAAAAAAAAAAAAAAAAAAAAAAAAAAAAAAAAAAAAAAAAAAAAAAAAAAAAAAAAAAAAAAAAAAAAAAAAAAAAAAAAAAAAAAAAAAAAAAAAAAAAAAAAAAAAAAAAAAAAAAAAAAAAAAAAAAAAAAAAAAAAAAAAAAAAAAAAAAAAAAAAAAAAAAAAAAAAAAAAAAAAAAAAAAAAAAAAAAAAAAAAAAAAAAAAAAAAAAAAAAAAAAAAAAAAAAAAAAAAAAAAAAAAAAAAAAAAAAAAAAAAAAAAAAAAAAAAAAAAAAAAAAAAG7VeqqmJqpomYtxbjmn8o/pff9/wD4X+YH7F+5E/eJp8vKaJjmiZn+H/hBdp9Mz1g+6X03d/aZn9O915OrdNLuTR/KXYOrV5OXpOThzcom7exbEX6bdnIt24rpt1TbrjivjjgGTr9NX1lO1j1HtoaPd2DvDTNudVqLNu7rvTbWM3FsanVnzRb84wqprprm3N35lPH4bmn6Y5nkF36Zu3KY+XbibtNETcpuVfL55+02+Iriqn2n8/f9ftANq170RNF2Yqn/AHSq3/N1cx/1uv3ny8Of4fvT+QNN3Dxcyz+Bv2LFeLkc2r1m5bprt3qK6Zium5TXzTV5RHvz+XMfb2BZy77/AEM+wjvr0rUat7dKsDYvUPKw8i5pu/8AZONh6Nnxn1RMzfzrsY1yrL4uTTXVb+Zb8p5+qOeQQje+T4TrvK6H5Wrbp7bMrS+ufTzDi9ft2bN2/g7mtY1vzr/8pWrepxfuxbimPH5tvmqPv7zwEZfq3299YuhuvZW2uqfTrdmyNXwa/DJsa/pGVhcVTVXTT4VXKIiq3VNFfhd9oriJninj3DyCcf6ZueExbifGa5q4omr9PLx9p9vamY9+fv7A2aKaauYmIifyqqueNM//AGM8/wBkwDaAAAAAAABv1WaojyimYj8o8vef7OAblGPRXTTMVRzNXExE83YiJ96vk8RzT+UT5Rz+n5g5+maPkatkxhYOPmZmXer+Xi2MPGuZGTfvTPjRapxqPeIrmeJr858Z9vGeQXce0H0Nu/8A7y8jCv8AT/o5rG29u5Vui7VuLddrMwcT5Nc0zF23TOFNNVPhVNc/ztPtEfryCZb6fHwk3bj0dubc3v3dazc6ybywabGfd2jYptYe1rmTb8Lny8vAvzqNWRFNcVUTRNdv6eY/MEs7pR0V6T9ENsYW0ekmwtubA2/g2qbWPpm3dLx9MtWopppomJps0+9U000xVPP1cfaAen0WqKPa1EWKI8q66Lc+FFXPE1VTHvzVHEce8fn+sg3fmXIoqqn2p4mablVzwrqp/wCDMUT+vv8A5AeV9V+sPT7olszVeoPVDdeibM2ZomNXlZmuatm2bUXaLdFdybdnGu1WYiu5TRV4fz088T7AgQ+sx8UbuDe13cfQLsI1DI23t75V7TtydXPn1U5+pU3Ju49/E0mMWaIxrdmKZrpyPxd7zm9H83T4c1BCB3Vu3c+8tX1Lc27Naz9wa7ruVey9T1XU8ivKy83JuVTXcvX7tyZqrrmquqYn248p+/IPl5qmYiOIjiOPb25/jP6yDSAAAAAAAAAAAAAAAAAAAAAAAAAAAAAAAAAAAAAAAAAAAAAAAAAAAAAAAAAAAAAAAAAAAAAAAAAAAAAAAAAAAAAAAAAAAAAAAAAAAAAAAAAAAAAAAAAAAAAAAAAAAAAAAAAAAAAAAAAAAAAAAAAAAAAAAAAAAAAAAAAAAAAAAAAAAAAAAAAAAAAAAAAAAAAAAAAAAAAAAAAAAAAAAAAAAAAAAAAAAAAAAAAAAAAAAAAAAAAAAAAAAAAAAAAAAAAAAAAAAAAAAAAAAAAAAAAAAAAAAAAAAAAAAAADXbr8KvLj34mIn86Zn+lH8Y/rgHqvSnrV1J6H7y07f3SneOt7K3ZpV2i7iazouXew7/NFdFyIri1comYmuinz5r94j8gTjPSl+LDpwrG2OkPf/wDi8y3Nyxp1jqtptn8VdiqqLVim9qtrJu2/k2aYiLlVz8ZXx9c8T94Cch0U7g+jfcVtTA3n0a6ibc6gbez8e1ex87Qs7HyZopuURcjHv27V25NORapqp+bTz9M1UwD2Km5RVPNqab00VcRNM826Lse0Rcq45pj78zxPANy1EUW7lumu5RxHlEfN5o8p+8W5mjnj7e/Ec+wNuaLU1TX8iiq5z7XL8xdmaffmPHxpj3/Tn+uQUw9d+zXtr7k9I1LQ+tPR/Y+/tO1O38u5GqaHiU59qJiumqq1n1W79Ue1f00/J+mY+88gjvdz/wAJR2HdVqtW1rozquv9FtZy66r2Np+Nbx9V0W1VV51VWabNurSpp8qpoim5zPhTTMeNXPsEeHuK+EP75NjV5uX0S3ZsPqZpluu7OHiapqWRomZcs0zM26aqLePqsedUREREcx5T9wWTusXotepv0LtZuXv/ALR+quJpuDemzc1bA2/m5um3eJq/nMfJ+Ra+bamKZqivwp5pmJ49/YKFtw9AOtW08u7g7j6Y7y0fLsUxVesZuh5lmu3EzVETXFVv2/dq/wAkg82ytC1fCvVY+bp2XiX6YmarWRj3rdcTH3p8Zo58ufbj9QcGca7HjHETXVVXTNuOfmU+HjzNdMxE00z5e0z9+J/QGz4zzEe0TMc+/t/Z/X/AHKs4GVfoqrt2q5iI5iIouTNXMc/RFNFUT/lj3mAfSab0+3xrFi3k6XtTXs+xduUWrd3G03Ku0V3LnPhRTNNueaquJ4j8+AVQdOPTu72+reTiY3T7tp6rbk/GxTOPfwdr51ePXFXHjPzfD2ifKOPpn7gus9AvhiPVY6x3MXN3B0Wx+kWh37tFF/I6mZGXpOrWKK+ObtOlzp9UXIiJmYj8XR+Uc+/MBfs7Yvg1tAwZ07VO5zrjXq12MmqvO0DZemxiYsY8fKqotRmXdSv+Vyf52K5nGiP3Z4/IEkrta9Dn05e0qzpuRsHt+2vr+5sGzVZq3du7DwdU1e5Fz5XzZiZw7fj8yq1TVP1z7xALsWj7e0TbuDY0vQtNwNJ0vGoi3YwNLwrWBatUUxEU00/LmqPGmIiIjxgHc8U0/wA5X5eExxRVz4+FM/fm5xPM8cfamI+/H6A0W5t3K6qLd6bkR7xXcnjn/g01f0uP6o/qBx8/JwsHHuXtRv2sfFptV3bt+9cptWrVq3xNy9Xcr4ppotxPNU/oCwd6lHxB/ZV2H6RrehaRvLB6t9Z8ezes6PszalzF1HCxMq1TXT4avm279deHNN75dNUfhLvtFX6e4Y5X1FPWU7tvUT3jq+d1F3pqW3ent+9V+zOnOgZuTj6JYx5rrmKbtPzKaK5m3NFHHyIimIn78gtJXLkV/aZ45mv6omqqaqpiZiqqZ+rjiPqnjnn7fmDRXX5e0+/HEUce0RHvz9Pv9/b8/YG2AAAAAAAAAAAAAAAAAAAAAAAAAAAAAAAAAAAAAAAAAAAAAAAAAAAAAAAAAAAAAAAAAAAAAAAAAAAAAAAAAAAAAAAAAAAAAAAAAAAAAAAAAAAAAAAAAAAAAAAAAAAAAAAAAAAAAAAAAAAAAAAAAAAAAAAAAAAAAAAAAAAAAAAAAAAAAAAAAAAAAAAAAAAAAAAAAAAAAAAAAAAAAAAAAAAAAAAAAAAAAAAAAAAAAAAAAAAAAAAAAAAAAAAAAAAAAAAAAAAAAAAAAAAAAAAAAAAAAAAAAAAAAAAAAAAADsoqn3mLkXarcTxTXT9FdqPtco+r2rpj7Tx+f+UK7ezz1Hu7Xsf3Rgbm6CdW9b29jYORavTtrPzMq9oWZYorpqrs1YlOTapmu5FMU1TxMeP9QJyPp5fFxdEepGJoeye9bQaeme76se1i5e99OuW50C/eiLdua8ii/RjTRVermquZm/V4xTP73PIJavRTuR6Idwu18PePRnqdtDfuialj2r+Fm6HqGNfyLdN2iK6aL1m3fuTNcRVTzHMTE+0+4Pc+fbmZj+v8gAaqPHnmrw+mJqjzjmmao+0fePf9Ofz/ACAiuLlM3K6rtmY9pptxFVMxE/fjmPaY9v8AwA4d7CxMmLePkWbOViVfz1GLVgW7tFX258/O5VE8c/aKftMg8p3R0F6J73uZF/d/TLZG47uXHhdnVdu4fzJtRz42qrtUVzxRFVXEePEeU8/qCk3dvpadgW6s3J1LV+1rpTez7lq9V+Js6Zg03qavl1VecR+Cn2595mavYGJU9VvYe0emPfv3HbI2RoWm7e2xt7fGq4OlaVpsUW8fFtUZmTRRTapot0U/TTRETTFNPERH8AW666f5ujj96n5kVf1U+HH+n+r3+/6hkdvhiewntI7gfT3wOoPWTohtXfm77vUbeWLO4NbwcXJyPwGJjaHViYc1Xca5V4WKr12afr9vOriPcErLZvZH2obBw7OFtboD000jGommqzXa0HCyL0eEfTHh8mz+XHNXlzHH2nkFQmi7R2nt+xRa29trRtFt48RRR+A0/HwvCiIiIimKKKuIjj7cz9o/rB9HTRRXxTbomLnh82ci5P1T+U8RHEf5ZBqiaqqaaqvKapjmZr+8/f3j+E/kAADr9Q1TT9GxbuZqmZj6fiUW6717IzcyjCx8e3RHM1TXXTVTHEc+/Me35Asnd9Hr79gXZPjazouvdUdH6k9R9PxKr+NsHbOpYedmV3Ji5Fv5mTRXXNM13Lc0TEY0zT7+8xPsEGH1Fviau8zu7v6vs7pXq9fQ3pNlXvC1p+i38idw5mLV82i3FeXaqwabdqbVXF+j5NflM0T5R48SEa3XdxazufVc3Wtf1XM1fVs+/cy8vVtSu15GoZt+7VNVV2qu5XVPNVXM1fVP3B8wAAAAAAAAAAAAAAAAAAAAAAAAAAAAAAAAAAAAAAAAAAAAAAAAAAAAAAAAAAAAAAAAAAAAAAAAAAAAAAAAAAAAAAAAAAAAAAAAAAAAAAAAAAAAAAAAAAAAAAAAAAAAAAAAAAAAAAAAAAAAAAAAAAAAAAAAAAAAAAAAAAAAAAAAAAAAAAAAAAAAAAAAAAAAAAAAAAAAAAAAAAAAAAAAAAAAAAAAAAAAAAAAAAAAAAAAAAAAAAAAAAAAAAAAAAAAAAAAAAAAAAAAAAAAAAAAAAAAAAAAAAAAAAAAAAAAAAAAADesT/O080xVzPvFX+nn8pj9QVV9u/ej3L9qe4cHcfQzrDu/YuqadfouY9rTc/Low4miumqPOxRk26aqOaYiqnmOY59/f2CU92b/ABfvcb08s6dtbuv2Xt/qrpNquxbyd0beovYGo/Ip4orr+Xep1CKqopia6o+dH1SCUt2r/Ee+mp3K2tMwb3VzG6Xbrz7kY9ejb4uYdmi1VEW4picurLsT8qa65ij+YiY8apBes2X1c6ZdS9Lx9X6fdQNq7r0nNmicbUdvatjZ2Pem5HlRxYt18zFUe/nFzin9Pf2D0evxt27lcVU003KIouXacaKqZn395mL35+/M/f2Bot88f1T/AM32BvV/f+z/AJwcTL/8r3//AFm9/wDeqwYXr1mv8JH3X/4zdY/1/MBa5o+93/iV/wCmAZTn4SH/AAYE/wAOqG8uP4cYmiccAlN/lH9c/wCikH4DT4zVx4zTNur/AHfIqvfKuV8flEeFfP58+4OuytU0/TKLl/UcunAxbdFXnmZ2fat41FuPeKqqq6aY+3lPH5RE+8goP7gvVJ7Eu2TTcjJ6q9xPT3Tr+nVTZv6ThanhZuqxfqirwojG/GWZ9ptVxXVMzxPjzHvII23d58X/ANB9iXM3Q+1Tpxm9VdUszeosa/rGXbwNJqmmJpt3KarOLn+VE1cVePnHNMTHIIm3ef6/fqPd6M6lpm9usFex9lZlN23VtHprRmaFpUWrk1R8q/EZ975kTRPh5RRTzxM+PvMQFk/V9U1LWM69qOq52TqOblTN2/lZd+5kZF2uuZmarty5M1TcmeZq/LmQdYAAAAAAAAAAAAAAAAAAAAAAAAAAAAAAAAAAAAAAAAAAAAAAAAAAAAAAAAAAAAAAAAAAAAAAAAAAAAAAAAAAAAAAAAAAAAAAAAAAAAAAAAAAAAAAAAAAAAAAAAAAAAAAAAAAAAAAAAAAAAAAAAAAAAAAAAAAAAAAAAAAAAAAAAAAAAAAAAAAAAAAAAAAAAAAAAAAAAAAAAAAAAAAAAAAAAAAAAAAAAAAAAAAAAAAAAAAAAAAAAAAAAAAAAAAAAAAAAAAAAAAAAAAAAAAAAAAAAAAAAAAAAAAAAAAAAAAAAAAAD9iZjnj844Bq+ZXxxz7f5/04/qBvRmZNNE26b1dNufaaKZ4p4/TgH7azL1mqKrUxRMRMU+PlT4zP3qp8aomKp9vfn8oBUp0d7yu6PoPmYOT0l659Qti/gJj5FrRdxZuJj024mmarNVumuYm1XNNPnR7eUUxHMAvJdBfidfVJ6L2cLTcrqfoe/8ASZv26cmjd2lZuq5ty1b8eaYyZ1WiKa6omYmqbc8888e0gu99HvjP+peJkXqetPbZoGo4tVmn8LXtfX69NuTdieKq7kXNDyuaavaYpiY49/cFyfp58Yj2W61o+Df6g9Lt8bT1m9T/ALYwtPzLGsY1qjimaL34qrD0+Yqrma4qsTZj5fjE/Mq8uICrrYvxTHpZbzxYo1vqLuHaGRforj5epaPh1xFVVuqIsTVOq2OK66p4ivieOJ+meYBjbPUw6ybE6+97HXrqz021OvXNm733lqOr6RqFVunHm9bv5eTcoriii7fp8ZprpniLk88+38QoOoiiny84nm5a5o4niOauefvHv+Xtz/aCe18PZ60fYb2Jdhc9JOv3UbO0Df8ARvvdmuXNv4un4+RNel52NpFGnX6cm7qOPVFV+rGyaaqfw8xT4RMVTz7BdH3X8XL6c+hX83H0nTt87gixTXONfxMbGt279cRPjT7XL3j58R7xNXHvxE/YFAvUn40Pp/i0anZ6Y9sGr6rVZqrpwdQ13dtODaux9UW67mLRtvJ454iZiL0xx+YLUnWr4vf1AN+2asbpltLpx0qsV0125uU4uTr2VRTVzFNVF6ivSPG5THvFXh945iOAWa+ufrIeox3A3cuN+9y+/PwuVcrquYOiapm6Xhxbr5/2vRZjLyOLFMVTFNHl7RMxyC3LuHeW6N2Z2Tqm5tb1HXtTzLkXMnUNUy7+Vl3aomqfru3Lk8xM1TM+3vM8g+epvV0xEc80xPMUT+7E/wBUcA/bl+u5M1VePlM8zVEcT7f2/YGiu5XcmKq6pqmIimJn8qY+0f1QDQAAAAAAAAAAAAAAAAAAAAAAAAAAAAAAAAAAAAAAAAAAAAAAAAAAAAAAAAAAAAAAAAAAAAAAAAAAAAAAAAAAAAAAAAAAAAAAAAAAAAAAAAAAAAAAAAAAAAAAAAAAAAAAAAAAAAAAAAAAAAAAAAAAAAAAAAAAAAAAAAAAAAAAAAAAAAAAAAAAAAAAAAAAAAAAAAAAAAAAAAAAAAAAAAAAAAAAAAAAAAAAAAAAAAAAAAAAAAAAAAAAAAAAAAAAAAAAAAAAAAAAAAAAAAAAAAAAAAAAAAAAAAAAAAAAAAAAAAAAAAAAAD9p459/aP6uf83MA3IrjniOKePeK4o+rn/L7A1RdpiryimaePaKaZ4j3+88/wBn6fnyDeozK6KJopqu0xMzPFN3iOJ/h4+8/wAfb9fb7A25vU1RMTNyOZifKavLj9Zininir9J59uf6waJro48Y8uKYmaKvtM1Tx71R7/6Z4/tBpqr5poj86Pb7fl7cf5+QPKiKZiPLy8o4q/Wn+rn8o/j/AGQDdm9zNUedc0xEeHlHlHMfrHMfr9/y4+0g2OY9pjmZnnyiftP+T+Mz/VwDdi9VxXTFVVNM/u0ceX5faavp4/L34n+r2Bszx7cRx7e/vzzP6/w/qB+AAAAAAAAAAAAAAAAAAAAAAAAAAAAAAAAAAAAAAAAAAAAAAAAAAAAAAAAAAAAAAAAAAAAAAAAAAAAAAAAAAAAAAAAAAAAAAAAAAAAAAAAAAAAAAAAAAAAAAAAAAAAAAAAAAAAAAAAAAAAAAAAAAAAAAAAAAAAAAAAAAAAAAAAAAAAAAAAAAAAAAAAAAAAAAAAAAAAAAAAAAAAAAAAAAAAAAAAAAAAAAAAAAAAAAAAAAAAAAAAAAAAAAAAAAAAAAAAAAAAAAAAAAAAAAAAAAAAAAAAAAAAAAAAAAAAAAAAAAAAAAAAAAAAAAAAAAAAAAAAAAAAAAAAAAAAAAAAAAAAAAAAAAAAAAAAAAAAAAAAAAAAAAAAAAAAAAAAAAAAAAAAAAAAAAAAAAAAAAAAAAAAAAAAAAAAAAAAAAAAAAAAAAAAAAAAAAAAAAAAAAAAAAAAAAAAAAAAAAAAAAAAAAAAAAAAAAAAAAAAAAAAAAAAAAAAAAAAAAAAAAAAAAAAAAAAAAAAAAAAAAAAAAAAAAAAAAAAAAAAAAAAAAAAAAAAAAAAAAAAAAAAAAAAAAAAAAAAAAAAAAAAAAAAAAAAAAAAAAAAAAAAAAAAAAAAAAAAAAAAAAAAAAAAAAAAAAAAAAAAAAAAAAAAAAAAAAAAAAAAAAAAAAAAAAAAAAAAAAAAAAAAAAAAAAAAAAAAAAAAAAAAAAAAAAAAAAAAAAAAAAAAAAAAAAAAAAAAAAAAAAAAAAAAAAAAAAAAAAAAAAAAAAAAAAAAAAAAAAAAAAAAAAAAAAAAAAAAAAAAAAAAAAAAAAAAAAAAAAAAAAAAAAAAAAAAAAAAAAAAAAAAAAAAAAAAAAAAAAAAAAAAAAAAAAAAAAAAAAAAAAAAAAAAAAAAAAAAAAAAAAAAAAAAAAAAAAAAAAAAAAAAAAAAAAAAAAAAAAAAAAAAAAAAAAAAAAAAAAAAAAAAAAAAAAAAAAAAAAAAAAAAAAAAAAAAAAAAAAAAAAAAAAAAAAAAAAAAAAAAAAAAAAAAAAAAAAAAAAAAAAAAAAAAAAAAAAAAAAAAAAAAAAAAAAAAAAAAAAAAAAAAAAAAAAAAAAAAAAAAAAAAAAAAAAAAAAAAAAAAAAAAAAAAAAAAAAAAAAAAAAAAAAAAAAAAAAAAAAAAAAAAAAAAAAAAAAAAAAAAAAAAAAAAAAAAAAAAAAAAAAAAAAAAAAAAAAAAAAAAAAAAAAAAAAAAAAAAAAAAAAAAAAAAAAAAAAAAAAAAAAAAAAAAAAAAAAAAAAAAAAAAAAAAAAAAAAAAAAAAAAAAAAAAAAAAAAAAAAAAAAAAAAAAAAAAAAAAAAAAAAAAAAAAAAAAAAAAAAAAAAAAAAAAAAAAAAAAAAAAAAAAAAAAAAAAAAAAAAAAAAAAAAAAAAAAAAAAAAAAAAAAAAAAAAAAAAAAAAAAAAAAAAAAAAAAAAAAAAAAAAAAAAAAAAAAAAAAAAAAAAAAAAAAAAAAAAAAAAAAAAAAAAAAAAAAAAAAAAAAAAAAAAAAAAAAAAAAAAAAAAAAAAAAAAAAAAAAAAAAAAAAAAAAAAAAAAAAAAAAAAAAAAAAAAAAAAAAAAAAAAAAAAAAAAAAAAAAAAAAAAAAAAAAAAAAAAAAAAAAAAAAAAAAAAAAAAAAAAAAAAAAAAAAAAAAAAAAAAAAAAAAAAAAAAAAAAAAAAAAAAAAAAAAAAAAAAAAAAAAAAAAAAAAAAAAAAAAAAAAAAAAAAAAAAAAAAAAAAAAAAAAAAAAAAAAAAAAAAAAAAAAAAAAAAAAAAAAAAAAAAAAAAAAAAAAAAAAAAAAAAAAAAAAAAAAAAAAAAAAAAAAAAAAAAAAAAAAAAAAAAAAAAAAAAAAAAAAAAAAAAAAAAAAAAAAAAAAAAAAAAAAAAAAAAAAAAAAAAAAAAAAAAAAAAAAAAAAAAAAAAAAAAAAAAAAAAAAAAAAAAAAAAAAAAAAAAAAAAAAAAAAAAAAAAAAAAAAAAAAAAAAAAAAAAAAAAAAAAAAAAAAAAAAAAAAAAAAAAAAAAAAAAAAAAAAAAAAAAAAAAAAAAAAAAAAAAAAAAAAAAAAAAAAAAAAAAAAAAAAAAAAAAAAAAAAAAAAAAAAAAAAAAAAAAAAAAAAAAAAAAAAAAAAAAAAAAAAAAAAAAAAAAAAAAAAAAAAAAAAAAAAAAAAAAAAAAAAAAAAAAAAAAAAAAAAAAAAAAAAAAAAAAAAAAAAAAAAAAAAAAAAAAAAAAAAAAAAAAAAAAAAAAAAAAAAAAAAAAAAAAAAAAAAAAAAAAAAAAAAAAAAAAAAAAAAAAAAAAAAAAAAAAAAAAAAAAAAAAAAAAAAAAAAAAAAAAAAAAAAAAAAAAAAAAAAAAAAAAAAAAAAAAAAAAAAAAAAAAAAAAAAAAAAAAAAAAAAAAAAAAAAAAAAAAAAAAAAAAAAAAAAAAAAAAAAAAAAAAAAAAAAAAAAAAAAAAAAAAAAAAAAAAAAAAAAAAAAAAAAAAAAAAAAAAAAAAAAAAAAAAAAAAAAAAAAAAAAAAAAAAAAAAAAAAAAAAAAAAAAAAAAAAAAAAAAAAAAAAAAAAAAAAAAAAAAAAAAAAAAAAAAAAAAAAAAAAAAAAAAAAAAAAAAAAAAAAAAAAAAAAAAAAAAAAAAAAAAAAAAAAAAAAAAAAAAAAAAAAAAAAAAAAAAAAAAAAAAAAAAAAAAAAAAAAAAAAAAAAAAAAAAAAAAAAAAAAAAAAAAAAAAAAAAAAAAAAAAAAAAAAAAAAAAAAAAAAAAAAAAAAAAAAAAAAAAAAAAAAAAAAAAAAAAAAAAAAAAAAAAAAAAAAAAAAAAAAAAAAAAAAAAAAAAAAAAAAAAAAAAAAAAAAAAAAAAAAAAAAAAAAAAAAAAAAAAAAAAAAAAAAAAAAAAAAAAAAAAAAAAAAAAAAAAAAAAAAAAAAAAAAAAAAAAAAAAAAAAAAAAAAAAAAAAAAAAAAAAAAAAAAAAAAAAAAAAAAAAAAAAAAAAAAAAAAAAAAAAAAAAAAAAAAAAAAAAAAAAAAAAAAAAAAAAAAAAAAAAAAAAAAAAAAAAAAAAAAAAAAAAAAAAAAAAAAAAAAAAAAAAAAAAAAAAAAAAAAAAAAAAAAAAAAAAAAAAAAAAAAAAAAAAAAAAAAAAAAAAAAAAAAAAAAAAAAAAAAAAAAAAAAAAAAAAAAAAAAAAAAAAAAAAAAAAAAAAAAAAAAAAAAAAAAAAAAAAAAAAAAAAAAAAAAAAAAAAAAAAAAAAAAAAAAAAAAAAAAAAAAAAAAAAAAAAAAAAAAAAAAAAAAAAAAAAAAAAAAAAAAAAAAAAAAAAAAAAAAAAAAAAAAAAAAAAAAAAAAAAAAAAAAAAAAAAAAAAAAAAAAAAAAAAAAAAAAAAAAAAAAAAAAAAAAAAAAAAAAAAAAAAAAAAAAAAAAAAAAAAAAAAAAAAAAAAAAAAAAAAAAAAAAAAAAAAAAAAAAAAAAAA3rFuL1yLczVE1cxTFFHnVVV+VPHNP39/fn2/SQcmMaiKLnnRdiqmbMxMR9qKvPzmqn9Z4p4jmOOJ9+JBxPl1frT/liAPl/aOY5mftz7fl9p9/48/oDXFuia/Cryp/jRHzPf8AKJifDj8/z/sBr+VbiKZn5k0xXNNyuKeJpiJ+3hzM8z/xv84OKDftWqbnETVMVVVTEcfVP5cRMe3HPPtPIPyu141TRHtVRPE+f0zVP8Kffjjj395Bp+XV+tP/AG0A/fCIiY45n9Zq44/s4n/PIP2aLfNMRVVPMfvRTzzV+cRTzHtH5T5frzxxwDRXR4zMTzz+UTHEzE8+/HM/p7/6QaAcibFMTNMXPOv70xbp8qKo/hX5R/D+j/pgH7TYmummuKK/lx7V1RHl4zH3nj25/wAwNc49vmr5dfnRFMVRcufzPPHPlR4fzn1Ve3j9X5SDkTp9Nv5UXKq6Kq45qjIp/D2qOft/PeVzmJ4n38I+39oOrABu2aKblfjVVNPMTx40+U1VflTEcx7z+vIOTVixT4x7TXXMx8ui55Xrc+3tct+MeM/11A03MaLUzF2blqqefCmu3xE/11RVPt/HgH7Rj0zM0zTM1+E1T9fFMR+VXl4z5c+/NPEccfeeQceu3TFPlRNVURxFc1U+MU1TzxEe8+UTxPv7fb7e4NoHY/Ix4iqqPOqmiLNNc1T8uYuV/M8/p4q9vpjj34gHErs1RMTEcU1RFdHlMRM0T9p/q+/v/ACizNU8TVRHtPvVXxH+WIn/AEAfKpiqYquUf+0z5/2f0QapseNVf1RxRxPjXPy7lcTzxFNP1xz7fqDaromiriaaqeYiqIq+/E/b3/OP48R/UDQADlzizxXVE+Numrwiu7/N+VX5xFP1czH2mOfzj+wNFVjxqmmaop+mKomufHnnn7R78xP6+0+wNNVFFNHvMVVT78xPtH6Rxx7/ANYNNNuJomuauP0/8f8Akj/MDbBv0WJqtxdmu1FPlMeFVzxrnj+HE8RP5SBRa+ZXNMRMU00+VU0zFUeP68+3EfrP5foDet40c0U181fNmaaK7U+fjVH5TRxTzPv9vKPz/P2Au4tNuqqPOIimqaJpr+i9zT96ptfVxHvHt5/f25BtXMeqiaY94iqimqPOIonif0jmeY/Sfbn9PYGmmzVV5fn40zVPjMTxEfnP8I/OQb1Vi1FuqqnzmqriLcVfTEzHPMU/f5k/b2+nj+32Dj/Kq/Wn/toBv0Y3NEVVeX1eVMVREfLpqjjiaq+Z9oifqjj29vcG/dxLdmKqq/qpon5VFduuK7GTct8fOrtXpinjjzt+Nvwq58p+r29w0RjW4iKZmJuUxeqr/nOKeKfDwiJ8far3q9vfn+HANc4XNMxFFy3Vbt3siuu7xEV2KYom34U/773q5+/Ptx7x7hxflREeU/uzETxXV4cTVzxHPE8/b39o/wCYPyLFc25uRRPhFUUzcmeKeZ54iIn+r78/5gaPlVfrT/20AfKq/Wn/ALaAPlVfrT/20A1U249/KY+0+PFUc+X5frz+fsDmXMSzxVNv50RTcuRNdVH0RRRFPPv5e9UeX1e0RETH68wH58jHiKqo86qaIs01zVPy5i5X8zz+nir2+mOPfiAcSuzVExMRxTVEV0eUxEzRP2n+r7+/8AKLM1TxNVEe0+9VfEf5Yif9AHyqYqmKrlH/ALTPn/Z/RBqmx41V/VHFHE+Nc/LuVxPPEU0/XHPt+oNquiaKuJpqp5iKoir78T9vf84/jxH9QNAAAAAAAAAAAAAAAAAAAAAAAAAAAAAAAAAAAAAAAAAAAAAAAAAAAAAAAAAAAAAAAAAAAAAAAAAAAAAAAAAAAAAAAAAAAAAAAAAAAAAAAAAAAAAAAAAAAAAAAAAAAAAAAAAAAAAAAAAAAAAAAAAAAAAAAAAAAAAAAAAAAAAAAAAAAAAAAAAAAAAAAAAAAAAAAAAAAAAAAAAAAAAAAAAAAAAAAAAAAAAAAAAAAAAAAAAAAAAAAAAAAAAAAAAAAAAAAAN2zX8uvz8pommJmmqI5qifb92eY8Z454q9+P0kGQ/9Jj4aX01O9PsD7f8AuP6w4nXSnfnUvamLrmsV7S6oYu39OmvJxsa7MUYde1NRqoiK7lzimb9XETxzILi0fB8ej9PPOL3P08VTTHl1swY8uPzp/wCob3ifykGxV8H96PnjXVas9zdNXHFFy71qwrlnznnj6I2RT5+PHvTzT/X7gpt6yfBl9lW4NGz8bop1u6r9OdeuXKbun5O7KrG/sG3Ytxcm5YnCt5G2ZruXJqs+OTGRT8qKKv5qvz5pCJp6mfw93e56cODq3UTWtHwuq3QvTq79dPUrY9rKv5GlYtvmqjI3ZpFFu/RolE2omumr9pZcT43Y5iLfMhYPnHuxFMzTMRXNURM8x9VP71M8+8V08x5U/eOY/UEjv4cz0yu2H1POvXU/pV3MW+oNWhbQ2dY3Jpc7E3ZZ23fuXr93JovW7127pGpxTXTFi34V+M8eVX0+4JjU/B8ekBxRFWN3O/TzEzHWzC95q+3Mzsf344n78+3ANFPwffo+VVTTGN3P8xVXTP8A5NeDxE0ceXv/ACF/4UcfqD5jdPwdnpYZ2Hes7O1ruJ27qVdExaztW6mYm4bNurieKvw1O2tL8oieJmn50c/byiZBaK7xvgyN+bb0HUN2dnPX7E31n4uLcro6b9RtDq0PJu1WKa65qxt1WNY1P8ReyuYt2sT9h0fLmiZ+dX8yaaQhd9w3bf1j7XepOu9Jut+xdY6f7527lXcXP0fWbF2xN+LVyu1+M0+q7atTkYVdVFXheiinmOJ4jkHh34eufPxmiqKKqaZqpq5iZq54iJ49/tPIK0uyzsW7je/Lq9o/RjoDs67uDX8yvHt5WqZ1d/H29tu1fuxb+frOoWcXIjF44qqppmiZmLdyOfYE8js3+Dm7X9nbc2/rHeH1I3l1R3rexIytd0TZt61tbbWn366LVVemU371euTmxi1/MopzZs485VNXP4azNH1Bc5p+F+9IG7pM6bb6H6/Fq5Ym1Gp290YManFExxzRlfye9qp+/l4fvR9p4BbF7yPg4+2Ld239U1ns46l7x6XbwtY1yvTtu77ybW69Cz7tNFyqLNeXZnQqsCm5X4UfMjGyeInnxnx9wgRd5HYp3G9iPVfWOkHcPs2rbG4dKvX7djU8e5kZW3dZos3arXzdH1S7iYsZlNXFNXEWaeIuUffkFIc416Kq6Jtz52/36fzpn/ezH6/wB2u39E1nX9X0/SNAxMjUNX1K/axdOwsK3Vey8vLvVRRaxsW1TE1XMm5VPjRbj3meY5BMM9Lr4T3rh3N7W0TrH3db0vdDOnm4saxm6XsXTtPu6lvnWsSumi7RVrFORk6V/J+blq54xPydRjzqqmP9z+oJPWw/hTvSP2Xp+LiZnTXqHvXK+mjJz9zb1w86uqYimJufKnbdPjEzzPHzKuInjmeOZD5LrL8Jv6VvUjQ8/B2PtzqN0u1+bc2dP1Xb+6MS/p2Demmvm/e0enRsOb0TV4VV1RnW/OKYjin2kEK71e/h9e5b01LF/qdoV+es3bnmanexMbqDo+nX7eo7YmiZrw8XdGFRdzbenxl2arlVm9Obci/OLf8Aoo+X7hHhmxdpqpjwmeY8qZ+9NVMfeef0/UFyL0m+2jpl3i9/Xb325dW6Nbr2F1Q3np2g61RtvUaNF1KKMrJs2qfkZleNnU2uKK7n1TZr8Z8Z4ngGQxn4Pv0gKpqquYnc9TPM8+HWzC8Pb3nxj+Q30xM88URM8R+YNFPwf/o9ec0zi9z/ADFVdH19a8Hx8qOOfeNj8+/MeP6+4NnL+D39I+5TVGDV3N4U0xPFVzrHhX6PLiYirx/kZb8oiYiZjmOY9uYBbt7lfgvOn+Vousal2s9yGv6Lr9i3VVpG1t/aDRqenZt6aa5os5O47Ot4k4scxRRcuxpN72q8vl+3iCF135+m13XenZ1Lyunfcf0+ydB8rlyNC3dpsZOZtDdGNRc8KcvRNYu42NTlU1RNFVUfLiaYuUe88+wUHV4121RNdyIo4qimKap4rqn+l4xx7+Ht5+/t5U/fkHHBe49DX04Nr+pT3t7X6I9ULOq19JtN2rmb13vf2tq/7C1LH02xkYduLFnOrwdQoozr1Fd/xs1WY8qrfPl9PuE6OPg/fR+prq88Tubmauapj+7XhTTER/S4/kP9ETz7Rz7R7cyCzr65Hw2PZr2Sdh+9u5LtJw+smZvTp/ufbuZuKxvvqJZ3No2H09nH1i7uXULenWNs6dVXl2KsfT/w12ci3RRFdyKvvzAQOJxpn5s03KJt2/KfOJmaaoj7RT7e9VUfu/77if0BxQTS/h2vQr7FvU07U95dXe5XG6wXN2aD1F1ra0V7D6h4+1tLq0zHs41enT+Au7c1aZybc1ZPz8j8REVxVbiLdPHuEg+58H76P9P1zidz/lRTMRH92vC4qijjmfD+Q/1RzVHtzHMe3MAgc+t/2A7K9OHvw3z2+9MrOu2+mNOgaFurZl/c2pRrupZGna5karbsUXs+nE0+ivIsUYFH4iiizEWarlHM1fMjgLfnax0X1PuK7iOjnQrRaKatR6o7+0LZeNRRcnBv37erZVNm/wDOzKbeTOPEUU/Tc+Rd8ZmOY9gZLvT/AIP/ANI/I0/DyNYx+5WvU7uJj3c6cHrFhYmLGRXZoqvRZxp2Xem1R82a/Cn5tXt+YLY/rH/Dbemv2MdgXWfuT6IYvXr+6LsLEtXtF/ld1Txdd0LynGzrtz8XplraWn1ZEeePa8Y/FW448o/P2CIT6Uvbh017w/UF7au3DrBTrlfTrq51H0Xbe6LW2dRp0XV6cPNyaLVf4DULmNn049ymiuuKa6sa5xVMT4+3uGQ9/wBh7+j9MzH4bue9uPf+7ZgxEzP5R/1Dfl+n5ewLPHrlfDc9lHYp2D7x7le0nH6xTvvY+6dvTr9rf3UWxuXTKdkZWNq9zcGVaxbG2dOqnLx5xML5FE3KaaouXOblP5hBBoi3bu1UXZtVxZn65+XFdHM88+FPlHnVVxH1RNPEx9vf2Cb16Bvw8PaD6hHZdd7k+6631htajrO+de0DbePsPftna+Nl6Xo9nT7tWdONe29qc128r9oWos3abk03Yt1xERFPuF8qv4Pv0h+Ii1i9zNFc3KaoqudacO7EW6PvTEfyHo8ZrmY5jmf3fuDHZeqf0C6d9rHqEd0fbn0psa3i9P8Ao/1X3Bsbbn8odXp13WK8DRsmbVq/lZ9GHp9Fy5XTXTzbjHpiiqmfrq8vYJC3w6Pok9kvqjdC+r/ULugs9WLmu7J3TpGjaZd2Jv7H2xZqxsi3qlVdVy3e29qkx5Tj0TVT5e/t9UcAkbU/B8+j7VPtjdz8xxE+f92vB8Z5/KJ/kL9/4A1/7D29H7/4m7nv/b2YP/uCgf7D29H7/wCJu57/ANvZg/8AuCg/J+D49H2n74/c9TzPEf8Ak24MczP5RxsX7+wIl3xH/pR9pfpd7z7d9tdr2P1EowOqGj7szdWnfe7rO7syqrQatuxM0fK0bRooiuNWn2+rymPy49wtO+k5209MO8Xv77e+3Hq1RrdWwuqG9dP0HWqNt6hRompRRk5Nm1HyMyvFzqbPFFy59U2a/GfGeJ4BkMZ+D79ICqaqrmJ3PUzzPPh1swvD2958Y/kN9MTPPFETPEfmDRT8H/6PXnNM4vc/zFVdH19a8Hx8qOOfeNj8+/MeP6+4NnL+D39I+5TVGDV3N4U0xPFVzrHhX6PLiYirx/kZb8oiYiZjmOY9uYBbt7lfgvOn+Vousal2s9yGv6Lr9i3VVpG1t/aDRqenZt6aa5os5O47Ot4k4scxRRcuxpN72q8vl+3iCF135+m13XenZ1Lyunfcf0+ydB8rlyNC3dpsZOZtDdGNRc8KcvRNYu42NTlU1RNFVUfLiaYuUe88+wUHV4121RNdyIo4qimKap4rqn+l4xx7+Ht5+/t5U/fkHHBufKnmY5p5iYpiOfern86Y494/iD9qtVUxNUzTxEzTPv8AnH5A0TTPj5cxMfnxPvHP2if0mffj+qQaQAAAAAAAAAAAAAAAAAAAAAAAAAAAAAAAAAAAAAAAAAAAAAAAAAAAAAAAAAAAAAAAAAAAAAAAAAAAAAAAAAAAAAAAAAAAAAAAAAAAAAAAAAAAAAAAAAAAAAAAAAAAAAAAAAAAAAAAAAAAAAAAAAAAAAAAAAAAAAAAAAAAAAAAAAAAAAAAAAAAAAAAAAAAAAAAAAAAAAAAAAAAAAAAAAAAAAAAAAAAAAAAAAAAAAAAAAAAAAAAAAAAAAAAAAAAZkj4d7/A/wDZnx7T/cz0rifvx/tPE/IFXHqL96+lenr2qb87o9ybTyt/YGxZx7WRomn5X7KuX5ybWXepmL842oRR4xi1RP8AM1eXMfbjiQi16Z8ax0EydQtWtT7R956dhXKqKb2bi76tZ2R8uJnymjE/kljxVVTE8xHzo+/Ez7gvq+m967HZH6l+r0bB6Ubm1na/VqdPy9Vu9NN32cXG1u/p+FNinIv6ZXTlfMyvC5foonjGo95p9uZgF4Xemy9p9TNo6zsreugYO4dsbi03I03WdE1rFt5GNlYmVaqtV2crGuRVRVFVNU8xP2kGHT9dXsV07sE9Qzqh0Y2jj37OwNxW8LqN04t1RFNqxt3dWZqcY2HbmmmmjnGpwKIqijiIiqmOI9okL1XwXkxHef17j7c9KrExEf8Ar+b7f2cAyVGbcqox79duKqq7FFVzxpufJmrwpqr8fPwr+/jxx4zz/Z7hDn7mvi6ulPbL146s9DNW7Vdzbl1HphvTU9qZus4+/aMGzl3sK9VZquU487Typt+U2pmmn51czz944nkOz6B/GK9kW/8Acekbd6sdK+oPSDB1DIotXtw0X7G4dKwa7tdNETk1142jeNvmrma/KOaaZniOPcJWvSjq1sfrVsTb3VPppuDF3PsfeekWta2/q2mxRcjUcLLt0XbEWq7V67RGRj0VxN6mKqpq+dR+7481BGf+Ke9NzYHcN2P7z7stvbex7XW3tv0qvdGZubHx7dF/O6eafj3r+4tPzardv5ty5RXZwJxpquVRR53+aZ8vYMXJpGkZe4NZ07RNLxrmRnarqNjCwsWzTVVVcvZl23ZsxTFEVVVT5z9op9/f+wMw/wCiD6Zu0/Tq7Pdibbz9v4VnrdvrQ9O3L1c3RFi3RqE6xkYdq5awKK6rc37dvHqvZU0RVdmf5yfpBXN3vd7fQ7sH6Ia312677otaDtvTKfw+lad+Is2tT3LrNVq9dsabi0XaqfOu58qaapppr8Jro5pq8oBEcs/GsbDy+on7DyezLUcbpxRqExXu6Oq9GVqlWlRd8KdQjb38grVERNvyuVU/tafCeKfOqJmYCXT2T97PRTv06G7d66dCtcxtX2zq92MLVNP+ZZvZ+jZ9Nm1dvYWdTbuTNqbXzIppqqpom5xVxTHiC3n67HpnbI9Qns53xbt6LhVdaenWlapurprr2Lat05mTcwcSbtzTrtVNub12nIrt40+NNyPCaPtX5+wYg3XtL1DQ9c1fRtVpv4+sabmZODqGPeoqoyKdRs3arV63VTVxVHy5o9+eJjynmATAPhQ/Ss2v3M9Zd1d4XWjbdjXemXRi7iab0/0nULMVYmsb7yLt7Ip1eqi9buWrs6FGn2eaaeaqv2hE1VW4j6gyV3GJpWJfyLlzHxcfDsc3oqqpt4un4WPRVM+MeNNPjboj6p+mKoiP3eI5CJb6gHxY/bX2m9T9w9J+iPSa/wByW6ds3ruBq2v4G8bO2Nu28vFu12b9i1m2tB3HF75ddPvPjRxExPE88QFT/pDfEc9AfU+35e6K7i6f5HQLrfVj3szQtnZW67O69G3Rp9mq3bruabrdej7crq1Gm7dtxd06nTbnyYu25jIr8/YL9nXPo5sDuA6W7x6TdStDxdf2dvLRcvSdZ03Mpt1UW7OVYu2qci3TXbu0UZFrzq+Xc4maeZ9veeAwxPqkdmeu9hnen1m7d9Sx7lWk7f1nM1DZmRTFVNrK2nqWXlU6bfpqmmIr+nFmJ8JmmIj2n7AqI+Hs/wAL32V/419v/wCu2AZkiavGuqPqiJmJmqfaiKYmeYifyq945+/5ewIyvqr/ABH3T70su6q92x7t7ftc6lavHTrZ2/7Ouabu6nR7NOPu29rVqnFrt1bd1LzuUfseZqq+ZTz5ccRIKHNh/Gi9q2sapj2Oofbh1F2TplddNNzO0zXLO5q7flVETXNmrRdHiaaY5qmPmx5cflwCUn2Yd7Xb1349H8TrX257zs7p2pmX6sTLovU2beraNqXyrd27h6ph2crI/D3PGuIopqu/VNuvj90HgPqt9gXTr1BO0TqT0d3Rt7TcrddnbGtaj033Xfw7V7P2rubGw6qsa/i5NX87aoyKotzct0VUzVNijir6eAYX7f229R2XufXtmavNX7S2zr+r6TmUVRNNVORiX6bFyqYq948ptx7TETHH8QfFR7TE/pMAyRnwdPaXjbU7duqvdvrOl28bcPUvc9WzNrZtVrmudG0a1dv5EW7lVFMxbvzqmPzTRM0z8uJ5n2BJ97tO87a/bL1N7SOl+vXrNnWu5rrZo/TTSZvXKKKYxrldmjUbsU1cTV4Tm4nMx7U+X1feAewd1fQ3b3cl249bOhu57NrI0PqjsDX9pZtqumm5TOPn4Vym1MU1RMec1cxE/lzHAMHz1p6b7g6M9T+oHSzd+PXp+4dj7m1jbmq6dNuq38jK0nKuWsaKvLiqYrprr+9FMz4/wB42DJwfBmU1T6f/AFZiv6bdfWjV6aKvf3q/D2vKP/ufzj8+f4hLN1HqDpuk9TNrdO8yumNR3poG5Nd0KiaqfrxNo1aTRrFXjPvM0zrmB7x7U8+/3gEFv40ntmsXcLtt7qtExqYyMfJ3F023blW7X13JuxoV7btF67THvNr5erTRFc+3nX4/0gWXPhWO221109UjYu8daxqL2idEdr6t1Gi7ftzcsTruk5emVaXTNUx4xcmIyfHn6p4nx5iJ4DKj6rvfE0vqHsfp9eii3qW7tG3Vr1jxqj6rO0qtEpyooieJqp/6d2eePaP7QWW/iVpmr0ge6KqJiaJ0jC8Y5+1UYWseU/b84mPz/sBjjPh/f8MH2Mf46tsf67aBmG+qG9Mbp5sDeO+Myr/au19GytXvRz7Taomj85ieJj9P4/b7gp677uhmn91/ZV176MXMfHzqepfSzXtN02btNN23bzcrTa68XJo+8edvmvxqj3jyniQYRPV9r52hb9z9oXseqNS0vc1/RcixVRVFU3rOfOJTT4THl5eVf7sxzx7e3uDNO+mD0Ax+z/07e2fo5m4trTdS6f8ASXbt7dldNNNv8Xr9WnUXNSzL0TFH89fi3Z86q5mqfCOZkFcnTnddG+Nj7Y3fTE26Nd0qzqEUc+1MXufaf19qY4+33+wMNt68UVR6wnf55U+PPcdvmaf+FTObTxV/b/yAmTfBaxM9qfcdxPH/AJIW3+eY55j5Oucx/b+oJkHUPd9nYWxN17wvYlWbRtXQc7W72Dbq8Kr1GHYrv/Kpq8aopmuLcxFXjPjzM+M/YEJzP+Nh6TYOdm4VXZluS5OHl5OLNyOqlumK5x71dma/H+Qk+PlNHl48zxzxzP3BxP8AZtfSX/1F+5P/AG6tv/3AwP8AZtXSarnx7L9yzMe8RHVW378fr/1B/b9QRxfXR9Yfavq4bp6L7q2v0k1Hpbe6UafvDDqx8/c1OtV3qNYnb0zXTXTomlTHj+zI9vGeefvH5h4Z8PZ/hfeyv/GzoX+uWAZkyavGuqPqiJmJmqfaiKYmeYifyq945+/5ewIyvqr/ABH3T70su6q92x7t7ftc6lavHTrZ2/7Ouabu6nR7NOPu29rVqnFrt1bd1LzuUfseZqq+ZTz5ccRIKHNh/Gi9q2sapj2Oofbh1F2TplddNNzO0zXLO5q7flVETXNmrRdHiaaY5qmPmx5cflwCUn2Yd7Xb1349H8TrX257zs7p2pmX6sTLovU2beraNqXyrd27h6ph2crI/D3PGuIopqu/VNuvj90HgPqt9gXTr1BO0TqT0d3Rt7TcrddnbGtaj033Xfw7V7P2rubGw6qsa/i5NX87aoyKotzct0VUzVNijir6eAYX7f229R2XufXtmavNX7S2zr+r6TmUVRNNVORiX6bFyqYq948ptx7TETHH8QfE/wBYPq9vbe1neOtYG19t6ZlaxuDV8zF0zQtHwsacnUdSzMquaLONjUxVTM3q6/GmmIiqZmqIBc/tehz6uOXbtX8H0+u5vIwcmim9Zzsbp5m5NORZqpiq1esXfnW4qtXqaomn6ftHPPuCkHuZ7Ku6vs8zdE0vuh6EdRehmq7ps3cvb2mdQNBu6Nl6tjYs2oyr9mm7V9cWJycfy8YmOb0e8ce4UpgAAAAAAAAAAAAAAAAAAAAAAAAAAAAAAAAAAAAAAAAAAAAAAAAAAAAAAAAAAAAAAAAAAAAAAAAAAAAAAAAAAAAAAAAAAAAAAAAAAAAAAAAAAAAAAAAAAAAAAAAAAAAAAAAAAAAAAAAAAAAAAAAAAAAAAAAAAAAAAAAAAAAAAAAAAAAAAAAAAAAAAAAAAAAAAAAAAAAAAAAAAAAAAAAAAAAAAAAAAAAAAAAAAAAAAAAAAAAAAAAAAAAAAAAAAAzJHw7v+B/7M/8AFnpX+p4gPLPic/8AA/dxP/ruj/6lrYMQXP3n+uf9ILmPo4bx3Tsj1OOzLVto6hk6fqmR1u2hplyvGquUzkYWZnU/iMW7Fuqma7N35dHnRVzTPjHMAzWeNVcu4uLcrpmm5Ni3dv2OOZuXK7dMzzPt7zMTPvHPvzEewMb58Z7pWjWO7Pt21XHqt067mdPdQtZlmjx+Z+HsXtMmxXXMfVMc3bvjFXt9+OJ8gdF8F7PPed165+8dKceP7Pn53H/KDJV5fH4XK+3P4e9z+v8AudXHIMJD6tEz/wBEq70459v74DfMcfwjPp4j+wFvyiPL5VU1xH79Fc0xMfKt2/Di5Pv+XP8A4f0DK6fCU69vjXvSS2ve3jkZmZRhdbuqWm6BkZ9V2q7G3sTD2hGmW7NV2ap/DUxcv/K8eKJ5qiIj3Bdu9VjJ0qx6cfeXf1yq3Z0a10I3tOo3L00+MYsYP857VfTzPtxzMwDFW+hX0L0vuG9V7tW2JquFVqe2dJ6k4m9NwYdVNM283bm3dTxJrpriqi5RFERmxzNVNVMc8+4Myjat0WLFrHo8bdNu1bsW4+8RTRT4UUxHtzxTTx/oBjSfjH+6zXN8d4/TftVw9Vm5tLo703w96ZGPauV+FW4d8X5s5tm9RTX8uq7jxtmzx5UzNPzKo9vIENXFszdu0Wapoo+bPyYuT/QqnjiauZjmI/r4BNJ+De7sNc2j3Z9V+1TVNTi5tzqzsG5vzT8e7XXxa17ZV67Zi3aoquTRFeTG4qfLwppmflU88xxwGSLyMPH1HGy8HKxqarGXj3LV6mviqmqjKoqou0cTTxMeMRzE/rAMMV633QjH7fPVI7udg6ZYqw9Hq6ma3uLbluaIt86LrGdkfgKrdMRFMU1TjXfDxiY9uI94gGS6+HL6CYPQf0ku2HBs2YtZfU/b391/VubcU3Ks/eWFpk36Lkx9VXh+zqZp8v1n29/cPRPXh7ndY7T/AEwe5DqdtfOp0reOqbZyNi7S1KrmK8LXtz4OfGHVbqprt1Rdj8BX4RTVEzxPHAMM3l5eRm5WRm5N2u7k5V67kX7tdVVVdd29XVcuVVVVTNUzNVUzzMzP8QVDdp/cFuftY6/dKu4HZ013Nw9Ld5aVuXCwKMuvF/acYl751eFXcoormmzcm1RF2fC5HvTM0+wJRXWT4xzvo3Lp9endHOmPSrprXXYi1d1TXsPI3VkXIvURTXfs2KJ0P5V+Joiq1e+bc+XM1fRV5ewRsO87vf6+9/PVmrrZ3Iblwt0b/uaLgaFTl4GHc0rDx9Nw7mTctWLWNcyc6ummirIr4qm9Vxz9ueZBW78PZ/he+yv/ABr7f/12wDMn0/0v+NP/ACAxVPxhk/8Av369H/xsPRSf/t3fHH/KCLBzzxzM/wBvvwCeh8FNrO969294u2Ocq/06ytL6c5eVVci7VhVavYnekWqbMzM2qbs03LnnFPFU/TM88RMBkDc67ZnQ9TyblfjYr07NuzVXEU/Ls/hrn0zzMxEUxE+/tH6gwenqE3dEvd63crf0Cu3d0fI6r7nuYt214/Kro/H3fOKJp+n84+39f2kFKegaNn7g1nR9D0/Gu5eo6zqenYeLi2KJuX8m/nX4s2rdu3H1VTEzPEREz7/wBm0PTC7Ycfs87FO3DoB+DnF1LZ3TvQbO5YmmKa7+4srBsTn5NfFNM+VfyrflNXNUcRzVPIITnxVvfLrO3fUv7WNgbTz6L1HaZp2j9RaKsfIqj5Ou9QNTwo1LEvzbn6L2JRs2xNcTHnR83348pBP36DdUtB6zdCumvVrbt2znaNvnZmiblwbtmum5bv052Faq5iunmKpmeeZj8gYtf4o7tSyu3j1LeoO+MTDqwtpdfdPnqRplymz4Y9/W5ysivU7FuumItzVajNxPOIjy+umZ/QEZwGTj+DJqmewLqxTxxFPWnWOJ/XnHtc/5OP8AOC8T3s9a8Po56k3pj2NUvWqdJ6sad3D9Ifl3qvC3XqO8Mro7+Brq5q8ZqojT7/jHHP1TxPvIPOfiNe3H++R9JruO0jEwas3WummlWOsGgWLNv5l65qmy8LVJx7Vrima+a41GZq8Y5nxjmJ4BZf8Agye2bI2X279w3crqmnV05/VDdmh7R0O9co9pw9k0a1Xlzaqqo5n507isefhPE/Lp559uAv8AWvdc8Pd3rKdOegePl26sjpH2vb/3nn49uvmqirqTnbYt4/zqYq9uP5JXop8o5j3B4R8StZot+kD3Q10/erSMOif6qMPWOP7fqkGOM+H9/wAMH2Mf46tsf67aBl2+6+1+J7a+t1qmIif7n24pj2/pWcSbtP8AnogFOnpa9crPc36e3bN1Uy8q3n6puzplpWNubxri5OLrtNmu3qOJenmqfm2aa7PzKauKo8o5iOQY+zrB6ds5nxM2ndtuVp+Vf2dvbr9pPVXItxi82rWwta1vIqzsum1FMUTi2ZxbHv8A7nT5e9X2BP8A/VY6y4fbZ6dPcn1Jx8qjB1Tb/TDJ07akXK4szf3DVbos6Th2uKqZ+deptXvCmjmqfGfGPuCtDobY/D9HumtqYiJp2folcx/wrmHbuTP9fNc+4MOp68Nfn6wnf5/we47fNH9fjnU/b/L/AJQTJvgtoie1HuP5jmP7oO3/AG//ALWtgl2dyPNHQTrBX5zHGwdxzEx/Rj9n3f4/ePyn2+/6AwS24qbf8oNc/dn/AKcan7/O/wD52/8A8Cf9Mg6fxtf8H/6N/wD8wfsUUTP0/Lif+Fd5if4cRRANyIqmmu5RTNFVriPOiueOPeZnjiOefz/8ALzXw9n+F77LP49V9vzP9f42x7gzJ9P9L/jT/wAgMVT8YZP/AL9+vR/8bD0Un/7d3xx/ygiwc88czP8Ab78AnofBTazvevdveLtjnKv9OsrS+nOXlVXIu1YVWr2J3pFqmzMzNqm7NNy55xTxVP0zPPETAZA3Ou2Z0PU8m5X42K9Ozbs1VxFPy7P4a59M8zMRFMRPv7R+oMHj6hl3Rb3ep3K39vV27ukZHVfc9zEu2vH5VVP4+95eE0/Tx7xzx7c+/wCcAovBUb2lTMdy3RKYmYn+6ZtX35//AKhAM6noURGhaHERxH7L0z2j/wCU7IMd18bN7daOznj89pdSOf48V7K45/XjmeP05BBkAAAAAAAAAAAAAAAAAAAAAAAAAAAAAAAAAAAAAAAAAAAAAAAAAAAAAAAAAAAAAAAAAAAAAAAAAAAAAAAAAAAAAAAAAAAAAAAAAAAAAAAAAAAAAAAAAAAAAAAAAAAAAAAAAAAAAAAAAAAAAAAAAAAAAAAAAAAAAAAAAAAAAAAAAAAAAAAAAAAAAAAAAAAAAAAAAAAAAAAAAAAAAAAAAAAAAAAAAAAAAAAAAAAAAAAAAAAAAAAAAAAAAAAAAAABmSPh3f8AA/8AZn/iz0r/AFPEBzPX26BdXu5300OtPRzojsrV9/8AUDc84Fekbd0PGryczImxi6nRMxTbiqqaaasiiJmKJ5mr7RwDGvab8PB6vWoahj4dzsz6mafTfrt2/wAVqWmZuHheVc8TVXk/grny6fzn+bq4j3+wJOXoRfDRdZe2/uK2Z3Z97NGk6JqXTa5c1zYvS/SsmvOzqdy4t3Gv6drGrZORj43+18OaK6KsKnDiq7N2eMm34+4TwvnWsazXevT8u3b879UzMfzFmmnmfPmY8KKKaZmeeYiIkGJW+Jv7w9A7rfUv3ph7B1XA1rY3RHTcPpzp+p4l2nJs5+4MHLz6NeybF+3VNu5iVxawPkU0x/NzFfNdXlHAXCPgvoj+/P68zH3jpRj01R9uKov5vl/X/aDJU5NuuqxkUW4ia7tq5RHlVxETVRXETM8T7RNUe3H9oMdt3u/Cid+Xcj3ZdwHXfaO9Oj2Dt/qn1M13eGkY+q7myMbNsYurZNV6fxGPTgVxRMU/LimmLk8TFXMg6zt++DD6+Zm69Kzu5DuC2XtzZ2Nm269b0vY+Fc1/UM/TvmUTkWcbUruo6ZTh3blFE0xdnEvxRM8xbn7SE8rtX7a+mPZ70L6e9vPRzTLejbF6f6Ni6ZpdNc0VZut37Nm3ZzNT1Gu1btU3dRzIs2Jv5k0zN2aaeaI8fcI1HxVnqc7A6K9ne5OzXZm6tPv9Z+usU6PuvScO9aza9H6efIv2NwY1+bN63cxs7UK8zDjEvV25pt/hb/Nqvn6QjB/COaLj6/6vu3asm18y3oXQDqnq1mrmPK3mYGbtD8PXEzE80x82vyiOJq59piIBlaflcxHnVNfjci5TP24mPtH3nmI9/wDKDD+/Eu6/l616v/cx+IrmuNIzMPQsaKo96MPBzdX+Va+8+1PzKuOOIjmYiAWFouzVXVVVRRMTNVVXFPE088czT7+3HEcfoCQr8MLr2VpXq/dAfwtUW69X03X9KyeInxqw9RzdB/E24iKo/e+TR4zPPE8/TPsDLq0zV825TMzNERTVHMc+9XPMRP6Rx7R+XuDFB/Fb6Fh6V6yO6reFbj5mq9Kelmt5sTx43MnO1PdEXZmIiP3otxzEzM8xHMgyT3pq6Li7f7Au0zQ9Ppqs4um9EdmYmNRzE1UW6MCOI5iKYmY5n7RH9QLG/wAYLrOTp/pM0afZrmixqvcd0ptZXhzTVct28Pdv0TVzMRRV8yfKJiYq4j7cAx73pYen1PqWd12gdrmJ1Eo6X6jr+3dc16xua9of8orFqjSb2mWYojAjVNH+dNf4/wAvbLt8+PH9QSt7HwRWvXKKeO/rT66bNddPhPQf5tEXJ8fP/wDalRxPtHt+XH3nkG7PwRGvx4+Xf9h24iKKIqjoJPtFHPjH/nqT+s/b7gsies/6EGo+kNsvpFufUO4K31iyuqer7r03G/DbG/kpVYo0GNBmzFVud0a9x5/tar5lXl/RjiJ4BT18Pb/he+yvn/sr7f8A9dsAzI9dyaa/CKoomueKZmPLmqZnj25jiI49/f8AOAQrfXh+Hi7uvU679MjuV6Mbt6a6Fsv+47076f04u6tYvYWozqu1Mjcl3PvfKoxrsfIrp1bHi39XPMVczHtyFqPp98F73maprWPZ6kddele0tB+ZTOVn6HRf3NlxaiuPOLeHXl6RE1eHMxP4j7+3t9wTZ/Sv9Lron6WfQvI6VdMM7Vdwa3r9eBq+/wDe2pU2rNW4dVw7V6i1Vj49HzqsXFtVZGVVRjVZWT4fO9rkzzyHz/rEeol059PTs86i9RNf1jTauomvaBqW3emWyrmbao1HW9w6jh3abNyjEnm7cxMWum186qiiZtzft/fyBhrd4bi1Pd+v6puTUr9OXqes6vn6zqVdVqaKqc3U73zrtFdU11zXTT4xETPHH345kF5X4e/tQ/vtPVG7etuZ+j1attHp9rlHVXfGPc/nMavbm1c3T5uYl6Zt1UUVXvxlfEV01RV4fb6ZBmDs/Nx9vaPn6jk3KMXT9G06/kT8yqIooxcHHmuqu5cniIp8LdMUzxEU8VffmOAwofqqdyVzuw9QXud66Ws+jM0befVTcU7Wj583LeHtrEz737NxOOJiqxZ+bd+VNM00R5VcUx78hknPhdu5yjuG9LPpltjPzKMjcXQvV87pfk4tur/bNnQtIw9Pp0LJz5qrqryL+RMZ/ORVTai78v6aI8ZBRh8X52f09Sex/YHcXoel3dQ3D2/7ruYus51FcU1TtHcti1d1O/m0xarru04k6BYm1XNyiizN65zz8z2DGLT95/IGTk+DJmZ7AOq8e3EdatZmPb35nGs8+/8Ak9gdT8Vt1k1ft+396XvWjRMi3iar076yb03Li37lublq3cwsvp7MzctU12puW+Kp8qPmUc8RzVAJUWRf2h3Gdtl6eaNY2l1b6XZGRRHNFdnNwNW0byqiJ/nKJoquVU+McVR+Uz+gUHeh9255Ha16a/QjY+sYl3TtaztK1PfW4ca5M0xZ1PcMY85lM0TRRVbi3Rp1vxt1czb5mfKfL2Cxn6XfX+33NfEdeoPvOxqMatoe1Nl6x022pnW6uaattba1bUPwPFcV3KblUzmXeb1PjTV7RFMce4XWfiWYmPSA7n/fimNJxZ4/WZwtWiZn/J7f2/wBjifh/f8ADB9jH+OrbH+u2gZefujoj+9060x78VdPdyzP9c4Fz7AjG/CD9zdvqZ2YdY+37Uc+m/r/AES6xa1rVu1NfF2xt3fty/a0jFtUzVVVGPiztbL8KYiKaPmVcR7guYbn7O8fM9dDp/3eX9KqrxKO07d+xKcyKI+Ra1bF1DQb+NlxPhMU51iLtz5V7y8qfOv295BbB+L57lv7n3aF0O7ecHU7eNq/WnrTom4crFte2Xkbf2BfxLWfj3Ji5ExjX53VY+fRNFVN2aKOYjw9wlYdIPbpd05oj2p/kfoc/wBtOn43H+meQYcn14KYo9YPv8iOeP747fM+/wCv42mP+QEyX4LifHtQ7j5/TqDt/mOOZmPk65zEfpM/r78foCZluzb2n7w27ru0ddtXbui6/pmVpmqzZrixc/BZtqqzet2rk03IpuTRNXFc01cT/RkEeDK+FK9IfMycjLvdPuq83sq/dybs09RMKKZuX7lV2uYj+Sk8RNVUzEczxH5yDY/2KF6Qf/Y96sf+3Fwf/cTBt3vhRvSFs2rldHT7q1FcUVeM09RMGaoq4mYmI/kpHvzHt7gxpPqS9EdhduPfb3UdCemWFqGF0+6V9X9ybL2nb1i/Tk6hjaPpeTNrFp1LMotWaMvKiniK8mLFmLk/a1Tx7hVz8Pb/AIXvsr/xr7f/ANdsAzI9dyaa/CKoomueKZmPLmqZnj25jiI49/f84BCt9eH4eLu69Trv0yO5Xoxu3proWy/7jvTvp/Ti7q1i9hajOq7UyNyXc+98qjGux8iunVseLf1c8xVzMe3IWo+n3wXveZqmtY9nqR116V7S0H5lM5WfodF/c2XFqK484t4deXpETV4czE/iPv7e33BNn9K/0uuifpZ9C8jpV0wztV3Brev14Gr7/wB7alTas1bh1XDtXqLVWPj0fOqxcW1VkZVVGNVlZPh872uTPPIfP+sR6iXTn09OzzqL1E1/WNNq6ia9oGpbd6ZbKuZtqjUdb3DqOHdps3KMSebtzExa6bXzqqKJm3N+39/IGGp3ruPUd365q25NUyIydS1nVtQ1jUq5tTbrpzdTvfNu0VVTXXNcUzTEU88cREzx7g+OB6X0t3tV0x6ibP6hY+Jb1K/s7cOlbgtabXfmzRnXNPvzfi3+J+Vc+XRVNPEz8qvjmPYE0PF+NP664OHhYFHafsy5RgY1nGpyqt93LdGXTjWrdqmuij+SVfypqin7edzjn7zILCvrE+sLvL1cN39Kt47x6W6X0xr6Y6VremabgaZrc6zGTTrk6VVl3L+ROlaZ5+P7KsfL/momnyq558vYLLYAAAAAAAAAAAAAAAAAAAAAAAAAAAAAAAAAAAAAAAAAAAAAAAAAAAAAAAAAAAAAAAAAAAAAAAAAAAAAAAAAAAAAAAAAAAAAAAAAAAAAAAAAAAAAAAAAAAAAAAAAAAAAAAAAAAAAAAAAAAAAAAAAAAAAAAAAAAAAAAAAAAAAAAAAAAAAAAAAAAAAAAAAAAAAAAAAAAAAAAAAAAAAAAAAAAAAAAAAAAAAAAAAAAAAAAAAAAAAAAAAAAAAAAAAAAMyR8O7/gf+zP8AxZ6V/qeIC89l6jjYducnNycbAw7dvzvZGbdt2LEc88R829XRRHHjPnzxxzHHP5B0v8rdtUW6q6907dtxT9dddes6dXT9pmrxj8THjTHtMTzPPv7Apx6xd9HaL0E0bN3B1d7hemOxtNwJ+RevaxujT7czk3Ka6rONREVzNWRei1di1a5+qaKo8o4BDJ9Y/wCKq2Rrm0N09APTxytavZ+tYudpm5+uWTxpVOLRXRXjzb2pYxbmVOo03YuXbn4v9oYvtTa4s8VcwEBTUdYv63nZ2razl5Obquo5dzLzc7Iqqv3srIya6rmVlXK65iqbtVfjMczM+9XuCZN8F3VM95/Xrj92OlNiIn7TPF/N4mY9+Znn39/0Bkq8q5TZs3rt6rwtW6fOqvy8KaaKYqqqquVcT40REfVPE/6AW0t9+sR6YHTXem4OnPUPvh7fdmb027rObt/Xtra9vTEwNc07Vse5btXMW9i1U11RcpuVeEzPjVMxxxH3BcJ2ZuXbW9dtaNuvaWv6Zubb2t4VvUNH1zRLtF3TNVwL9FNdnIxblFVdF2zXRVFVNVNXvTV9vfgFgT4iPvj70Ownte0nqT2obX0L9javnalo3UHfd/8AE5Ws7LtXbGPOlahp+n2LNuKbdUTqNeRl159n5E2LPFuvzmaAxTPWvrB1L6/dQdx9Teru7sreu+tz51eZqev6lmXcq5fruXLl2KcW5eqrqoxqK7lya6YmYpmqmOZBII+Ev3Zi7U9XnZdvLyYsW90dFupG2Mf2iZv6lq2btT8La58qZiK/kXOZjmY4jimfyDLAfM4qp+qauZinxpoiZp8vtXVPlxFMcffj/lBiHfidtm6jtf1gev8ATm2qrM7nwtC3XhTdiaPn4Ws5uu/Iv08x70VRjVfVHMe33kEfqzi3bt21aoqopm940xVVXxRTFfP79XH08cfV9+PYEi74W/ZufuP1eei97EsxXG3dq7h3RfrrqmmijTtPztC+dX5RTVzen5lPyqPaK+Kvqjj3DLd1VTTVExRNU1zTTM/aI459/wA/b39v15n39gYmD4p/d9ncfrFdRcrHrif5M9POnu286miYqmxe0TU9yV5FqZif90oi/T5Uz4z7x7RzyDJSelpvPTd9enV2gbz0u5Xc0zXOhuzc/DrvURbv/h7mDEUxetxVci3d5j6rfnV4+31As8fFy7M1HdvpJa5madi1ZH8l+u3TPX872q8rGmYeHuucvKiIifot+VvmqeIjn3mAQLfQp74einp9d/8As7uK7gL+7LfTfRdnbj25nTsnQbe4ta/Havk6RdxJs6Zdz9Mpu49NGBkfNu/i6PCfDiirymYCd1a+MA9IG5ct2Yyu53zrrptRNfRLCq5qqq4ia6/5cx+f3nx9ogEjvoF1p2T3I9F+mvXnptVq1WxOq209M3ntSdc0+nSNanRtWtzdxP2jgU5OZThZU0RPzbEZF+KJ9vmT9wQwPjY5mno52bzxNcTunqXNuqqrmqJ8Nk8xMcRxHvEff8vv+oRUfh7P8L32V/419v8A+u2AZkW7H85RVFNdU810fREc0+XHFXlzzHHE/wBGeZn7wChLrx6m3YT2udRLnS3uP7qukXRTqFa0fS9w07X3/ubH0TVLuk61Xl0YWVYtXYqquWb1WDfifppiJpp4qnn2CovoP3G9DO53ZFjqP2/dVdm9XtjZGTXjWd1bH1S1q2jXL9FNNddmMmz9M3KKa6JrpnieKo9wU0epb1t7h+3bs86wdY+2XZmn796n7G0e7rmNoOrZF2ManR8XGy7ubl41ixiZFzJyLFVFiaMePl+fPE3KeIBh+O+Lv37mu+/qpk9S+5Df+pbn1qm1ds6XodFeTY0jbFPzq5pwdP0+9kZEWabNUeFVflTNcUUx408RyFENc264pjj5cU26ImbczXzVHPnXMcU+VVXNPnMzHHEff2BkNvgyO0mnR+n/AF47wdwaRZpyt06vp3TnYuqc85k4mm06lf3RFVqqzHysO7+N0WbF+3erpyJoueVFHyo8gmedxHTfc/V7oj1P6YbP3ZGx9yb72dqm3NJ3ZXp1WqV6JfzrFVic+MCjN0+q7XZi5FVNFOZZmriY8455BCLy/girmoZmXmXPUQiuvKu36rs1duvnVauV3Ju+Pl/ddjyqpquVc1e3PtPAL+3or+i1uz0gp6y6XPdFR102j1cubdzKtCudMK9kXNE1bQf21FvKxMn+W+5qK4yqdXmMm3GNam7+Hs/XHiC5n3z9uWi92naJ137eNw41u/idSOnWtaDbu3uJixm5GFkRjZM1VU1RRVZmKopriJmJrn9ZBhAuoexdc6d723ZsncWJOma1tXX9X0PUtPv+VF/FytMyqrNyzcoqopmKuPHxiYiZ9/aOAZKz4MuKqewPqtHt4/3aNYq9vz5xrMRxP9k8/wBgKa/jYLsUdMOya78z5VNO4uqtc18c1U+NPT+qJopiY5r5jmIiY54n3gF9H4dHuPp7kvSl7e9Vz9Qu6zrvT3S7vSvcl3Io8bv7Q2xhabTkTFM3btdeNXGbEWr1dVE3fGv6afH3C4j3rdadD7TOzbr31kmm3pOj9J+le49dwsexRTFFNWLg3Pk4mHaiq3TXciZmbdqKqZn34mAQHPg99xaju71Fu4ndGrZVWbqO4Om+t6tmZVyqqu7ev5mo37tVdyqqZnzmKo5iZmY9veQSu/iWef8AoQfdF/vZ0jD44+8TGFrHPP8AX+QMcX8P7/hg+xj/AB1bY/120DL090X/AKHXrP8A4vNy/wDe+6DG1fCSdys9JfUs310c1TOnG23142vrOm/houfVl7s0HVblvbFHyZmmmbVMa3qfzb3M12vKjxoq85Bk9b2Fh38u1q17CmrO0/HysXHvUURXkU28ubP4q1a9oqmm58izMcVR5eH2jgGMH+LE7k7vVz1QNm9H8TUqb22uhW3tu6Vbxpq4/C7l17WIo3RRXRFVdNMTGiaV8u57VXZpq8qafCJkMmN0h/8AOw6df+wdov8A3vxQYcv14v8ADCd/f/sxu+f9epBMk+C3iZ7UO5CKeIq/ugbf8Zn8p+TrnEgmMdTd23dhbA3hvaMCnUf5J6FqOt04U5P4eM78Bj3MiqzXc+Vd+X5eEUxV4V8eUz4zxwCClqHxwH4DPzsH/oeHzfwWZk4nzf74zw+Z+GvV2fmeH9yGrx8/Dy8fKfHnjmeOQcP/AGcX/wDI7f8A/I7/AN5ADjZfxwNGXZqs1enbRTMz5W7lfcV82LVyImKbvy/7kVHnNHMzFPnTz9uY+4IYHep3G6b3Wd0/XfuP03bl3Z1vrR1F1/fN3at7LjVrWl/ti9Teoxozfw2B8+bU+VPn+Ftc/fw9/YK8/h7f8L32V/419v8A+u2AZkW7H85RVFNdU810fREc0+XHFXlzzHHE/wBGeZn7wChLrx6m3YT2udRLnS3uP7qukXRTqFa0fS9w07X3/ubH0TVLuk61Xl0YWVYtXYqquWb1WDfifppiJpp4qnn2CovoP3G9DO53ZFjqP2/dVdm9XtjZGTXjWd1bH1S1q2jXL9FNNddmMmz9M3KKa6JrpnieKo9wU0epb1t7h+3bs86wdY+2XZmn796n7G0e7rmNoOrZF2ManR8XGy7ubl41ixiZFzJyLFVFiaMePl+fPE3KeIBh+O+Lv37mu+/qpk9S+5Df+pbn1qm1ds6XodFeTY0jbFPzq5pwdP0+9kZEWabNUeFVflTNcUUx408RyFD1+qiqiiKaaafGiiPpr5iqqOfOufpiaqq+afKfy4j7+wOIDnRdrrn5cc1UeEW/lWvoi5TH9L8/6v4g1xNduzTxTXTRNyYm5XX5WqPKIiaJt8R9VP51cxzz9oBxLk+UTEzExRPFNURxFUT95j3/AIR/o9uAbIAAAAAAAAAAAAAAAAAAAAAAAAAAAAAAAAAAAAAAAAAAAAAAAAAAAAAAAAAAAAAAAAAAAAAAAAAAAAAAAAAAAAAAAAAAAAAAAAAAAAAAAAAAAAAAAAAAAAAAAAAAAAAAAAAAAAAAAAAAAAAAAAAAAAAAAAAAAAAAAAAAAAAAAAAAAAAAAAAAAAAAAAAAAAAAAAAAAAAAAAAAAAAAAAAAAAAAAAAAAAAAAAAAAAAAAAAAAAAAAAAAAAAAAAAAAMyR8O7/AIH/ALM/8Welf6niA8v+JjvZGl+kn191jTsm5g6pj5Oj02NQtXLtnJsW7mFrU10Wrtq5bro5mmmfar7x9gYjT+Vu5/KibO59xxXTRHlVTq+o+VVX9KePxUxxPtxPvz9/b8w4WTrWtZ/lOoatqWZTM83KMrOya6rvvPNMTdu3Ymqefbmn+2AdbdufNpi382ui3TM/LsV1fM8Jnj3mvinn2iOZ8ffj+sHBBNB+C5mP783r1H5/3KrEx/8AR83/AJgZKvN4rxcqOao+XYu1TETx5cWq/pq9p5pn84/MGE09WC/EepH3m1fRZuz173dctZNMfXYiM+v3pj7xMzETPFUcTEe088AnS/Ceep7jdbOhGZ2P9S9w2rvUro5i2cvpvdyrnOTuHZNVqrHuWqrt29Ny7XptWLjcUUUVRVOZPvRxHkErTuS6CbG7neivUPod1D07G1Ha2/8AbmfoWXayLNGRGLXlY92zYzMe1cp4i/TNyv5dXMTTxPE+/uGGO9Snsr3r2Bd0/Ujtu3jjX/wu3dbzM7aGsV27lNrVduZ+VfosZMXqqYpvVVUYtuaoomabfMe9Xl7B9X6RXchpXah6iHan1s169cwttbW6oaLO7btFfyoubZzc7FjKtTXPFPhVNmnmKvp+3McgzV2m5eLqOBhahhXKa7WoYWLk2b1NcV0zYvWqb1uqmqOaavpufeJ4nn2n24Bj7PjI+xfclPUTpL337X0e9qW3NY21a6TdR9QxbFd2NGu6NVRkbQyLsW6Ko8cyM/XpquXK6Yp/D8x5RMzAQQKqKqeblVNUVzVVTfiI4mmmOOePzjzift944+8gnr/B0dkm4rO5+qPfFubTYxNEr0i50w6eV5+PXbu3a8qqvI1W7iVXKYiu1xa07xrt8x7+8+8An+apquJo+l6jq2bk2rWLpuHk5WRcuVU27dunFs13q5qrqniI4omOZ/yyDCaeqd3E4Pdj6hHdT1y0zKu39u736r7kz9v1RV5/I27azrsYtm3MTNMUUedXjTExT78xEAyOvwp/c5h9dPS/2h02zs6rI3P0A3Bm9Ps3FvXKa6rO3bGJg06BNNM1+dNu7OPqEUzNNNH0T48+/AXgvUh7VsPvT7J+4btsyKrdOpdRtha1pW3cmqIqr0zXr2Jeo0rMtxPvF21VVdptzTNNX1zxMe4MKl1q6Rb86C9R97dIepmhantXeuxtfztv6/oGp49yzkYmfp1+5Zir+dptTVE/VPMURFPPPM8g8ywbF6/n4lFq1Ny7Vk49FFuzRVXcrq8+P3KYmqa/f34if0/QGbH9Iazdx/TG7H7N+3cs3rfb3sWi5au0VW7lFcYVXNNdFcU1U1R+lURP8ARePjY/fo12Z8e//VT1L+3/ABdkAio/D2f4Xvsr/wAa+3/9dsAzItdiiu7Tdqi1M26pqo8qPriaffmK+fb7xx9Pt/EGK/8Ai+rtdHq/3LVmzamq122dGb9u1Vb+ZVkX7+bvby8qfKmKqKvCOY9pieJnkHv/AMKH6n1/oF1+q7MOp24LtnpZ1v1K3b6ffjrkWsLS9913fkV2K71278u3bzacrH5ppppmPw358xwGSv1DTMPcOl52l6hax83TdTtXcTUcbJtU37F/CyLc0X8OqirimaardUcVT5RET708TAMS38Rx6XGren/3l6xvHY+371noD19zs/dnT7UrdmqMTTdbpyou7h2tRVbtxYt0aXRn6VNqmmqmqr8TVxao8eQR59O0/M1HUcDTcOiLl7Ur+Pi0WrdNVVdFeddpteFNPvM1RPH2j8/t7gzTfo+drdvs69Pftx6Kxi2bWtafsXTdc3bVTai1dyNy6tg4c5d697czXc/D0RNVfNU+IPkvUM9ZDsz9MLW9h7Z7nNS6hYep9RMbU8/RcXp9tbH3Pfos4M4MXar9F7WdKqt0c5triv3jmJiInjmAttx8X36P1PMftPuSpnmeYnozhc8/nM/9W4Psen/xXnpM9Vd7bY6fbb17r5ia7unWcPSdLva10rwtK02nMy7sWbEZOb/LDI+VRNdcc/zVXMRM/l7hJHwsiznY2NlUVTVZzsKxci5do8Jv28q352oro8qoiqKKp5p8piPKff3BiOviZe1Oe2P1SesmZpmm2tP2p1vqxurei/hrM27FGTuDM1GrOxbMU0xb/mYt401xRzP85TzERMchLM+DP8KewbqzTbmZo/u1az8uqfvNEY1nxmfv9/fj/NzH2Cmj42L26XdlUU12qJjX+rExN6fonijYH0xP++nn6f4wCzL6C3r2dPvSu6R9V+kvV3p/uXe2191bgwN1bXsaFl02qsbLyqM6jUObdzGv026MiKcTmqnma/lRzEeMchV56vfxN3Rzv67JN99sPRLpdvXZO4+oGr6Nbz8/WcumbGRt35GqWtTxYot4liapuzfx5qomvxq8fePsDz34Muvz77es9XNMzV0dyZnxp48Z/EXImifefePz9/09oBLc+JZq59ILuip/TSMOY/tw9Y5/h/8AlBjifh/f8MH2Mf46tsf67aBl6e6L/wBDr1n/AMXm5f8AvfdBhY+y7ubzOzvvD6Y9x2JjZeZZ6X9Sf2zquJh1zav5WnRqk3b2Lbqpirym9GNMeE08cxHPP5BPCj4zXtDjEq46C9R/xtWFbmb342zNq5k2rVVNUU1fs/mKvOuJp9pmI5ifzBBD7wu5jP7ve9Pqj3FZ1nOwaeq/VS3uXAxdQqm9fwdKyNWpvWMSuqfD2tU3+PCKaYiZnj8wZsTpD/52HTn/ANg7Rf8Avfigw5frxf4YTv7/APZjd8/69SCZN8Fp/wChT7jv8YO3/wD7zrgJdXcrVFHQDrBX7cR0/wByT/D/AMz7wMEduH/zf1z/AObGp/67fB04AP2ImftEz/VHP3+wL03w9n+F77K/8a+3/wDXbAMyLXYoru03aotTNuqaqPKj64mn35ivn2+8cfT7fxBiv/i+rtdHq/3LVmzamq122dGb9u1Vb+ZVkX7+bvby8qfKmKqKvCOY9pieJnkHv/wofqfX+gXX6rsw6nbgu2elnW/Urdvp9+OuRawtL33Xd+RXYrvXbvy7dvNpysfmmmmmY/DfnzHAZK/UNMw9w6XnaXqFrHzdN1O1dxNRxsm1TfsX8LItzRfw6qKuKZpqt1RxVPlERPvTxMAxLfxHHpcat6f/AHl6xvDY+371noF19zdQ3Z0+1K3ZqjE03W6cqLu4drUVW7cWLdGlUahpU2qaaqZq/E1fzVHHMhHUyLdVNNM80+M003Jppif5uq7zzRPvPvHj7/b+oHEB9JpOj6puLUcLQ9Fw72qaxqV7HwNK0/Hx5u5+bkZFU0WrWPbpq5qrqqmIpiOZmZj78Arjt+lv6hc0W67HZ/1wu416jzxsujZOdcpzKK4pmiuz9VPNFUTzT7zzE/fj7hTp1y7Zuv3bjmaRpfXfpNvPpXqmsWLuRpmBvDSL2lZOZZt/L+ZctW73E1U0Tdt88c+M1xzPvAPAwAAAAAAAAAAAAAAAAAAAAAAAAAAAAAAAAAAAAAAAAAAAAAAAAAAAAAAAAAAAAAAAAAAAAAAAAAAAAAAAAAAAAAAAAAAAAAAAAAAAAAAAAAAAAAAAAAAAAAAAAAAAAAAAAAAAAAAAAAAAAAAAAAAAAAAAAAAAAAAAAAAAAAAAAAAAAAAAAAAAAAAAAAAAAAAAAAAAAAAAAAAAAAAAAAAAAAAAAAAAAAAAAAAAAAAAAAAAAAAAAAAAAAAAAAAAZkj4d3/A/wDZn/iz0r/U8QHlnxOn+B+7if8A13R/9S1sGILq+8/1z/pB+AAAmg/Bc8f35vXv9f7lVj/J8/N4/wCUGSvy+PwuV9ufw97n9f8Ac6uOQYSH1aP8JX3pfpHcBvmP6o/H0/b/AJgfE9hfdnvbsg7oelXcVsLMv42pbF13Dy9Vx6K64/a2172TjXM7Cqiiqn6KqcenymqLlMe30z+QZovtY7jdj913QXpx176eahZz9qdQttaVrdmq1et5P4XIycam9l6deuW+IjMxqq6PnUTFM0edHMe4I73xQnpUWe8jtbudyPTHRqsjrr2/2cvUptWLcVzr+wrmPTf1uzem1a+dOVi1afhTi8/Mp/2xe5imfuGLambmmZNNdEXLGTj3PO3TTzRcxdUxLsTNEU8RMU0XIj29pmY/Lj2DKZfDiesPsrvB7cNodtvVrduPj9y/SLRsHbtWPrep27ORvrS7NinHx83FovTN+q9brx6ouxE3/wDd7fvH5hJB6wdE+mvXzpvuHpT1Y2jo+89gbk0+vB1TbOpY1rKxrkXLddur5Fy7RXTTdt03K4tVRZmaJrmffkEfa58KB6SNvqDHUG5sfq3csUZ06rb2RTv3Dt7HiaLsXqsHL0b+TNXni3Zqppix86nyooqjkEhHov0a6bdBunm2ul3SPa+j7M6fbR02xpm3duaHjWsTCwsbHt02oorptUUU3a5ootxNzwpn2nmPyBGU+JM9YbZXaL26bt7YelG6cLM7j+r+m5Oh6ljaTqFF69snbN6zcx8m5lRYmL03rleRT8iP5jx+Rd95mfYMXJmX7mVmXMjIr+ZVerm7dyIn6rty/XVXVk1e8zM3K+Zn6p+0RzyC+z6B/qo53pk92uLqu8NSv5HQjq3Ti7X6qaRdyKrNnCvWMnx0jdfFXzLUVaLbztU9qrdM1xlz/O2/H6gy3PSbqz0/647F2/1N6Zbl0rdezN1abjanouu6Pl2smzlY2Rai7TTM2qq4iaKblPlxVPM1e8U8SC273weid6fvqDbiq3b3A9H653rdx6qL2/tj6jh7X3ffqrmaqoyM6rSdSqrmavr86o58uZ4kHh3bD8OD6UvajuvA3jtLolqW/tzaVmW9R0fVOsGtYW+cnT8y3XFdF3Bq/YmlxRVaropminifCZj3nkF6zXte2j072tVq2s52j7S2jt7Fpu5ORn3LGmabpGmYdqqa6qZmabVmizbiIt0xERxExHtAMa/8Ut6p3bj3pbl6U9v3b5qt7eVnofq+5sjce/LF+zc06M7Nr0izcxMOqz8yMmmidMrquX/nW/aq3Hy+JngLQvw9v+F77LPfn/yWNv8Av+v+3bHv/aDMn0/0v+NP/IDFV/GFTMer/ein3n+9h6J+3/z7vjiY/wA4IyO091a1sncOjbo27qGRpW4dAz8bWNI1LT7tVu9ZyMe7Reommqiaa6Kort0cVU1cx94/gGYm9EL1HtK9Rrsl2D1H1HVsS71U2VpeJtPrBpFFdN2/j7kxcOzTTnc+fzfk5VdvJ8PmW4mv5Vc+ftIPT/Vw9PraPqN9lvULofr2Ji/yyw8e7ubpxrFVmjz07fOmYmVGm3bVdUVXLdu7Vd4ufLriappon34gGMj9JnsE3t1k9Xjo52wdSts5tq50s6j3dc6yaPk2rlz8LoGytUwrWvZF2q5ZoiKb05WPNPzLfj/NzzM/kGYdw8XHw8PFxbNumnHxbNjHx6KYjxptY9um3a4j244pp+32j+oGKC+Ks7jbnWv1Tt/bQwMz5+3+h+2NF6e3LFi5M2LWv6Xl6tTqc1RTVVRF6qIxor4iKp8fq+0AjL3uPOIpiOKaYp8o/pzH3rn+M/8AIDsdCzqtN1nS9Qprqoqws/Ey4rpqmmqmce/ReiYmJiYnmiOPcGbu9MXuH/vrOwntd685eZZzNX330n2zqe4JtVxc/C63OBapzsO9PvMXrEfK86Z4qp845j3BGl+MS7S7m+e3HpH3Wbb025c13oruTUdB1rKosxVTY2/uG1gXa8i7VTT5fKsTo1Ux51eMeft4+8g9G+DatWrPYf1htWbnzLVHW7Wqbdf510Rj2Zir+PM1T7/5wUq/G1xx0o7KY/TcXVb/AO42EDHc8z+oETMe8TxP6wCZR8GF/wCjo6z/AOJ/K/1isEuT4lmIn0ge6H9Y0nE5/twtX4/8f6wY4n4f3/DB9jH+OrbH+u2gZenui/8AQ69Z/wDF5uX/AL33QYJncUz+3tajn2nVdR5j+rNv8A6YHebZmZ3Lt7mZn/p5pP3/APl/HBnkekP/AJ2HTn/2DtF/734oMOX68X+GE7+//Zjd8/69SCZL8Fr7dqXcb7xH/khbe55/OPla57feOJn9f8wJmO7NsaTvLbWs7U1m1VkaRuPTMnR9QoiYiqrFyrVVm9REzFUU1VUV1REzE8THPuCO5lfCjekJmZORl3unnVab2Vfu5F2aeomFTTN2/cqu3Jpp/kpPETXVPEczxHtzINj/AGJ96QH/AGO+q/8A7cXC/wDcTBpq+E+9ICJomOnnVqJprpmJo6i4Uccc/vf9Sf7v++BZD+IC9DP0/vTy9PTVOvnbntXe2g79x+rnT3adrL3DvDG1CirE1TF3Lcv+Fu3oOJVNU1YlvmPOPP25449wjgfD2zz6vnZZP69WNAn/AC5tgGZOp/pf8af+QGKr+MKmY9X+9FPvP97D0T9v/n3fHEx/nBGR2nurWtk7h0bdG3dQyNK3DoGfjaxpGpafdqt3rORj3aL1E01UTTXRVFdujiqmrmPvH8AzE3oheo9pXqNdkuweo+o6tiXeqmytLxNp9YNIorpu38fcmLh2aac7nz+b8nKrt5Ph8y3E1/Krnz9pB6f6tfp+bQ9Rfs3390V13GtxvLCwc3cPT/VbVqj5+Fu3BxL0Y9dmaqZuWrd6u5b+ZVRXzM0U/TPEcBht+tXTHePRff28Olu/tOzNG3nsrcOfoe48DLiu3VN7CvV2ca5RTcooqrj6b8zcmI58o4gHjwKjO0v37leicT7xPUvasTE+8TH7Qj2n9Y/gDOlaHg4U6FofOHi+2l6Zx/tez7f7Ts/8AGO/+Nis2bPWjs6+TatWvPaXUjz+Vbpt+XFeyuPLxiPLjmeOeeOZ4+4INIAAAAAAAAAAAAAAAAAAAAAAAAAAAAAAAAAAAAAAAAAAAAAAAAAAAAAAAAAAAAAAAAAAAAAAAAAAAAAAAAAAAAAAAAAAAAAAAAAAAAAAAAAAAAAAAAAAAAAAAAAAAAAAAAAAAAAAAAAAAAAAAAAAAAAAAAAAAAAAAAAAAAAAAAAAAAAAAAAAAAAAAAAAAAAAAAAAAAAAAAAAAAAAAAAAAAAAAAAAAAAAAAAAAAAAAAAAAAAAAAAAAAAAAAAAN6xbi7dotzNMec+MVV1/Lopn781VeNXERETz7AmWenr8WHY7Du0TpB2r4vZXPUmjpNt23oVO7LnW7+TMajj4ljGtW7n7O/ua6zFFdU266p/27Xz5RH5cyHyHqbfFOx6i3aFv/tbu9nE9K7G+r2LF7dUdZf5VRixjWMy1TNGD/c70LymPxc1TH4uny4iOY+4IgN6mKK5piYq4j3mmfKnmeeeJ4jmP7IBtAAAvV+iz6tdn0j+sO/Ork9FKutl3e22KNtfsSjfH8i5wqLVd6ub9WT/JrcfzPmfP4pj5FHHy5nmeeICSn/s32LtN21X6ekxReouRdvWu4j5v4e3VTNMT8v8AuR0fMmiapmY86PL29wQle7Xrna7ne5DrF3BTt+dp3eru99X3xc29TqP7Yp0m7rF+q/dxpzvwmn/Opt8UU01fhbXPFU+Mc8QFOf4mv6Ppo+jyiI8faaKuP5ur397cce1P5cz+oJOPo5fEidTPS36H7j6C7l6NXO4XYeRrk61sjSr3UK5srK2nlZVFVGqWbOXXtfdNNzCyKbWBFixRj2Plfh6/qr8/pC7trHxsmma7pmo6Jq3px42qaXrGPlYGo413uJi9YysS/RFu9auW6ukHjcoqpqnmmZ4n+oEKXuj6obA619wHUXqn0y6aXukO1d6bjydb07pze3FRuWrRLmdfvXr1m1q9vRtCors0+VFNuiNMteEUzPv5cQHnPSvrJ1J6I730PqL0r3bq+xd6bdyKcjTNw7fyruDqVmum5bufVftV01V0zXaomqJ454BL27MPjEe5vpPtvQdod0XRrbXX7E0WxGDibr0DWLuyNy14tim1Rj3NXqvaXuj9qahERXVfzPmY34iqYn5Vrx9wujf7NM7YJ0ycn+9e39+2ps+deBO6LUY8X4iZi1Gf/J6Z+88RV+G/WfH8gWru8v4w7ul6t7e1TbPa50i2/wBvWNq2Pl6be3hquuXt8bsxsfIp+X+J0XJs6VtaNJzKI5qouz+K8KuJ8auI5CIf1O6wdSes289Z6hdUd3axvbeuv5FWTqm5Nfy7udqmVXVcuXZpqyLtVVUW5ru1z4e/3+4POpu1TVVVFNETVFUe1PERFXH2jn2449v05kHIs5V759V6Yi7MxXNdE0+VFdNXHlTXTz70TxHMcx/WC8d6cXre97vpwahi6d0r3zj7r6ZVXMezqHTLe+Pl6zomLhWap8o0Gx+Os0aZeu26ptTf+XkREU2p+XPhxISrOmHxp/S+9gYs9W+0PXtB3FFqm3l5Wgb/AKNUtXeKY5m3Zr2hhTRTNflMU+dfETEczMcyHTdY/jWNnWdJzcLod2kapqGt5OPNOBrO7d/U4djAy/GqKq8nQ6No35yrVNVVuqJ/aFib0RVT9ERyCLf37+u56hff5OfoXUjqrd2T0yv366v7mHTSnM23tTKpqmunHr1zFjOyo1TOxbdVy3ayeMeIi9e5tfXxAWbqs/JqiuJqjm7zN+riZqyZmZnm/VMzNyeZmeZ/WQVr+nV3Y2uxru/6Ld0t7ZdXUKnpFu3T9xVbSt61/J+rVZxb9u9btU6pOm6r8imflVU1Vfgb379M8e08hMep+OBuTMxT6dlVdVVVNNFMdxk81TV5e/H9yH2meOeP48c+wIsPrC+pNT6pfdx/fXW+llXRrNq6a7L6f1bQr3V/K6Pw22L+uXrGVb1P9h7f+ZNU6pcpuz+Cp58aJ5j7AtOeU8zP3mfb+Pv/AMoL0/o5esH1F9JjrHuPe+mbNu9V9gby0X9m7q6Y3dy3Ns0Z2oY9dU4eoWNSjStbt4mRZpyMqj51Wm35r+bH7sU8VBJau/G8XaIijI9Ou7EUU110+fcZ5VTFPHFddP8Ach/eiJ9p59uZjj35Bb12B8S10C6Zd83Unv12p6c13E6o9TNnW9oa5jWe4KzjafXjXsjJycnULNujpDVXTnZldyn8demuZvfJscxT4e4V/ZHxvdV2xkW7Xp6XrNy9ayKLd3++L84s13qPGm5FH9yKnyi3VxVTT5RzxMeUc8wEJHuY66bh7levHVLr7u+xTja91Z3vq28tXxIuVZM05mp36r123TXXFuqbNqKoptRNMc/XPtE8QFPl6qKq/b92mmKafp8Z8Y545j9ff3kH5aima/q5inieZiOfH/hccxzEf1wCWr6UPxPOv+mf2k6L2wat2uXeumLtvc+vazo+6Keq87Now8HU7OmWv2ZRhzsbckXcXE/A0VWYjKtRb+bXEUT5g9v76fizNsd9Ha11X7ZN29hU7a0rqdtzJ0encVvr1Tq9WjZl6xes2c23hV9K8Hzu4836qo4yrc/lFUc8wFGvo0fETWvSY6C7p6Ix2u09aI3LvbP3Z+3Z6q/yJ/CU5tFFFGFOD/IbcnzYxoo98r8VR8/z/wBxteH1B5h63Pru0+r/ALO6NbavduUdDcnpDqu582i9HUr+XFOr29y06HFXhb/kdtn5VNv9iU/V5XPH5n588QEdAAF5v0XfVen0luuW8es1voxPWu7u7ale1o2/TvP+Rv4W1Nyu5dvzm/yc3F51XPOiKP8Aa1Ph4Vc+XlwC7t6k3xUtPqGdovVHtSvdm1PSqvqPj2cWd4x1q/lXTpkWLOZZimvR/wC5zoUXfOcvym5GoWvH5fEU1eXMBHM9PTuntdkXeL0L7qKtnT1CjotvbTN4XNnW9a/YNe4LWn36b34a1qs6bqn4OKvCaZvfgcnx8on5dXHEhLt6ofGjXOp/TneuwbXYFXolG8dvatt6zrU9fP2j+BuZtibEZFWn/wByzEm/8uK/KbX4q1zxx5xzyCCVrmVYz9X1DPxrM41jOy8jMtYtV78RXjU5N65dixcv/LtfNrt+XFVfy6Ofv4x9gdSDnaZmfs7UtO1CLfzfwGdiZnyvLw+b+FyLd/5flxV4+fh4+XjV4888TxwCels742Kna21tu7bn0+qsudvaNp+k3Mv++F+VN78JjUWLl+Mb+5Lc8Y/mqa4o+dM/V4+X5gh09+/c/j953eH157qKdqxsyOtnUHWN93Nq06xGszo97Wr83qsSNR/Z+m/PizxFPl+Ds88c+Mc8AvJejB8QHj+kV0l6kdMP72SeuN3fe4tK179rWuqf8i7eB+Do1CmrHnH/AJEbkm7M/i6eJ+dbn6Z9vuC9L/s4WPaP+h21e32//OL/APeRA/f9nC//ACO6r/64v/3kQH+zhf8A5HdV/wDXF/8AvIgaLnxwVN2iu3V6d1cRVTMTx3GTE/1RMdIfbn9QWx/Vy+Jao9U3s81Dtcu9pV3oz+M3/s/f9rdc9XI3nTTc29Y1uzZx68D+QO3fCzc/adVVUxlz5ePHEcAsOenV3Y2uxrvA6Ld0t7ZdXUOnpFu3A3FVtO3rX8n6tWnFv0XrdqjVJ03VfkUz8qqmqr8De/fpnj2nkJj1PxwNyZmKfTsqrqqqppopjuMnmqavL34/uQ+0zxzx/Hjn2BFh9YX1JqfVL7uP76630sq6NZtXTXZfT+raFe6v5XR+G2xf1y9Yyrep/sPb/wAyap1S5Tdn8FTz40TzH2Bac8p5mfvM+38ff/lBen9HL1g+ovpMdY9x730zZt3qvsDeWi/s3dXTG7uW5tmjO1DHrqnD1CxqUaVrdvEyLNORlUfOq02/NfzY/dinioJLFfxvtdiblu/6eF2iuKKZopu9xvMVU81fvc9Ifaao45j35/sBFL9WPv66Weo93FZHcfsbt3udvu49wadasbz0qnflvemHruoW7ty7b1CxVRtLa/4W5TVeyIvTVRkzd+Zb+qnw9wtZ/cHqfSHe9vpb1N2b1Fv6bGsU7J3PpO4J0T8d+Ar1P9nZE3/w1vOnGyfkec0+M3Pw17x8onwkE6bB+NzuaZh4Gl3fT5t5NWFiY+LGZV3Efg6Mn8NZt2qb3yP7kl/5MXvGZpo+bc44mPKQR3vW19ZS16v+7+kW8KuhH9w270o0rXdKo0urf38t6tTncE6RVevRkfyV2z8umz+x6I4+Tc4+b9wWJwAAAAAAAAAAAAAAAAAAAAAAAAAAAAAAAAAAAAAAAAAAAAAAAAAAAAAAAAAAAAAAAAAAAAAAAAAAAAAAAAAAAAAAAAAAAAAAAAAAAAAAAAAAAAAAAAAAAAAAAAAAAAAAAAAAAAAAAAAAAAAAAAAAAAAAAAAAAAAAAAAAAAAAAAAAAAAAAAAAAAAAAAAAAAAAAAAAAAAAAAAAAAAAAAAAAAAAAAAAAAAAAAAAAAAAAAAAAAAAAAAAAAAAAAAAb1m58qqa4+/hVFM8c8VTxxP9n/jIN2L9NMxM/wA9PERFVyn6aY/OPCJ9/fj+lANPzaKfKqJqqrrnymY+immfymKffmf7Y4iQbNddVdU1VVTXP28qvvxH2BoAABuUV1RE0edVNNX3494/ye3+kG9GT42/lxT5R7RxV726uP6U0e3FXvPE8+wNPzaYopop8uIiZq5nmmur8qfHj2j7/nP3Bxwci1coiIpq+j3maq4p85qj+jT4808RHM8zzP5A5FOZHyvl1URMT5RET/uVuKuProtR/wBc9oiKvP24/iDjzXbqpqjmqmYnmnmPKbk8+3lPMeER+URz9wbVPhxMVc8/lMQDVFdMUzRxTHvMxX4fXHtxEeUT9v4cR/yA5FvJppiKqommqinxops/zfvP9Oqv6ufHj93x9+Z944gGn8R41UTTPM/ebkU+NyJn7x5czzH9gOIADdszbi5T83z+XPtV4TxVET+ce08/1e3P6g3Pm0zETMz5001UxPjzzT7ePM8x7xxP8I5+36Boi7HjNPhRz9/OafKv+qKpn29/eP8AOD9pu0eMRcpmriZn6Z8apmfzmv39v0jxBpuV0Ve1uibdPtzTzzzMfaZniOZ95/yg2gcyb9viYq8rnNEUU00x8mmjw/cq/p+X3q5j6f6wfs5FFftNNu3Fc01V+Fr6fK3z4xFPlz7+U+U+XvxHt7A2rl7ytRbirmJqmqqPDiKftxFM+Uzx/DiOOAccHPi7izHE0ePhXb8Zinyrro4r+bNdXMcTzNPFPE8+/v7e4bPzaOYmmKqZ96Z4n70T95n+M/n7e/6AV3qKqKaJprq8J4pma/bx/KPHxmY/h7zx/oDZ5o/3k/8Ab/8AuoN6MiaZqqojwmqiKI4iJ8aZ58uJn7TPt7/n+gNu9NqbkzZpqpo4jjzq8qpn85meI+/6fl+sg026/CrmY8omJiqP1ifvE/1g34uWopqpmZmKearVM080+VX70VR5T7T40+/+b9A/Pn0xTVTEUzFyqmqumafeJp8uIpr59o9/v48/b9Ab0ZUeNyfKrzmibUU10xcprtTxxRVPNPj4cfTPE/vT7RwDj3L83aYpqir6aaKaI8+Yppp59uOI5+/t+nv9wbAAORRdpptTbmblXM1T4xX40Uz7cTxxPlz+f244Apu08RaqmYteUTVMRzzx/Smnn3nj8+efcG7GTRT5TTat1ec8eNdvmbNNP7sWq/KOPLn6vb8okG3N+niqYpqm7VMVec1/uzHP2jj8+YmfeOQbFdXnVNXvzP3mZ5mZ/UGkAHMoyYo+VTHFNNqqbtNXhzc8545omvyjmn6Y4nj2/wB6BORTVNNVc1VV/nX7RXRMcTExV+cRzP08R+vP5A2K7nnVNVc1VzP3mauJq/SZ9p4/q/0fYGnmj/eT/wBv/wC6gc0f7yf+3/8AdQOaP95P/b/+6g3LV2LVcXKI8a6Pqp5+umZ/3tVP0+0/nPPt+kg3YypiYmKaKaqKKqYqinjzieOIqp5n2j349/bn7ATft8TFXld5piimKY+TFPh+5V/1yaueauY+n+sH7ORRX7TTbtxXNNVfha+nyt8+MRT5c+/lPlPl78R7ewNq5e8rUW4q5iapqqjw4in7cRTPlM8fw4jjgHHBz4u4sxxNHj4V2/GYp8q66OK/mzXVzHE8zTxTxPPv7+3uG3VkUzb+XT500xNUzHlzRX+URNPETE/rPl7/AKQDauXfOmmn6opj7U8/TT+sRHH2n2/T7A2Qcucjmn5fzKvl0zFPhFPHnR+c1TzPv/4QKr1MW6qKZmYqr8vCqOaJ4/d9ufaY5n35Bs1XPKnjmZmfH8uIoinn6Y955j3/AIfb7A2gAAAAAAAAAAAAAAAAAAAAAAAAAAAAAAAAAAAAAAAAAAAAAAAAAAAAAAAAAAAAAAAAAAAAAAAAAAAAAAAAAAAAAAAAAAAAAAAAAAAAAAAAAAAAAAAAAAAAAAAAAAAAAAAAAAAAAAAAAAAAAAAAAAAAAAAAAAAAAAAAAAAAAAAAAAAAAAAAAAAAAAAAAAAAAAAAAAAAAAAAAAAAAAAAAAAAAAAAAAAAAAAAAAAAAAAAAAAAAAAAAAAAAAAAAAAAAAAAAAAAAAAAAAAAAAAAAAAAAAAAAAAAAAAAAAAAAAAAAAAAAAAAAAAAAAAAAAAAAAAAAAAAAAAAAAAAAAAAAAAAAAAAAAAAAAAAAAAAAAAAAAAAAAAAAAAAAAAAAAAAAAAAAAAAAAAAAAAAAAAAAAAAAAAAAAAAAAAAAAAAAAAAAAAAAAAAAAAAAAAAAAAAAAAAAAAAAAAAAAAAAAAAAAAAAAAAAAAAAAAAAAAAAAAAAAAAAAAAAAAAAAAAAAAAAAAAAAAAAAAAAAAAAAAAAAAAAAAAAAAAAAAAAAAAAAAAAAAAAAAAAAAAAAAAAAAAAAAAAAAAAAAAAAAAAAAAAAAAAAAAAAAAAAAAAAAAAAAAAAAAAAAAAAAAAAAAAAAAAAAAAAAAAAAAAAAAAAAAAAAAAAAAAAAAAAAAAAAAAAAAAAAAAAAAAAAAAAAAAAAAAAAAAAAAAAAAAAAAAAAAAAAAAAAAAAAAAAAAAAAAAAAAAAAAAAAAAAAAAAAAAAAAAAAAAAAAAAAAAAAAAAAAAAAAAAAAAAAAAAAAAAAAAAAAAAAAAAAAAAAAAAAAAAAAAAAAAAAAAAAAAAAAAAAAAAAAAAAAAAAAAAAAAAAAAAAAAAAAAAAAAAAAAAAAAAAAAAAAAAAAAAAAAAAAAAAAAAAAAAAAAAAAAAAAAAAAAAAAAAAAAAAAAAAAAAAAAAAAAAAAAAAAAAAAAAAAAAAAAAAAAAAAAAAAAAAAAAAAAAAAAAAAAAAAAAAAAAAAAAAAAAAAAAAAAAAAAAAAAAAAAAAAAAAAAAAAAAAAAAAAAAAAAAAAAAAAAAAAAAAAAAAAAAAAAAAAAAAAAAAAAAAAAAAAAAAAAAAAAAAAAAAAAAAAAAAAAAAAAAAAAAAAAAAAAAAAAAAAAAAAAAAAAAAAAAAAAAAAAAAAAAAAAAAAAAa6LddyrxopmqrjmKYiZmfeI4iI95mZmOIB9Tc2JvKzau3ru2Ndt28e3Xeya69KzqacezbiJqvXq5x/Ci1xPMV+UxPE/oD5WKJnn8uOOYn2n359/wCqOPcH5Mcf6fYH59wbluzcuzTTboqrqrq8aKaYmaqqvb2iI95n3j2+4PpKdk7uqqtUfyb1yKrtdVFPOk6jHE0xTPNUxjTEUz5RxPvyDbp2du2quiiNsbg5rmIp50bUYifL7Tz+G+08fcHFzdua9ptmnI1LSNS0+xXETbvZuBl4tu5NX2oouXrNFFVyfypirmfyBxcXStQzbtvHw8S/lZN2aYtY2PauXsi558+M0WrdNVUxPE+4Oyv7S3NiWYyczQdWw8SZiPxeXp2ZYxo554mq7cs00xT7T7/wkHW3dLzbPyfmWppnJoouYsTPvlW7nPjcse310Tx9/b7x7e4NdjR9Ryq6rONiX8jIpm5TVjY9m7fyKarfjzFVuzbrmJq8vo/33FX24BytQ2xuLSaIu6pomq6dbmnyi5m4GVjW5iftHndtU08z+kyDqPkXYiJmnjypiun9Zpn71RH6R+f6cx+oPof5F7qnEuZ8aBq04FrCq1KvOjT8v8JGBTET+L/ETZi18iYnmm55cTET9uAfP3ca7aia5piq35TRF2ifK3VMf72r25j+wGwAADfxsa/mXqMfFtXL+RdmKbVm1RVcu3a5niKLdFEVVV1zP2piOZB9Fd2RvCzXNq5tfcFN2mJmq3+x9Rmujjj2qiMb2n3/AFBqtbF3nfqposbW3Berqpoqpot6PqNVcxc549vw0e8ce8flzAOkzNKz8DLrwMvGu2M61XVbv4l2iu3kY9yniKrd+1XTTVbriZ96ao5jiefsDlYW3dc1OmqvTdJ1DUbdM0U1V4OHk5VEV1+Xhbmqzarjzq8auI+3t9wbl7bGvY2RRiZelZ2FmXZppsYuZjX8a/kVV8xTTZovW6POZ4n25gGjB27rGpX7uJp+Ffzcyxbyb17CxLV3Iy7VrFm3F2uuzZorrinm7T4zHPPFXPHAOZd2Xuy1du2a9ua5FdmqaapjSdRmmqY+/hV+F+r/ADA67M0LV9N841LTs3TqqYpnwzsXIxa6oq548IvWqeeeJ/OAcOrDyaKpouW5t1xai94V+1VVueeKqY/OJ49v1BxQaoomY8uY4/Pmft+nP9fvx+vE/oDfsYl/Irqpt0/uUVXblVU8UW7VHHncrnieKKeY8p49uY9gdrZ2vuLJo+biaJquZYnnxyMTTszIsVxH3qou27FVNVPvHEx7A4eZpGo6dcrsaji3sDJo/exsy1cx8iIj8/lXaKauP4g41rDyb3zZtWa66bEeV2qmOabdP++qmPy9vvHIO3o2puW7Z/E2dB1e/j8RNN+zpubctV0zEz50V02JpqoiI5mrnj3iftIOunTM+n53li3qZxqYqyKa7ddFVimeeJu01xTVTz41flP7sg5WBtzX9UiZ0zRdU1Cmmum3XXhYGVlUUV1c8U112LVymmqeJ9pnn2kGzmaNqen368bUMPIwb9uaqarWXZu49zzp45oi3copueX1RxE0xz78T7A5eVtjcGFjxl5mj6li4lVFFy1lZGDl2ce/RciZtzZv3LNNq55xTPjxVzV945iJ4DkTs3dNNirMuaBq9rApsUZVeo3dOzLeBRi3ImaMqvKqsxapsVRTVxcmfH2kHz849yOI4iZmquniJ5mPDjmZj9PeJiffmP7Ad7Y2funJx6MvH2/rF7EuY/4ujKtadl3MerF/PJi9RZqtzZpj3qr8uIj3BuW9mboyMX8dh6FqufgzdvWac3B0/MysWu5Y8JuU0XrViaZ8fOn9J9/sDX/Ifd/heufya12Ys12rdVMaRqPlNV7z8PGPw31R9FXlPMce339+A4uVtbcGBRYv6lpOfpmJk3q7FrN1HDysPDquW4pmuPnX7NEcU+dPPETMcx7AY+09zZduxdxdB1jJs5MRVYvY+m5t+zcoq/drpu2rFdE01e8xMVflPMQDXGz911RVMbb12IoiKqpq0nPpimn35mZqx4jiOPeefYHU3cDIs3qrFURNdFdNuqafKaaa6pmIonmmKoq5iY8Zp5/gDu6dk7uqqt0fyb1yKrtdVunnSNRiImnieap/DTxTPlHjP5g26dnbtqroojbG4Oa5iKedG1GIny+08/hvtPH3Bx8rbWvafRZu6lpOo6bYv1U028nUMHLxMeZr54j516xTRz7e8RMz+kSDmVbJ3dTYxsn+TeuVY+Zi2czEvW9KzrlvIxr/AJfKu2a7ePVTXTX4VeM0zMSDTGyt4TFfG1tw/RVFNUfsbUeYqnn24/DflxPIOtydG1LBvzi5+JfwMjwmqixm2buLduTExEUW7V63TcqrqmqIojxiKvfifYHeZWwd5YdWRTk7b1m1TiUXr2Vdq03Ops4+PYiibuTduzjxRTYpiun+cmrj39+AdPiaBq+oZFOJp2DkahlXKaa7ONg2buVfyLVX/XbFq1RVXctU+0VVxERE1Ux+YNzN23rem34xNS07K07OqjHrt4GdYu4ubdt5PzPlXbePeoorqt/zdUVVe0R7cc8+wcXC0fU9Rrm3gYWTmVU10264xrF6/NuqvnxiuLVuuafLxq45j34nj7A5GdtzXdLtxd1LSNR0+iYiaas3CysaKoq58Zpm9aopmJ4mY9/t7g678JeiqqmuItzT4zPzJ8eKaueK/tP0xxPM/l7A4wAN2xYu5N2ixZpmu7cq8aKI+9VU/amP1mfyB2mNt/Ws2uq1haZm5t2iaou2sTFyMmuzNHHl82LNuvw45/Wfz/QDK2/rWD4xm6ZnYdVyaYs05eJkY1V7y54m1F61R5x7e8+3HMfqDgV4d+3VVRXTFNVMVzMTP52+PKn7fvR5R7T9/wAgdpgbY1/VbFzK0vSs/UcWzNinIycHDysuxi3Mn5nyrORcsWa4tXavlV/RP28Z9wbGfoWraXc+RqeBladlVW7N23iZ1i9i5V2zfmuKLtuzet0V1W/onmriIjmPv+QbeHo+p5+Zb0/Dw7+RnXa6bdrEs2rl3IuVVcxEUWrVNddXvHvxH5x+oOxq2duumZidta9zET5R+x9R5jx45if9rff3+38JBvU7H3jXNEU7Y1+aq6rlNNH7I1GKpqtxTNUcTjRHvFUTHv78T+gOpw9F1XUcicTTsDLz8uKKrlWJh49/JyaaaJ4r8rNq3VXE0Tx5+308xzPuDsqNl7urufKp2zr81+cW+P2PqP7088f/AAt9vafcGqnZO7q6op/k1rlP0VXa6q9Jz6KLVqnjyuXa6seKaKI5/emeAcbE2vruo267umabl6nZsxjfirunY2RmUYVzL+b8mzl/ItV1WL1XybnNFVPt4z7g5MbJ3fMUzRtnXq/OiquIo0fUZmKaOPLmPw3tMcwDZr2hum1avZF3but2sfHtXL9+/d0vOtWbFi1x53rty5j00UW6fKOaqpiAbWn7Z17V6b9Wj6VnatGN73/2biZGbNqiefG5XFi1X40VcVeNVXHl4zxHsDfnZ27IqmmrbOv01RMxVFWj6jE08cc+X+1vb7+39Ug139mbqxcSdQzNA1fC0+ibNNzPzNOzMbEtV5EVzZt3b12xTTRXc+XX40z9/GQcLB25r+qeU6ZouqahTRXTbrrwcDKyqKK6ueKa67Fq5TTM8TPEzz7SDYzNG1PT79eNqGHkYN+3NVNVrLs3ce5508c0RbuUU3PL6o4iaY59+J9gczI2ruPExqszK0XVMfDptU34y7+BlWcauxVEzF6i/cs0WqrfEc8xX7/lEg5NnZm58rAs6phaLqOfpt/Jv4lrPwcHMy8Sq9jRam7T86zYro9ovUce/M8/aAbEbR3XPvG2dwccxHM6NqMRzP2++MD8yNq7iwsaczUNH1LTcSL1GPOVqODl4dj5tcVTTT829Ypp+1MzPvzHt7A6SqzXTR8yePH24nn3nnmPt/Dj3/rj9QbQORTj1VTxNduieaePmVTTzTVz9ce080Rx9VX5cwDuLW1NzZFq3fxdB1jLx70RVYyMTTc3IsX6Z/pWrtqxVRXT9veKvzj9QblOzt11RM/yc12niOY89I1GJq/hT/tWeZ/h/GAcLUdA1vSK7VvVtKz9LuX7cXbFGoYl/ErvUT9qrVN+3RNcT+XAO1xdi7uzPw82NvavXTmW7F/ErjTc6q3lY2R5zbybFynHqouY8xRMzdiriOY+/IOmwdH1HUcyxgYmNdvZuVfpxsfFoorqv3r0zMeFu1RTVcqmmY4qiKZmJmI45kHPvbT3Hi3rONmaPqODlZXth4uZhZWPkZk/bjFs3LMV3p5mI+iJ96o/WAb1/ZO8ca5NrI2ruK1ciim5NFejah5eFXPjVxGPPtVxPH68A2f5Ibr5iI21r9UzTFXFOj6jMxz+U/7W9qo/OAbWftnXtJimrVtJ1DSqa4uTZq1HDycOnIqtePlbsTftURcufXTxTH35+8A2MfQtXzLtVjC0/Kzb1MUedrEsXcm5RXc8vG1XTaormm7PjP0cfl9wbmdt3XdLqmnVNI1LTZirxrnPwcrFptz+tdV61TTTH8eQdXFiv25qop58ZiaquImmrn64nj9yOPer8vbkGi5RNuqaZmJ4+00zzTVH5TTP5xP5SDTTTNUzEcc8TPv+f8I/WZ/KAa6bVddXjTETVzxFMfeqfbjiPz55B29jbmt5Vd2zjabmZOTYu/JvYuNjX8jIt1/n5W7Nu5xEfnPIN3UNq7g0iJq1bSc/S6P56LdzUMTJxKL9djw+Zas1XrVHnc/nKOKfbnn7g6uMHIm5Nnxpi/E00xZqni7XVXzxTRTx9VUcfVET7cx9wc/H25rmbVVTp+l52peNdFuatPxMnLpmu55eNMVWbVUTP0zz+gNOVt7WcK9TjZun5eHkV00zRYy8e/jXK6queLVNN63Rzd9vej8vb39wbeNoeq5mbGm4eDk5mozzH4HFs3MjK8o9po+TaoqrmuP0iJ/rB2UbL3bNfy/5N67FyeYi3OkajFU188fL4nG485/Knn8p9wdXk6PqeFeu4+Xh38W9YnjItZFq5ZrsT+cXqblNM0TH5xxPH5g3dP2/rOrX68XS9OzNRy7dq9fu4eDj3srKtWLHh8y9cs2aK64tR8yn6+Jj7/YHMubO3ZbuVWp21r1VVMzTM0aPqNVMzH6T+GjkGu1svdt6umijbWux5RVM1VaRqFNFFNPvVVXVONxTTTz7zPtAOinEuxX4c0TVFMTVEVT9EzNUTRXzTE010zTPlT+XMfqDigAAAAAAAAAAAAAAAAAAAAAAAAAAAAAAAAAAAAAAAAAAAAAAAAAAAAAAAAAAAAAAAAAAAAAAAAAAAAAAAAAAAAAAAAAAAAAAAAAAAAAAAAAAAAAAAAAAAAAAAAAAAAAAAAAAAAAAAAAAAAAAAAAAAAAAAAAAAAAAAAAAAAAAAAAAAAAAAAAAAAAAAAAAAAAAAAAAAAAAAAAry9Mntpzu7nvl7dug2JiXsvF3t1C0PF1qbN2bNWLolvOx/wAfmTX8q9HhZiu3FUVUxTPnxVXT+YZfXVdU7cN+b76len7maFtyvcemdC9v6tlaFj4GmWc+vbuvYWtafbvUZEY9d2mq1d0zmK/kz4TVMz+9AMNf3fdCdxdsPc11t6B7qs1Wte6XdQdx7Q1GmqmqnirBzq4omPOImYmmZ4njieJ4/QFNl6Ym5VNP7vP0/wDF/IH5REVVcVe0TE+/8fy/8Z9gfUbM1u1tzdO3deybH4nE0rVcHMv2J4iLlvFybV+5b5mKoia6bfjEzEx7/b8gZEzo58XN239RN5dNuluB2dX9Kzdxapt7atGrZGu6XmWrN3Kpt4U5FVj+R2PMxFVHn/u0feY5n7gkJ+qP6gXTH0yu13SO5zd3RzB31o2o7u2vtv8AYGBRpunZNN/cWLnZNqmnJnRs3wiinEqpj+YmapnmOOOAQPPWm9fHpN6nfbrs/oD017cs3pLrul9StJ3Bkapd1bCzaci3plNyxYwKrGPtzSq4m/Vm1TEzkTFHj701+XsEhP0pvS67KvS+9PvF77e8vZOjbh6jTsinqNvDX9w4GJqtnaOi38KjOxNPwMbMps1Wb9FVN/jm9E8xRxbmIkHuvZj6vXpf+sZ1F3F2h6/2+4ej6rrmn5UbQ0veG3tImxufQvKcWq7h1xZs1Y9+1FyxM26KcieL9uYq9vcIa3rvek1V6fnfJpGwekmk3cjpB1ys2dR6UR41Y9rR9azs+LWqaDj0UUXaJt6PRlaZ8r5c0zMZFXNuiIjkJgXaX2N9g/oYen9pfdf3KbP0fdXU/G21peqbv3VqGnYOVqWRuTW8G5l6ftHR6Mymqqmc+5h5c2ublVV2bPtajw4kPvezzv8A/S39dqrfnbXubt30jD3Hp+k1axhbS3rt7Ssa/n6ZXTkY9zM0rPotedVzHn5U1cYkxFVy1zP6hAt9Z308P+hqd9O9eiO3KdQr6c6lax95dMdQyb3nlRtXU83Kps278Rbpt3KrNFm1TVFuuIiJpieI4BPb6tbe0LC+Fo3lrVjSdKnVcf09snWsfVrGk4mNmxqFOiUeGXVf8Ll6nJ5mZm58zyn7/l7hiocryimaLtFNNdFUW4rijy+ZVRMzcn5vlH28qfbxnnn7+wOvAABXN6Z9um/38dqOPcpouY+T1m2hYyrN2KarWRjXM6n5ti5RXTVTXRXERzRVHFXHAMrx6r/qS9KPSh6DbF6xbt6K6f1Iwt1a3hbaxtEwP2bol21V+FtVzX+Iq0TVPKavmRT4/KjmIgEei58ZR2yXrdu3T2S6jTFy7Fy9Xc3NpdybOJVTVTNyiI2RRPNEzzTTM8R7+/v7BFd6YdL8n1lfVn1vbuw9JzNqbX7gureo70zMC9kxfubY2Xd1GxOZRbv2cXGooox7eZRTTxYt0U+/M+8Ano9zHXH0uvh2Oi3THZGndDdP1zf27cW7hbb0vTNF0vL3RuinT7ODRrGs52pXLVVf4TGuZWH82fwdceWTE+f5A27/AEU9N34i3sg3J1I6Y9OdI2Zv3Hxs3DxNwRoenYu69jbvowq7tOLfuY027lzm9FMTVzjzVVamYjmJ4CJ38OB0X3J0T9ci50O6j6ZZ/bGwts9T9sbh0TUMei7jzn6fqm3LFu/VYyLdUVVU0xVMeVETHnPv7gmLeq564vQj0sOt+yekG/e3mOot3ee28fXIzdBzNLxL2FZvVxbm3+yKtu5fzqqYmJprnNtxd948aPGZB870x0H0zviFuzrfG9dB6L6RoW4bcZmi5ep5eg6bp26tqbnpxLtzCuU5lmiZvW6LnzZqt/Lx6qqqInyiQYuvug6MX+3zr31a6J596Mm/003xq21Y1Ca55v4mFk3LVmZpmOYjxon711cflzyCnEHJx65omOaPOmblE+H+/mny5jn+33Bf6+Hw9LHTvUz7usjSeolm9X0J6Q6Pi7p6k1U2Pm0Z+o5uTXOhbav+cxai1q9vTtWiuuuauIxvazXzPiE1HvH9V70ufRa3ptvtX2t0C0/WdxaNgYn8ptE2boOkVX9u6FzGNTdzblVi9Xev3vl3vGiu3Y97NfNXv7BTn6mXYP6fPq0+nJl99vajpW0OnnVDB2hmb72zreFjaVoOpalXj4VObmbR3Zg2b1VyM6murH9ou1zZqquRNqvz9gj4fDSekJsXv/6zb46q9wehzrXRHoPmaTjXNDybUXdO3jufUL+o1XcHKu3aKrVWHhUaNHzLXy7s+OZHM0xxEhKA7k/XE9KrsF6+V9mOndEdOz9vbG1OztHf2bs7aGj5G29o37d2MKMS7VNf8/Vbii986KqrHyqaImfLzjxCib4hL0h+1zrB2bZ3qTdnmzdG2vr+3dtR1I3VXtrDx7Ombw2RfxZzqMqvT8Ommmi/jTTe5v8Az79FM5M80fqHqfwc+laFm9lvXLL1fTNIy6MLqjRR+I1HExNTqt4UWMzysUX79imaKI4njiPGj39p+4LO3xbPZnb6Od5nR/uj2PptjStl9ctAxtBpo0miijBt6/s3PxL2blURYs27Fn8bTuWxFNufKqfkT9dXH0hef9cPTdJ0v4cTotr2m6bp2LrNnVegWo2NSsYuLj534unRt11/NjIt48Xblc1REzbmqmLk/eY4BU16aeVsj1U/QIjpjqGJo2XuuvpFuLoLuLVY03C0/Usbde3NFxOc+jMppyb9ORVXm/zWTVFNdVUVTEe0gxdup7B1vTOpOX03ycDJs7hxt13NsXsHKx6rGdjZVOo/g6aLlvmuvzmfeY4ifz+8+wZRXvLtbV9J34f7B2fc0jb2HvnT+jW3elWDmTpmF+08rfW6tEy5y9VoyK7fz7uTXOBYm5X7VUTFMzVM1RwH1vw02ZolXo9bR35ru38PWtZ0ndvULP1K/m4WHezdRr03TtByq8eci7i3a5sT8yqKaZpqiJqn2kFtDW/jEO2zb+sarpWT2T5mTe0vM1TTr2bb3Npdi1mXdLvxZiui1/Ii74ec1VTTT8yr5fPtVXz7BY79bX16OjnqgdENh9L+nfb5qXSbV9s7mytWydYva7hZFN+1NvFppsXrOPtvTKrtHNuqZpm/HMzP255BMN9APcG29h+if0s6p6ztDRdYt7a29uXdGpTOBhU5eoTg6ZpF+7E3L2LkV1V3op/3Sap5n38AUMdFfilPT57iuq+h9Bes3bTl7N0Xde4I2tjbny9O0jcOj06rVk/gsO5nYNWl6P8Ah8Gublyb2RGZc+RTxHy7nn9IUR/E6elD24dq2w+l/qF9v2yNI6f4lvqhtbbXUvaW3cexp+k7jyd0V3NT0nUcfFs2pps5NdGk6jTkVV03vOLtriY8J8wqO6OfFz9t/UTeXTfpdgdnV/Sc3ceqbe2rTq2Rrul5lqzdy4t4c36rH8jsfniqjzn+ej7zHM/cEhL1R/UC6Y+mV2u6R3Obu6OYO+tG1Hd219t/sDAo03Tsmm/uLFzsm1TTkzo2b4RRTiVUx/MTNUzzHHHAIHfrU+vr0h9TPtx2p0K6edumb0i1nQuo2l7qy9Wu6xhZdN+1olNyLWBVZx9uaVXHz/xVc8zkVRRFPvRcifYLtfpPfEfdBdYwezrsLp7XLlreGq0bK6TXN829X078Pf1SYqw5y72JXte5cvedU+dUTmRNXEx5x9wSFfVp9UvpN6UvTzp91B3v0QxeoOn741W5ptvH0m1pmm10XbVGNXXEXKtGzoqmfxFMeXhEx+cTz7BjPfVk7+tn+o137Yvc10/6c5fS/R87b3TjaODtfIyrGVk0Xtuarq17KzYuWNP023TTlxqlqmm3+Fmafk1c3K+YiAyx0dD+m3Wvs70vpLrG3tv4mP1I6PW9LuWbujYGRleGRo1q1kX6Kfl2a7ly1XdtedyLkTE10zP5Ax6HoJdv2qdunxAOv9u+8dLm/qPTnS+sG2svF1fBoy8eq3p2sbZowMunDv0xTRNqmq94XeauIrnjjiQdB8UN001bqB612mdJ9j6ZhxrO7ukHSLTdJwMLFo02xc1PXNU3RYuXrdnGouRVeuRao5rpoiqvxp9o4BKT6ddq/ps/D59iWg9cetnTbRNzdRqsfRrOu7yy9G0/X96bj3pqGDcyKdH0qjK/D1Rh4l21d+RR827VTVkTzHMxyGrt87rfS19fjoZ1p6c716Y7a2Prux9Ox7Gr2N3afouja3p1GfY1OnT9y6VNVFFVNrT6sS/PlFU/Jm7T9U+fsGNj72eg2kdsHdB1r6G7d3Fi7u29sLeOtaBtzdGm3aMnF1nR7OTVRiXJu267lHvRRz9FyuI/KqZkFIQAKs+xrtj3N3j91XRrtt2rbvftHqpu/TNtZGXZx6smvS9Nzcm1azdTm3TVRMU4tNdPNfnTFM1xzVHIMm31P0/0r/h2u1vZF7Xek+i67vrcFn9ladXi6Bpeqb43/uXTsbGnUsu/cv8AhXas03crH+ZMU5Hy5yKfermAfOdMt3+lt8RH20dTNKu9Ndv7Q6j7NwvwGdb1jA0bQ957G1XU8bMjS9QxcqIiq7jTcwsnirwsTXNjjmJgGNC7v+33J7Ye5vrB0Bz8/G1enphvHVtuY2s4l2ibOo6ZpWVXas5du5RXepquZFNUeU011xPjH1T94DIe/D87B6Zenj6M2b3h9ddI06jI6mZmZ1HnL1nAxLl/J2vmY2HVtnGs3cy1M005FV7UZ4iKo+j6Yq9+AtSfGK9pOHtzqT29d3ezNGxcTQ+om2c7aG6ZxMW1b03Gy9Lo0fL0a/VONbt2qLuZTq+fM1VfVX8mPGJ4ngLIPw6eHi6t6tna3pWoWKL+k6jumLeTh1zbu42TNrN03iLtu7aroqoiK59ppmPqmP4AyE/rCesX0f8ASR17o5pe9O3u11Os9XMPdlWm06Re0zR/kXdtfsGL9FdNW3tS+ZxGs2uZiaePf9QWRNY+MV7W9w6fl6Lf7LczBx9Uwr+NdybuvaVlRYpyce9ZrqmzGzbHMU1VUVRX82maePt9pgLNHwuWq4u/vWPwNTytMm/pWtdKurW4Lmm51yzrNinKy9V2vd0+uuxdxce3Rdxqar1Pn4z4+f0x7+4TBvVq9djof6UnW3Z/RjePbdHUrO3TtbG3TY1TTcjS9KptWLlfh8muiduajM3KeefPzj7/AGgFkfrp8XT22dWuj/UPp1pnZrn6Nm7z2rq2g4mqX9zaZNnAu5WPNmnIt+GyrdXzbc3PL2rpn7e4Pifgxrej7q6w96Obqek4Gdbs6V08zNMtarh4+pZGDb1rI3zcu2rWXftxH87+FtRd8ceibk26J4jx9wuz+oN8S32/dgfdP1C7YNz9q17e2sbGv2MW7qen5ml6XavzcvZdmquLVW2c/wAfKcbmKfmVce8+QLO3e58U/wBvXdL2g9wXbxt/tL1Pam5+rHTrcWzNu7kzNf07UqdI1HULFNqznzFvaWnXIqtzVExNN+3MRH73uCzb6Gfq6dOPSy3T1j1vqP0bz+smJ1Lxdv4Oi6Xj6tjYVnTb+mV6zVl3qLORomrRVcuxqOP5zTNvn5NMT+XAZK309O93pp3+dm+H3e7Z6SaftLRMu9uPHt7YzcXTcvJoq2/hYWZeoqy40nGiqqqnLpopn8NHHEzxMSCD/wCrb8R10K75u0/qV2ybH7Z8/YG6dW3bg3sLfVjV9PiicLQP2vh5XNqxtrErpi5VmWa/GMqY4j7zxyC738HPpehZ/Zb1yzNW03Scy3h9UbdMZOo4uLqldvB+Rmc2acnIsUzTRH5TEcU+/tP3BZ2+LZ7M7fRzvM6P90ex9NsaVsvrloGNoNNGk0UUYNvX9m5+JezcqiLFm3Ys/jady2Iptz5VT8ifrq4+kLyvroaHoNn4bno7n2dH0+nOydQ6C3pzbGDi0Zs3ruibsmu7Vft2aLs+8RNfNfFU/ePYFQfwleDomZ6QVeu6vomn6nqmndfetOFcyc3T8TIybmJoWmbPv2MeLt6zcqppo+ddi3HMxE3JmInniQo13v8AGEdsmy90bh2pk9lOpX8vQc/LwK8iNw6VRTeqxL9yxXd8P5FVTRFU2/KI8qvv9/zBZZ9Zv4gvoz6n/bBpPQrp128al0o3Bg780Lc8a3OrYORTexNOs51vLw67mPt3TKpouzkWpmia5irxj7ccgif5vjFFH0xTVeqqyIiqPO7FuviKIrvfT58eM/0KeOf4+wdaDtce9VbrpuW67kRTEWPmUV+Py6a/emJ9quZnxn9Pt7Ameek78Sd0F7KO07pH2rbq7YcveW49uZ93Ayt8U6np8W8nK1idLw7N+5j3ttZVyrirFrruTOZPnExH08e4TWPUt75+mnpydn9Xdlufo/g750yncuz9v1bSwY03Rc2rI3hg6lmY12c+rRdSii3jxptyiuzGJPzJrifOiKeJDGietr6snTj1TOqHS/ffTvo7d6Q42zdDyMTVtPuapjaj+Mv3LmJVTdqqx9F0imZt/Iq4mq3PHnz+sAyP3o+bU2XuX0jexnH3Fomi5kbm7a9kafnZmoYODm5mo/tXTb9v5l7OuY9uuq7diiqaq5pqqjiOOfyCBn087RLvZz8Tf0E6CajpVvF21l9320tS27i3b1Odj6tsTcmtZ86Rcu49zFs2vk5MYWT5Ux52+KIiJkF2b4prqrt7ts7+/T+6tU7YozNI2JTru6de0HSqsXSJ1jD0zM2rcjFyKbeDkUVUzT8ymZrtXPav3p9/cKue0j4p/tu7lu4Hor28aF2h39q6n1X3rt/YmBrl/U9Lz7Fu5l1xjRdrx/5K4tVfjNflTRF6mf3vq9wXifVx9UnpB6UnTfpx1J3h0RxeoOD1F1nI0rExtLx9M02uzVh28SuvyuVaPneUz+Noj9yJo4nnnn2CCD6x/q+7E9ZjN7c+lnQ/oDqPS3dmg7o1jTPCnVcXJvbizN03tBsaV82zibf02uqnT507Km1TNVyZ/FV8TT7+QSyOi/Z76ePw/nYJpHcV3DbA27uvqrh4m3sTde/c7RdPytxbk3vuPBycrT9raNdyqqq6Mau5p+b481XqqKppmLfM+wfQ9oPef6VXr+7d6idCtwdAtLw92aNgxmZ22d0aBpWLqs4N6jLs06jpOfRa+ZV8iqiaqp/B8czbmao55Bj2PV77DdT9N7vd6pduNq/nZe0cTx3J071HNxarNepbD3DlZtGlV1V/MuU1XKKNPqpqroqmmYmn2pBa3vRxcq4omiJmZimfvEfl+nP+SAarEzTciumOaqImqiP1qjjiOPzBUR2s9vm7u6nuD6R9vWxsaqvd3VbeuhbN0amKKq4jJ1PJ+VcuTFHMzFFMxM8TEc8czAMn1ujpn6Xvw63aHtbe29umejbn3hlW7enYms3tD03I3p1A3PYxLFeTTTeyJuXKKovV0c1xGTNFV73j3jkPmug3Xj0r/iI+h3VLZurdI9J2l1E2np1ena3Y1/SNGwdybLt6hj5dOi61g6r/ALXqqxcm5i5k2Kfw1qZnEqmbn6BBd2R6S26d7ernHpqaVrFnUdNwepebgatvHArjOt4/TjE1OzjZe4vKzXFEVYNq5REz8/wp+d73I/MJ2nch109Lj4dno70p2JhdGNL1ze+6bX4PR9M0jSdLy92a/Z0qziUanuXOyLtibk0TczMaZqm1VFyq5P8AORx7hor6M+mn8RD2Obr6o9NOmWk7Y37jU6vpGBq0aRp2jbx2dvjHwqbtijOnHpvXK7Nd2ri1VM2JuzZucRE0zAIf/oG9INb6P+upsvoZv7Bx8jV+nms7t2tr+Hn41FVm/l6Nquj2KK7mLfpuRVe4rqmK6/efKfaPuCbj6t3rI9uHpedRulfTDrJ0HjeWh9UtN1rWcnVdE0zS8qrEwtGuaTbu49Wm16bT5zfp1Xym9+Mo+RFqYm3c+ZzSFGvdB6ZXpvet52P6r3L9mO09qbE6t5OlahqWzN67Y0/Bwcq3uSxgxl5Whbx03EnzvVVXKsfziMy3Vbq+ZHhV5/SEa/4TnZuXt/1jNW6fby0mn8Xt/oB1ox9R0rUcS3fs06vt/Uto2LeTXaybdUU3bdWRdmjyt+VMVz9XvMglkeq16/fQz0sO4bA7fd69sf8AdJ1TK2Ptvede4NJzdL0jFpt7hu6jbpwoxp2zqU1XMedPmaq/nx5/Mj6KeOZC0T1D+MG7Yt8bI3fsy12Zalpl7cWjajpFrPnXNLyYxYzceuzTdm1Ts7HqmbdVVNXtdp+33gEBXcWozq+q6trV23dopzcvLzKKcu9GXXTRqF+5dx6OYt2I87dNNUVVxH6fTEewPjgAAAAAAAAAAAAAAAAAAAAAAAAAAAAAAAAAAAAAAAAAAAAAAAAAAAAAAAAAAAAAAAAAAAAAAAAAAAAAAAAAAAAAAAAAAAAAAAAAAAAAAAAAAAAAAAAAAAAAAAAAAAAAAAAAAAAAAAAAAAAAAAAAAAAAAAAAAAAAAAAAAAAAAAAAAAAAAAAAAAAAAAAAAAAAAAAAAAAAAAAci1EeM+01TM81RH3iin97/L5R/k+3AJpHwcHaZkb47nusvd1reBNeg9Fdn2Nn6FeyKOMe7qu+rmdkZmVjV1UVU1X9Jp2tj+VFHFUfi6fro5jkKo+infvrOrfFObt3Rfsa5e2FufM1XtX07NytGzsXRaMK7rNqLWqfiKqrliKLMc/Kv8+NyK6pp+X4z5Bbo+Lj7Rsno56gmldd9Cwb1O2O43a1GpXsqLXy8b+Weh5E3darm9THjNV2nXMKY5+urx9/tyCJXlRTF2ZoiaaKoiq3TNXlNFEzPFMzxHMx7/lH9QOOACoztK/9Et0S/wAZm1f++EAyTnxe3+CB2v8A4/Oiv/efdAMZD0f0zC1rqt0/0vUquMHO3hoVjLrqniKbNeo2POqZmeOI4jnmQZSX4p7Ny9r+izqdnb9Fdqzm9ROjeh5U2JmmmnSb+h7n+bTVFERE2/op5pmPCfbmOeAQF/QZ1/VtD9XTsPjS67lcav142RgajRRNXviX82fmxc8Z4m3HEeVNX0zz78cRIJzHxH+19A17uz9H2dXx7Uze69bvx7t2Yoiq5YqzOnczZueUTNdHMRxTM8R7+3vIPPfjFNW1PB9PHo9tjCuTjaDqvV3at/UKLcVUW5u6bp96nBivxmKfGmMrI8aZj25nx/MEUz4XjXdW0r1dehdvT71y5Rrekbj0zVLVNVftgVZugRVducVTE0xzV+9HHE/f3Bdy+NN0nTbHcH2i61j1UU6pl7Y3ji5lFPjFdWPYyNpzjzcmPqmJm7d8fKJiPfj8wX5+sNEW/hS97UUzzFPpvZURP6xGi0AxP1UzP3mZ+qr7/wBgNIAAK5vTNuTa7++027TTFdy31p2dXaibvyY+ZGfT4zNfhX/H6fH3/WOAZWL1j/Sqx/Va6B7B6Qah1xwuh+LtfcWm7mxtcyNn2t0V38n8JRRVaot3dz7ciefGmZp+dzPHHsCMznfBU7f0/EzMq56kWj5MY+Jk5X4SjoZiYUX5sUTcpoqvx1fyPCmZiYmv5Vfj5c+M8gpO+F76FaH0a9b7q902ua3RufL6UdJOru19O12dPo0unVqsbU9u2sjPs4P4vP8AlU1fh7NVM05d3jz4iv8AOQ8w+MV1nVb3qd7R27eqvWtE0voBsDIwIqqq+V8/UcrXozZtxP0RVMYuP5zTxNX0+X2gFz74IzcGr5u3++zb+T8y5pGl5PQ+7gVVTV8qLmXHU2MmmimZmmJmLFmK5piJq+nn7QD5Ds+0nT9O+L27mbeDRRFu5m9a8q5RRxFNq/XrW2eaeKfaJ9vt9+AXpvWU9ALTvVd6/wCwer2Z3P4/RWvZe07W3adrW+ndrcOdrtUXLddGVTrte9dCrtRY8Kot2I0q/wDKm9VPzKvLgHW7M0nsi+GV7GdwbV3H1Xu7q33vq9rOraXezcGzgax1A3XhYVuii3i6PVn5U4uHg3M2n8RdjNy6rU51uIoqmY5DF99yHWHVO4Hrd1P60azTTRqPU3euqbnu4XMzXTTm5Fy9RzVP3iIufveMc+/t7Ap+ByrMeVuunj7UXLnPH3qo8fHif4cz+QMiN8FBo+l2+lHebrFv5d7VNT17pVYzo4p87dnGo37NmJ45qimqb1z2mYieARLfXh3HrGu+rl36VaxXdirSu4HeekabYuTXxRpdjNn5VNvyn6bccz4xTHjH5QC2dV1O6iRtPD2HVvXc1nZ+Fk3NSxNtU6nl0aTRqGTTRTezacO3dpt01XabVumY44mKI5BkzPhBtF0/T/Si3vuLGmK9c1Lrj1Uxc2iaaab0Y+laXodenzPHNXjVVl5Py+Z4iYqiI+4MdX3zatqO4+8LuB1fWrl2nUtS6ubtnNpuVVzXZm1nzNET5T5c81z9/eOPtyDJodjl+51E+Gf2hgb0q8cPI7Ns7Rr+Rk81Rc0yxolr5V6qbnPNM+VXEzMx/YChn4QbFpq7EO6K3briKKupGu+FUfem9ZwtUqt+MRx+cR+f9oOR10xbHq7fDy3t1YmPGsdcO2fUsq7n4+PXF7UZ3t0tiqNTx+IouZFFvUf2pj+NPvVX+GnmKppjgPoPXUinI+G56N3LHNVyc7oH40/aum7Rou7qaav+D4zFcTHE8z7TPtILZvwa/dtToPV3rf2cbizce3pnULbOL1D2fi5F/wB7l/RKs/G1fGs265in5t+nVsGPCiJqq8Y8ueKQecby9MvKp+Kg07pJb0W1b2Dr3UXE7rKtMx8bnDxemF3W65qxYjw+TxRM/XzTFMcxPH5g9w+Mm7tMDJ3l0C7K9vZnyZ2pouVv/eGPjXYimnA1z9m4237OTbpninwjStUji5HtzPjx78hfJ+F6wY1z0Ydj6TNy5gUatvbqPpNOXboi7OJZytK25ZjKriarcTRbprmqqqao/LmQWv8AP+Dw7YdeytR1ix3q6li0axkZObTasaDpebasValfuXsmmnneePM26Zi3TF2aaZniZmmPsCNP65PpK9MfSv3t0l2l096z53V+z1A0fXdUzM+/ouLi0YGThVaTFFuu7j67qsUzd/F1TRz4zMW6uIngE7v0A9i/3UPQy6TdO6NWs6HG9Nn7k0O/rfyP2la0+vUNK0izcybmPN7Ciqq1zFU2Jv0R7cfNBbK7YvhCuk/Sfrts7rx1J7vKesOztq7onemXsTTOmFjb2HdqxsunNpxsrcsb816mbNEUVUVUVaPE5MRzzb+XxUFDfxT/AKwXRXr7sHQOwbt+1ujd+n7Q31ibm6ra382icbA1/Z9uvB0bbuLRbm7zcx6c7VPnxcroq97fjRHuCHV2lf8AoluiX5f+SZtX/vhAMk58Xt/ggdr/AOPzor/3n3QDFuUzM3YmZnnymeefz/UFx/0gf8J52O/+zCbC/wBerBNl+NK9u1ztY49ud+7h5/jxjbe4/wAgMctti7VTr+iUxzPzNa0qn+rjOsfb+vyBmBe+burs9lXRL0+uuep6h+zNnX+sHSXpj1EyarnhbnYu+sL/AKd265mqmjir9j4378+Ht7wCizqB2gW+knxIfbp3ZbVwvk7M7m+gPUHG1Guzbicard+3tQ2ZlaxnXb1uItxd1W3uTCm3TPlVVGLV9dXHsFov1LNN0/Wfi6eyjB1emj8Bdq7aKK4uxTNuqY1revjFUVe0xPM+0+3tzAKm/jOcrUb/AEq7KNh4l+/iaBubfO96NSvY9qq/Tj5WHXsnH0qv8PFyzRVV45+bVTNVyniKKoiYjmYCmfp78GfRuzbeka5tz1KLej0bn0nE1mrRNL6KU5t6xay7Fu9Nu5fxOsGLcyYsfMmibtWNbiJmfop5iARfPV69O2j0vu7rN7X56q5PWTJsbE21vLI3bkbbq2pXdo3Be1W1Zj8FXrm4aqZonTblVVU5tfPlEfxkLUIAJJPwo+h6TrnrA9MP2rXRR+x+mm/tc03z8fr1bT83a34Oijy/p1fOuePH1e08foC5n8aJuHWczud7ctr5Fy5j6Do/TXcms6bM1VxayNSy7ugxkURHMUTXRGPa54iavqjmPf3CGdtnqNvrZmnavpO0t4a7tvC3JFqxuGnSdVycexq1GJF6KJv02JtfMt0Rk3Ypiqqrj5lXE+8g+/7dek26O4Prv0x6VaPh6hrO5Oo29dE2/i00VXb+Rnxm5lujMqu3avmXa58a7czMxV71Tz7yDITfE0bvt9oPpSdsfZV0t0/UqKtZ1vZ+BgWtJwr9+cPbXTHAt0ang5FeJRPy/wAdc3JjfLoqt+Nz8PXzH0g++7utu5vqf/DVbf39kaXfyOpfT3pDt3qrd06qxdr1ujd2xNGy/l4dNq9boyPPI/aNXlRxTVVNqImJ4gEPL4cW3cs+sJ2pWrsTTVb3jdt1Uz96a6M/S6aomPymKomJif4gn3+t76JNn1cN0dEM3K7lMPoFPSLB3ZGBcv8AT6zu6vUq9x1bfnJ4yLu9Nr/K+X+xbPFMW7vh5zzM8xAI83Uj4NnQOmuwt2dQafUN0zcmPs/QNR16zo1PRnD0yrOrxLFd6u1Tnx1Wzptec26afbEuTM1c8e3EhbX+FPwqtD9ZHS9OtXLWXGj9G+rel2L1+7+zK8i3iantS182bNNOX53KvGKvlfMmPqiIr/OQl1esx8Pzp/qudc9q9Yc/uqx+hmbt3Z9nbeDouXsOxuiqvGt3Irqu1fN3ptyqn+jE8W5j3+4I/XdB8Ijo3bd299YOuc+oBpu8qOlux9b3Tb21T0YxNIvax+z7EXqsW3m09VdSqt13PCmmiqMS7NflM+MeH1B6N8FZNux1X72aaLMZVynQ+mXyLtNybNy7GNd35RRMYcU3OJr8pqiqL0+H24q5mYC7P6ifwzfQHvv7ruo/cpu3uqzNhbl3ndx8nVdqYm38DOqw+b2Zeop87+7dNuVeU3rlNNU49H7k/TzyCPT6u3w5XQ705OzzcPcXsTub1DqVunSt16No+Ftu9ouDhRd0/Os6jdv10XMfc2p1xFmca3FV35Ex/OUx4x+YQ/79M27s0RM8UXIinmrmYj+uOPf9eAZXX4aH/Ac6B/8ANbqp/wB4NvgxTu6Jn+Um4fef/N7WP9fvgyQPweWP830/u5KKa4pi5vrUqon+lTkW9L1Cujj9OKoif0n9OeQdv1zxbPq7/DyX91YuN+2OuHbNqWVdz8exXF7UZ3t0siqNTse1uvIot6j+1Mfxp+9f4aeYq8Y4DvPXbroufDZ9H7tqr75nQOmumf3uadF3dTH5/TxVFcTHE8zHHPsCof4RDEpz/Rw/A11/Loze4vrli13Y95opyNL2VZque8xzNEVzV7zH2+8Aof3v8Hr2xbz3Vr+58rvU1TEzdX1HLzrmP/J/S6osV5ORdv1W5qnelE1RTVcmmJmmnnx+0c8QEbT11vRu6X+k/l9vuD0y615HWT+7Ba37Xr03MLFxrugztb+Sv7PuTi4us6r4/jf25l/KrrvW/mfhq+I+iQR28mYnx8bs3I8aa6vOnwqi5Xz50RHlVzFPjHvzH3+wOKAD7Hp7/wDBzs//ANifQ/8AvhYBlP8A4q//AAK+of4zui/+bQd0cf5AYpi3+X/HsR/ZzV7Ayrmx+u+sdsvw5PYv3CaDMxn9HOkfQzfldFNVVHnjaThazVet1ce80zTc5qifb294B8R6i/bdtfq16i/ooept0xos522tzdeOmGyuoWv2LdFdjM0bVq8TN2FfuXrXNFNrGqo3P8yquuuP52nxmOJ5Cyt8atXFfXntOqtTE2Y2rv8AtTxHj436Lm0Jv1cczzFyKrfE+37s8fpARpPR8/woXYv/AOzBbC/16sE1/wCNK9u1ztY4/wDT7uH/AFbbwIWPoy6Jpm4fVG7HdI1m9Ra03N7gdk05PzfHwq+Xm/TTV5fTMVeU+0/fj+AJq/xo2uaph9q3bFtjHpuUaDq3UDW8zUL1Pl8mMnSMfQqdOpqiJinmaczJ8Jq5mIirxiOfcI8nwlmuatpvq6bNsYV25XY1ro71LwdTtUzV4zixmbTiLtyOeJ8POrjyieOZ4mOZBWJ8Z3pmnYXev0S1fFi1Gpaj0mqx8+KYjzqtY+Rjfh665jmZ/wB2vcc+0e/AIY9yPGuY4+0/18/x5/P+uPYC3MxVzE8Tx7T/AB9gSBfhndI0vVfV67creffomjSMnUNT06i5FM/M1G1m6P8ALijy5+v39uPq/SY9wXvPjZtxaxd332Xbdqm7Z0WzpnVrJpjmuLV3Iqq2BTVXxzFEzRFNPEzEzHnxEwCEBs7qBvvZNOt2tnbt1fbNjX8SdI1qvTdTv6fRqOFdirxtZlViaZuWbcfMj6pnx+bMfnPISkfg/dOw9e9VPW9c1eqdQ1TS+3rqT+Gu52RVk5EXsvM23Vk37VV7yuVzM2LUxc8uaOfzmoHa/GK7g1jI9TPbe17+Tcr0PTugHT/UsDFny+TGdmZWvU5EUx5ePlMWLXnMRE1cR5AudfBIa1qmVt7vt0O/fuX9J0nM6I3NPpqmqbUXMqnqZGR8umappiZizZiqYjmYinmZ4gHhHQnRNL0P4vrrDa0q3btW8/qfvvVcui1FMU05+Zrel/ifpp4imf5ujmOOY/qB0Pxr9UUdfO0efz/kXv6In9Jm7tHif48AuD/Bh67rOo9p3cdtrOqu39vaTv8A0y/pl25NU27d7OxtZpzKLXMzTTEU49nypp+3tz94BR56PWhaPtn4rLvd0HQKqLmjYGidztvAqtxT8um1Gt7K4po8I8Ip5+3HAL5vq2fD79FfU97kMTrz1D7js7pVq1jYu2dmU7ax9Jwc23ONt27qd2zn/NyNx6VXFeXOo1xMfhpiPlRxcq94gI9nf58LJ28dnvZz3Cdyu2O7bO3nuPpD071zeGgbVv6Rp2FTreoaZY+bj6fTds7q1C5XdvzTNNNqnGrmueftx7hCGyqfGKvKuuzdq8JpsVW/CiIveXzPGrznmKfCnxq8eZ5+0fmHVAAAAAAAAAAAAAAAAAAAAAAAAAAAAAAAAAAAAAAAAAAAAAAAAAAAAAAAAAAAAAAAAAAAAAAAAAAAAAAAAAAAAAAAAAAAAAAAAAAAAAAAAAAAAAAAAAAAAAAAAAAAAAAAAAAAAAAAAAAAAAAAAAAAAAAAAAAAAAAAAAAAAAAAAAAAAAAAAAAAAAAAAAAAAAAAAAAAAAAAAA7DAoqquUzRa+dNFyiquiZ8Zqjnxpooq4n3qmriY4n38f0BlQvRO23tr0rfQsze47qHoNdrUczbe5O4DdOFk3aNP1LVMXM03Tb+BpFvOuWLtVNNHysuMG3VYufK+ZemKaoqmIC3nR8ZV0Fua1j3KuxnU6bdzWbd/H1r+W2BRk0WovU26dSoiNifNjJpiv5nn+I8vt9XPvAVgfEwdKNud9vpHdP+8Dpvj/i6tgxpHVLQsiu9TE2dibm0+vK12ium1buzfvx+ydPpt3Kbluiiaa+aZ8/pDGDahEfia66LU2LV2Iu2bUx4xTaq58Ypjmfp9p4+35+0A4QAKkO02iY7juiddNM+X90vanFUz9Pl+Pjy5+339uP0/wAwMkt8Xfcov+kRtezRMXKp669G7vjTVxXHy9H3JxVETH1UxNU+XvH5e4MX9o1+rRNY0/U6bs2cnS9TxcqmPPwv1V4uRaveNNuI5p/c4mqK5/hHuDLHbu0nafr2eifRtTp/ubTI37vDZG3srEsfOtW7G3OqG2NGyrOJGq4VFy7cuYMXNTrprxprs13eOYu0ePEhYR9CX4eLvD7de+zaXcZ3U7N0zY2zehGu2db2/NjWb1y/ru6dKyvm4mfi1X9Mx6K9LsW7VVd7HiZm9GRb4vWvl81h578UZ6le3ta7+O17YHSXWMHckdnmo3t8a9reBXRlaVb3TubUdHjI0W5Nq5xVlaVTtaqcmia6aqPxNvmI55kJEnqNdB9F9d70iNtXu3PcWlaxuzPs7S6mbImi9Rfojcm3tKzIzdq6hkWaqq7N7ULuo40TEW5qtzjz/NXJn6QtIfDpeg93PdmvdXrndV3X7Z03Y2Nsja2do20NExNVuZ+dm6lqV63fys2/byNPwItWsenTseYppmuY+bV9ftzIWVvim+8nandH6iX8iun+pYus7M7f9Eo2nOsYt6jKxszdOXn+Gu1Y+VaqmivDiNMwvw9EU82/5zmavL2CZ5PSfe3Xn4aa30a6U6Ne3VvXqX2F2dobN0XCmu7k6hqWp6PFvDx6KqKKq7tddceMeNuOZmPYGP8AqvhzvV38Kq/70PfFdOPXci9NFnN4u+Pjz8r/AKWzxzExMfcFszui7TetvZt1MzejPcJsnUtidScLSdN1zI0LUKa7d3G0/Pqy6KZrpuWrVdVU141URM0U8TTPtP5BTQACu30xbd676gHaXbx5qi9V1q2dFvxt/N5q/H08U1UeVHNM/wBL6gZA34ufqNvrpx2OdFNU2DuzWdn6tl9TtP0vIy9vajexMy/jXMGzNy1XFmaKq4pmInia4ijy/pc+wY4ue7PuW94/u39R+fGqiZnc2oeU0VRxVTV/OzzEx94/rBdM+H670dL7R/VD6U9XupGu106DvzG13ptvDWNQufNmxjb1ztFm/qWTdu3LdM3onTpmL9yv6Pq9qufYJdHxJnox9afUS1bpH3Xdo+Fp3UHdWi7Ws7Y3bof7Sqp/lBtmmMfJ0DUdDu42NmTYuaf56jGVTVRfjM/GWOK7HyJ+YFWXoQdguqejH2S9Yup3dvrGg9Pd678t6VuTfVWTqtNel6DpG08LWb2jabdpyLGJVRn2q9Y1GMi7VVEZPNvi1am3M1BG89EjuLs92fxJXUruIx6arVrqlR1i3Jp9iirmmnTczWdt1U1TH2ijx8Zp45iImfeeQVZfFO91/Wrte9Rjth310k3rr23c3aGy9M3XGk4moZONpep/gc7FuXrGo4VqumjJpuUfTNE1R5RM8zAL1vdX0w6XfEHejfpHUPZGDh3eqNO0rO9en96mxaq1Pa3UjR9J+Zqe3suuiuq7c03VLt7D/G4UfIryZw7PNVPy/cMVrvHZ+vbH3PuPZ259MyNK3LtbPytJ1vDzIrt5WnZWmXa7WVROPXRbqt1V1TE2qJnmmKaveefYPgQcmxxMV0TVVzNMzRRFPM1VxMcUxPMe1XM8xx+QJjXwh3fdsToH3OdXu2bqPrOn7X0XuO0nb+ZtfWdWzqMPGo3Ts29q1nD0G1duUxTVqGsfyon8Pajiq5+Er+/HsFXHr6/Dvd2PcD3kbs7qe0XbWn9SNtdbs2rVt16HXm3cPXNE3jqeRXey8y1bx8PPpzNKyKblFVuqr8PVZ+TVzNz5n0BUBtb0JPT89P70qdxdUfUo2VoOs9cNCwtY3XrG5tu65h4up0anlabar0baGjanmabevXrePk4+X/NRYpmqao4t0/mHwPwfne30703SOvPZPuLPxNsZGr7ro370rwdSzLdGVrmLuKrVMXWsKxVci1+JyMa1iaNFNVuiJmb8+VEe0Aoz9ST4Y7vN6hd//ULcvQHb2ibg6M9ZOoOVuLR9z6hrl/EvbSwNSzqrmZRrONa0vJt36rdq5bqt3YyceK5oufRTwCQ36ovUPYfpLehTPa9XuLBq3ll9CsfoL09wLt21Vl6hrk6VXj5moXJpuU3cqLVyrGirxtW5n5kTNXM8Ao6+D8rt3ewruTsUVV03b/UHcV3Imb3yrtNFzSsyqzXbseFXE+U3OZ+Z9+IgFAXwrnd3jbc7o+6Xsf6gapYu7c60Zmfre29E1fHi5Rf3LgajrWLqWPjY9zI8KY1CnVMKMqaYqqyJx7EzFPyo5C8z8Tf0807pL6G9vp3odN79nbL6k9J9AxfmVxVfizi4W8PlxcrimmmqqmKpiZimI/Lj2Bj1/Sv7qrvZj389tHXu/lTiaHtDqJotO8ZtTNMZ+zs/PxadS0+r6qYi3c+Ra/fmumIiZmmZBl+8nty6RZHdBoffpNOn1b3s9E9R2b+2/KzTTVtC9awtT8Yu+NU3rdEUT43Pm0UWfKfpq+ZzAYjT1h+6me831Fe5DrZY1K9mbd1TfOo7e2Rbrtz5Yex9Izc2NIwvmfNrouRY/E3+a6It0V+XtRTxPIZDb4ZrTMjV/RL2/gafZ/F6lqWvdSsbE0+iZ+XORd0bQLeNRatRzNNdyur7xMzVMUzER+YQkt2egt6ymqbi3DmYHbh1hz8PP1LcOTg50Zmu3Yy8S9mU3MOqmIs0RE10VVTRMTMVRzERER7hSV3W+kt6kHad0vu9Ze5rodvraXTbRdQxNDr3DuOvUb1nDzdTovXLNNmcyzFNmm5ThVzTMXJ8flzPjP3gMhR6JeTl4Xw+21svBybtnOxemG87mPk2KpprsZVnRNKmLtFyOKouczTNMxEfugj5fDEerTuzaXdlvPs87gt+ahr+1eveoZlGwdxbkyLmqV4W9cPUMnF0/RKr2Vk2qLOFqlGp1RXTRVM0/hI4oufkFP8A8U96XX96/wBy93u36V7ds6f0U6/5OTe3BjaTVNNjb3Uu1djIzsyuzax/k2sLUaNRonGx6rtNUfhLsfNr/ohGV7TaJjuP6KV00zNUdS9qRFcz9M1ftCPLn+v2mP0/iDJLfF33KL/pEbXs0TFyqeuvRu7401cVx8vR9ycVREx9VMTVPl7x+XuDF4WsKmLs01xM127s012puRRfr4mImmm141cTzVEc+U/eOI9wSUfSL9G31DsLu07Ke6jI7et10dEMLqTsbqJc3n+FyowY23TfqyKcqa5xfl00/Jma5q+ZMRHHvIJbXxQXYl3Td93QboPs3tr6Z6l1H1zaO6M7U8/F0yi9FdqjNsaXRVFdNqxkT7ziVRTE8ceNX3/IMbv1/wC03rh2Z9fNJ6MdxGwdT6b9QtOr2lr+RtrVa7k5n7K1vUb1GDn0fMx8eqqzlV6fkRRPy4iPlVcTV78BkHviism9Z9FXoRlWprpyrXVjoblY0RRMRF+zpGvXY8bnlzFVM0UeNMU8/eeeQXOvRn617Z9RDsO7Retm4dTxNQ6pdDqMPRtb1O3TTc1bF13ScPTfx2Nk3qrlV63iarVbs/j8eqYnJnDs81x8r3CIZ8RX101Dto+Ib6S9wWk/hr+b0k6f9Ad7Y9rwnMoi5pOsbxrrnJx4qtTXRTRXPNv5lPPt9XsCT56uHaBpXrk+m90+3l2ybl0XWN76FRgb76f5GZn27Gm37+Zp9q7q+i5mZjxk3MfULd7H0/zt0265t+ccxVPALXnw83pG+pH2gd7Wb3F92GXb0vpXpXSXfXT/ABdPyd56juC7m65r+RodzB1K1hZmBp1i3p2Db0q/8y951VW4v0ccRPuFgj4rPfG0OoXq2bv1PZeuadr2HpXRbpttjJu6Jft5WNRqmkZu7PxWNdvW66qab9v8TR82n7xzTyCM8AC6Z6MHdnpXZZ6jPbt1v3Hfx8XaGDurF29vTMybkWrWHtXWs3CnVMqbk800TajDszFVX0xEzM/kCfV8Q16U26PVl6GdGO4btQzdF3hvzYunZ+o6XgV6vGPp279n7hsaXkU2sDJxsfNqjMtVabTFmr5d2K/nz9NPH1BbR9If4aPafTXaXVjrF6qHT/QcXQadu0W9v7W1PUbd3H2zpFq3mXdW1POz87As0xmTTGHFq5GLbixNuuZ+Z58UhTT6MvZ32ydZ/Xx6obt7Xdoanhdqvalc1PW9p5eVnWdatZW79N1T/qYz6dStYWFYjT9Vt4mf4YcWJqqjFq8cirxngL3Xqh/EvdEuwPuv3X21an20XOuWt7A0bAu5u6ad5Yej4+l6jrF7Ms5+i42Nf2lr3yL9qdMszfj58VT/ADcVUU+MchWN6UHrGdHPWK2Z1z2PpfRmOlFGxtKwNP1fZmoazjbgsa1pO4sbWbFyYs2tF0SimzbnA4uU/Irpnzp9449whc+mp20an2e/EibU7f8AMtZd2jpl131rScHJiirJq1DRbmt4k4ebFU/JiLdUW64i7TFVMxHtH0gu1/GZdWepfTDePZPR0+3lrm172s6X1cu6vOiahk6fOoVaZV0+jCpv27NyIrpszmZPjRVVPPzJiKo9+Qg8Vd0/cTft149/rNvrJwZiubuFmbjz4xcii9HFdmrHm5VFy3MU/VT5cTz7zwC/h8JXVd/6L5tXIuRVFN3ob1Q/nqp+VFfz87aNVdUxMV/NruzTH1c0zVx9okFevxfHWrrB0574+k2jbA6hbq2rpWX0ixM65g6Hq+ThY17Ju34+dcuWrNVFNfMRTETPvHv9wRDtS7luvOuaPm6DrXV7fGqaXq2HdwNQwcvX87Ix8nDyYiMnHyceu743KK4ppinyniI8vaYkEzT4J2q7d6pd6dE8WvDQek9Vdvy58opr3/zRFPEeEVc/V7z9v4A8n9cP0e/U57lvUc609Wu33onvzd/THXsvGuaFkaLm6vRgV2oytRrmqzbxrM2YprouW+fGePtALNO8PQj9YDa2zdw69vXtu6lYm0tu6Zf3Hrt3Vr2sZOBZxMC3VXcuzj38f5fnaomuZmqqPaY949wURdpnp3d2vfBrm7tC7cOkG4+perdPZwK92adplu987TrOfXnW8em5Xax8ibfFWn5MRVNvifGeIjgGUY9CjtZ649rXpP6T0C61bF1LZ/VHEzt/X7+2cum5GXTOs6RpGNh0eNyzar+q7i3KOfl/eAY2fux9Gr1Bu1nZO9uuPWnt93PtLpfo+58nDyt2ZdGTRh1XtWys3IwK6IuYVuj5ddnGv1z/ADvvxHE+0yCZt8HvTZjsG7j8OzVcprq37uD501X/AJV6m3OkZnyK6LHhXxVE/M5qm5PvxAKBvhW+7vG253Rd0vY/1B1Wxe251ozM/Wtt6LrGPFyi/uXA1HWsXUsfGxrmR4UxqFOqYcZU0xVVkTj2JmKflRyF5n4m/pvpvSv0N6OnGiU3P2bs3qT0n0HF+fcib1NjFw94fL+bXFFNNdVEVTzxTTH5fkDmfCQ49/K9GfUcTDjyvZHcN17sYNPvVNc3tH2Zbx49uJqmuuqIiY+8zAIcHV70EfWR1zqPvTW9C7auqcaPm61qeTgV4udrtNm7YvZt+5ZuW4psTTNNVFVM8RxHExx7Ao97lvR/9TTtk6UZ/V3uN6Fb+21062xfppv6xr1epZWNp93UaK67lduvMs0049ddOHE3J8p8vCiOOKfYLUOXTe+v8RT4Xrc0xMXJ4uVUVc+Hy7fHtTT4z5z5TzzT7QDrwc23j01T48VVTNdMTXTMeNFMc+fMce8TzTxPMccfnz7Bdu7SfRl9RLuS2r0/679H+3vcu6el+r65gZ+n7vx7WVOn3MXTcrDyMyvi3hXKKvl2ci1X7XvaJ+/HuDI+fEIdqXXvvA9LTI6HdBNg6rv7qbd390s1adpaRZuXtQnT9A0jcGPq96iLdFdU0493MxaKqvlR4zcj294Bi2u7HsH7pexvcG2tr9zvSzXemWtbswZz9Gwdax71i9et2K7VM1TF21amYpm/RFURHE+Ue8AyAXcdFVPwj/SeJrox6qO0DYFUxkR8mq7ct6Nqvy7dNMefPvVVzb5+r2+qOAesfDZ9fdq98fpl9O+hvUXJnM6idpnUDSa9Ot3bdFNzF03bGLVb2Jq1WRcu3rt3Lmf23F6/Fq1x40eH3ngLLnxp2LFPXHtKufNu1xRsne/3j+Zu+Ne0o8qbvM+V6r9PCPL9Y44BGm9H+im36nvY7cnmqmjuI2BRTVVPy+Y/HXPOIp4q549vq59v0/UJrXxpFFc9rfa3X71UUb93FVVNMceNM423eI+88z9/f25/QEArtL6w5Hbr3GdFeueJ4VZfS/qPtnd1Nu5a+Z4/szLmuqZoiuma6JpmZmPKn7RMz7Ayffq3dp+N65fpe7C3R2xbg0rW96YV/b/UXYflmUThXvw+m3atx7YzqrEXq/2lqNy5pVOLMRH4SLF7ytX5ux4Bbe+G49DfuR7Fe4HfPdz3W6Dpeyc7S9l6rs3Ze38XU6829Vh61ct5GtZuXbycLAiLlMaZp849dP8AuUTe5mvyjgI4nxN/eZs3u59SfeMdN9Vx9b2L0i25hdNcHVca9RkWM/cGmZmfTruRjXrczbqxJ8cH5UU8zb4qma6ufYI6F6ibdyqiqZmqmeKuY4+r84j+H6A/LNc27lNcUxVVT70xMcx5flzH5x+sAuJ+lb3VYfZb339tvcPrdu3d2rsHqLouRu+3THjfv7Zz83HnU6LNyZmm3dpjFtzbuVU1U0R5TNM+XsGRJ9fj009V9ZXtY6L9XO03XNA3dvrpxZ1vXNo/K1KirTdz6HuvE0XI1DTLdzHtX6qs3y0fDpxr0RXFia7v81X5+wWhvRg+GQnaV/qX1n9Urprt7E2Rj7cyNK2n0/1nUacm1YtXov3NV3Lq1Wdp+PRjXca3Yw4027FmvwmvKmZnmAW/O0buj7IuwP4hTT9b7ZYydtdqtuNY6B5+49W1vH1PEox9z6vg29V1/EyrOJg49GmWaNLxYx6ZiqKYqq5ve8Avu/EmejT1m9RjX+kHdT2hYWBvzdWDoNO194aJdy5xrWp7XxIxcjber6PqmNZzptUWfxGqfiaJxbsX/m2PGu18ufMKrvQh7AdX9GXsc6y9Ve6nWdE2hv8A31Xjbn35iUZ1NzRtA27szC1O/t/B/G5FGJVf1Ku5rmqU5V6qzZi58u142qfGeQi7ekd3CW+634lbWe4azVVVg9VuoXUXdWBXFc3LMY+brOiVY1ux9vl48U8zRRE1RTz7TMSC9d8UN6YHef6gHXXto1btl6Salv7Rdpbf3Vpevajb+fYwdOytTu7c+TGXkWsXLi3RVGJemJmn7W6/b2BcR9OLtn2N6BPpaby3P3M7u03Stz48aj1B6jZuHl2qsW5q13S5nT9s6VbvVWK8m/Yu0Zcc+cTdiuOLVuaeKgi5/DDdYdW6++vP1P6y65Rbsar1K6Pdwu786m1zFFd7VtY2XdomimZmaLU0UxxTNVUz7/V7Ar9+JY9LP1De8zvq0zqf2tdGN7b62HR0h2HoF3cG3cnU7GLTq+lZGvV52FXTh267VNzGoyrE11TV5T8ynyp9oBHNyfQB9Z61jajVndtnVSNM/DZFnUYycvW79ivC8fO/TftXcebd2zNNHNdFcRE/rALK+9Nnbp2HubWtmbu0nI0TW9v6nk6Rq2nZlM2fwOp4tU271m7ExNVMW6oqiaJiJj3jkHwYAAAAAAAAAAAAAAAAAAAAAAAAAAAAAAAAAAAAAAAAAAAAAAAAAAAAAAAAAAAAAAAAAAAAAAAAAAAAAAAAAAAAAAAAAAAAAAAAAAAAAAAAAAAAAAAAAAAAAAAAAAAAAAAAAAAAAAAAAAAAAAAAAAAAAAAAAAAAAAAAAAAAAAAAAAAAAAAAAAAAAAAAAAAAAAAAAAAAAAAAO00rUp0vMxM6ixj5F3DybOTbs5tr8Rh3arNym5TTex+aPOmZpiKo845jmPz9gvd9xXxCHf13KdqFzsu3pkdH9I6H3NE0zbc4mzeneRt/c06NpOPfxcfCua3/ACkzLdeNkWcmuMyx+z4pvVW7U80+PEhZFuZONVXcqpqr/ept2Z8OKKcaPvzb59q4mI44q+0yC99tb4hDv02h2V4nYTgf3GdW6A43TGvpLTp24enGTqe47e1KcaMWzTb1qrctq3GTFqa+a/wHEVcTEfkCxtmZH4rJvX/C1b+bXVX4WLXybUeVU1cUWvKvwjmfanyniOI5BxQAffbE6gap063ttnf+27OLO4Nqapia1plWrWv2jhTqGDdpvY9d7FirHmqimun7RdieOY59wXgu/X18+9/1GugeP259xFXSa70/0vce39x6XO0NgX9B1yM7QMfMxsbIytTubh1Cm9XRbyquIjFomapmeY+wLJv4r6qaqarlE2vK5bmqqLk/Nq459+KfGKuIiZ4njj7SCv3sp9T3u89P3W8nVe2bqhq20dOzqqLmpbV1C7k6ntzUL0TVN27ewLWVg0RXd5imZjn6eY/PmAuVdXfilvVj6ybPzNj6n1K6f7J03UcSvAzNV6ebIzdu63Ni7bm3cu0Zf8pczi/NM8xX4e1XM8flAWAd2b21neu5tT3fubV9U3BuPWcm5qWuazrmRXqGXruqXK6q7uXl1VzTVR86quZmma7vjM/vVRMguE9j3rAd9Pp7UXcDt06tXcDa1+58+5sLdmJlbg2ZGTa9rGVTo9vU9OopyrdNVym3epuR8umqqPCrn2Cs3uH+Ju9VnuK2PmbB1nqxtnp/pGo0VUZub0u23mbS1q9RXbrtV0Tnxr2f9FVFdUcTa/pT9gWD8vW8nUNQvatqN+7qWp5GRVmZWZqE1ZV3MzLtz5l29k1V1+VyZrjyiJqmeap9/f2CRT0N+KZ9T3tv6RdO+hfS7J7fZ2D0t2ppuz9sV7l6RZWsazVpWl2vlY8ZmXTvDDorqmn7xFmOJ5n354gPXf8AZhPq7+NMTe7Y5q4ia66eimZT9/36Ij+W8/f24q59v0BY576u/LrN6hnXfVO43r7TtWnqLquiaZoGVGzNCubf0mvA065mXbVNvFu5+o1Wpt15dzj+dr8oq/Lx9woiAB6j0V6tbo6EdVNj9YNlUaZVu3p9r+DuXb06xh1Z+n0app12LuNXkYtN7Hqu0U1R70xeo5iZjn3BdM9QX11O9r1LelugdHu5GvpPc2btfW7OuaNTs3YV/QNVozLNqLNu7kahd3BqNN2aKKI9ox7c1TVM8xwCzEDsMLLpxKrdczfq8bkXfGxdnGuUXbUxNi7RfiK58qZmqePCOJ49wXye1D4i71Oez7ZGm9POnvVjRN3bU0axRj6RpfVDQM3d1jT7FFFNuLNmP25p/wC7RRRFmviIteNX01eX0h5Z3n+uT6gffxt69s3r91aptbEyKpnUNkbAwMvauh6xarpmmvGzbNWqanT8rxnxoiaK+Irq9vfkFKnYv319YPT1674Xcf2/xtWjqVpuha5t/Ta967fr3LpeLhavd0+7ci5jW9R0yu/VcqwbflMXbcUxR9qvPikPQfUS9UDuV9TvqVt3qh3NXtjZG4NpaNGgaLa2Jta7tTS402mqivi7g3dW1efxVyqin59/5/FyKKIi3T4+4e8+nz65/fH6Z2wNy9Ne2zWen17ae59Vo1XI0jqPs/J3fh6feii7RejBs29d0im3+Ipu00zMR9EWo5irn2CgDup7oN6d3nW7efXzqXoOydF3nv3U7mqbgw9gbf8A5L6HVk3Lly7cuY2DOZqE2q71d6r5lU3auYop5iePcKaQb9u78uI8appq84qiqI5miaftx7x+9z7/ANgO/wBs7r1zZ+4NK3PtnV9R0HX9FzLWpaRrOl5FeNqGmalZqiqzmYt6jiqm7ZqjypmJj3/OOASAeh/xQ/qx9C9jadsTSerGy9+ado+Lh4GFqHVDZebu7cNeNjUV25rq1mdy6f8ALuRT4f8AwrXNU+/MRHEhQH3v+rJ3qeoXnYtzuW6q5e4tA0y/OXpWxtJtZWl7NxMuZiaL37HuZ+bRXVYimKaObkfTVMRwCizpv1j330d3vpPUbpjunXdob229lU52hbk0POuadnYObTXbuTkUTa5q8KqrVufkfM4jw4+ZPPMBf42d8Vl6t+zNn4+zLHUnpvuK1j4FGBRufdmwczWd1/RR4RlftSdz43+2IiPKavk81VTE+3ALQ/dr3/8Ac33y75nqH3M9Sta35rtqmqjScOb+Rj7f2/5VeVdzTNIvZGXTbm7MURXTF+meLNuPL2BWF6fPrj95Xpu9M91dHegFXS+3sbemqUZ+vTuzYt7cGsV+ePlY+VVi5tvXtOixduUZH01TYueM08+/2BRB2995XVrtg7lNt913SbUNL0rqrtncF3cmD8zSq50KrNzMqnMzLFzAozaK5xvm2bPNM5E/Np9p8PHmoLj/AH1/EPeoF6h3QHUO23uCv9G6umuobj0XdF23s3p1k7f3H+1dv28+zp1VeuXdyajRcxvDUsn8TjzgUzfq+XVF234+4WNbWXTjXrF+zM1XMa/8y3XXTxMxRXRXb5jn28KqOYjn8/vHvIJC+mfE8+pxo3b1idsun6/0f/ufYOxKen9rWMvpzmZO9K9HoxZw4u/t2d02/DLqszPN78JVxVEVeM/aAj5Zep0Zt+7ev03JryL93JvzTXMW6r96ubl27Ta4mYiuqqfomuZjj9/39gvpdlPxF3qBdgXQHQu3Tt//ALiVGwtvavqGsadTvPppk7h1C1k5trDtTX+Jtbo06nyqpxKPL+a+8RPP24CriPjB/V0iLlfz+2SbkfKps0/3E82KKafr+d7fy44iavo4iPaeJ+33BR93wfEP9/PqG9CtT7du4y50ar6favr+k6/kVbL6b5Ogalay9Lt51u1VReu7m1CmqIjNr8afCnj8pBtduvxD3f52x9rWL2edNrnRyOjWNpWfo/yNf6eZGrbnnD1XGs4mdbt65RuPDt2rU2cez+Hs/gKvk1fMmaq/KIgLNmzup+4+nm/9C6n7M1C7ou8tua9ibr0TUcGKsW1pmt4+TXlRVYs0XJrm3Tdqjwqi9RMU8xx+YL1Pdn8Rj37d6vb7q/bV1307oTuHpxrONhY9y5Y6ZXrO58O9gY97Gs6jj65d3LkR+ProyK5ruxhUz5001Tz9oCyTsXqBqnTve+2uoG27OL/KDauq4utaZOq2f2jhftDCvU3seq7ixVj+Vumun92LscR7cgvBd+vr597/AKjXQPH7c+4irpNd6f6XuPb+49LnaGwL+g65GdoGPmY2NkZWp3Nw6hTerot5VXERi0TNUzPMfYFlC1mU05FiufKmi1di5E3Y/EeFfNNVVcUfzflPNFPt5R/X9gSOejPxTvqedAukPTzon08u9ALmyum21tI2voNvdHSfL1zUfwukW67Nmu9mUbuwaaq5omnmYsRxPMwD1iPjCvV4iKoi52xRxVE2o/uK5k+FH2mOf5bx7x7ce0R9wWRe9r1A+uvqBdyEd0vcLOyr/VCjb+39vf8AUhte5oG2b2DtbJzMrSLdeiXNV1Cui/8AM1DK/FZX46r5tM24i1RNMzIVg97Xrtd6vfl27bd7WutVzpV/cp2huHbu49v1bU2Ff0HddrO2rjZWJo/4jXLm4NQouY9NrNv/AIqxGDTN+r5cxct+HFQdV6eXrkd7Ppg7C3X017YtS6bXNr7r1uzr2bj9Qtj5G56qM6Kb9N+uxFrcGmU2Yri5TxERVP0+8z9oClfvy9QDrV6i/XPI7je4b+SdfUjI2noOzMmNmbdr29pOTo+jXNQu2aIx7mo6jXZrsV5135c/MuRVFyYiKYieQ9k7H/WT78fT5xP2H299Xc7G2XFV29b2DuunL17Z9nKveEXcm3pFObgU013qbdum7xcjypt0xz7Aqy7hviYvVZ7jtmZOyNwdYNu9P9Lz8W/h6jkdKNs5uztTzsS/R4X8O7mxr+of7Xyqf/LFPyp8poomft7hYp1/dWpbn1PO17cGpahrmr6rm1Zep5eqX68rNyq/KqqLlzPuTNdVddVy5NXNviOeeJmZB8mADmYN6ixdqrruXaKPlV01U2Z8a70TNM/J+Z/1qmvj3uRTVNPEfTPPsF5js49e71Guxva2LsPox1gtansLAqoo0nZ3UnTczeWk6NiUUxRbxNPojV9LiixRRTTTFHhETERxNPHIPqO8H4hn1KO9bZF7p31S6raTtrZ+oW72Jr2h9LNDzNlYWv4N6iKPk59qda1WKqYp84mnmqKouVc8ce4eTenL6y/dT6XeldQ8Ltm0/pV+L6pZ2i5e7dX31se9uTXr1nb0ap+zcGzq9rXNNmMSJ1rOmbdWPPhVMTzV5ewUJdy/cl1A7sOuvUXuE6s5mPmdQeqe5c/dG6cvTMevDwqczUrk3cjFwcO5fyarWHarn/a9ub9Xy4qq+8z7hUp6e3qf9y/pldRNd6n9smXs3H3FujRbWia/j7223e3JpedjWK7tdua8S1qumc183rnNVVdXHPtHvIPV9x+sr3U7p76dB9RTPwOk+F3Fbbow6cW5pew7uLtXPvWcivKry87So1yu7XkW7sUfLqnMmaouXImY45B836jvq891vqmZnTbUO6Went7K6V29w2dsfyD2pe2vj0WNxfsic23kWburarNd65+x8XzyIuUxX4x/NRxALYNeXTMW/lzdpmzzFqarnl40xx4Ux9Mcce/v+gKzuw3vz6z+nX14wu47t+t7Tq6kaft/WNuYle99Bubk0i3gavcwbuTRVhWtQ02qubteDZ8pi9TxFERMTzzAfb+od6mvcX6m/UrQerPcrOyK927b0HF29p38h9sXdtYcYNquuu5E27uqanVTzPh40+cxMRP244kLfdeTaruVRzkfJnxojm5FVXyaeeKJjxjnjmeP05/P8gua+nJ6uHdV6Wur9Qdc7WqundjUOpuNomJuarqBtC9uzErsaHOqTh02cWzrOkTF63Oq5Pjem7MR5Txb9wXXafjC/V6j9672xV80zFUx0UzKJ5n7f/rxV7R7+35zP6ewPkN/fFneqt1M2Tufp/uq526ztvd2iahoGrWdJ6Q5en5tODn24s3Jx8ureOTFFzwmriZszETx9wW4PT49Xnuk9M3cnUjeXbVY6ZWtw9VLWFb3Rd3jsq9r1mmMC5qF3Gt4VNrW9Pm1bt16nlcUzNXMVU8THHuF0qfjCPV7mryi/wBsFPHnFP8A5CWbVVRFXH9KN80+Uzx7zxHuClbvO+I19QLv26D6/wBuncFPRTJ6fbm1DStU1KnanTXJ0POt5WmW8+1R+HuXNz59MRVTn3PeaZ4mImeQeSenz65HeV6b3TPdfR3t/q6XWtjb11SjP17+Vmxb2v6vXFyxlY+VVi5tvXtOixduW8jimqbNzxmnn6vsCiDt77yurXbB3Kbb7ruk2oaXpXVXbO4Lu5MH5mlVzoVWbmZVOZmWLmBRm0VzjfNs2eaZyJ+bT7T4ePNQXH++v4h31APUR6Aal22dwt/o9V001HcWi7ouUbK6e5O3dyRq237efZ02u5rlzcepU3cTw1LK/FYv4GiciqbdUXbfhxUGrsP+IS78PTi6B4vbj22XejVjYGNurcO7Jr3x0zyNzanc1PXrWm2si7GRa3PpdNFNynTrfnT8uqY8afefyCsL/ZhXq/zExVkdsPvP3/uJZvtH5+38ufv/AG/8gKV+834kD1E+/LoTubt16+z0KyOne6sjFv6jTtLpflaBq1M4tvKtU1Wc25urUKaa4pyq/GZsT4zMzxMewLCl7IiuibdPnxM0+U+XFFUUeXj9HHMceU8RNU8c/wBQOIDsLGRaorpqqpt8U00WuLlj58V0Tz53Ko+Zb4qp4p8Y5nnmff7gv39nfxJXqMdi3QXaXbh0HvdDqem+yfnxolvefTHJ3FrPGTbxrV6m9qFvdOnUTapoxLPybX4b+bmbk+VXl7BU9/swL1dqorivI7YfGa/nRTPQ/Nr/AJ2eeZ5/l3Tx+XvEfn7fmC0p6h/qt90Hqdby2jvruY/uf1a5snTq9O0aNi7Uu7aw4s3arNV2m7Yu6vqkzTXNi37RcjiImPfn2D3Ld/rs96u9uxbb3p16rZ6QWO3HbuytL6f4WLidP8ijdEbd0rGvYuNanV53DNqbtNq/c+qMKKYqnnx9/YPD/Tr9Vvul9L3cW9t19ruobMxtU6iYOm6dubF33tm/unSarWkVZ1WFexsK1q+kxbrmdSyYqiblU0x4x5SD99Rb1W+571QtybG3h3PT0/u6/wBPsDUNM0G5sHad3amNTi6lODOT861d1fVpqqqnAscRFcfaeZBR32+ded4dtnWrpv176exp8786Xbp03d+27ms4s6hgRrGmXJu413Ix6buPNdFFf71MXKZrpmYiqnjmQuLeol63XeZ6n2yNmbC7nZ6UXtH2LqGoalol3Ymwb+2Mum/mUYVvyu3L24NViqqKcOjyqimOZ/KPYFounLxoq8/k1zTRTTTFm5X5zeirnzmu74x4xTxT4U+E/eff2BdL7IPWe78vT3wKdvdvHVmqxsqLk3/5Dbww8vcG1qLk8RMW9No1PAppqpppiii5FURFMzHh78gqb7lfiVvVR7n9kap093V1b23sfbWs267WdT0v2zm7S1Ku3VRXb8fx0a/ncxVRcrjiLMcT95nn2Cw9l6re1DIycrOyL2XlZVd65kZeTNV6/kZGVVFWRlXLlVXlN2qqmKvfmeZn6gdXdq8rlU+dVyOfauqPGqqPymY5nif7ZBpoqimumqfeImJ9v4A5EXLX5zVEURT4xFMfznj7xFU8/T4+/E8VffkF4Lsz9dP1CuxDbtvZfQrq1GRsTFq40vZnUDDy916Po9imKaaMfBt06nplNNqKYimaYopiYpp+3APU+7b4jP1O+8bY2q9NeoPVzRdnbL1rGu4GsaT0r2/mbNtazgXKJtzjZ8ftzUvmRcpqrpv1T/ukVR9NPj7hY2t6lVTkVZU13qb9dfza79FdUZNVVNXnTFN+ZmqiquqZqrucTM1U0+wL4/aj8Rf6m/Z5szTen3Tjq1o+7dp6FxZ0jTOq2g5m9LOPg26KLdnBt0/tzTPl2LVFERaj6op5n6Zj2gPJO9z1yfUJ7/8AbleyevPVuzY2Dfqm/mbH2DpuZtXbudcriaa7GVhVatqVNyzNEzTEzPtTMx4yCj3sy71ervYh182z3H9Cp2zHULadFdnSI3folevaTZx71yzdvY9eLbztPquUzVj2ff5tHMRPt7+wX2cr4v8A9XTKx72POX2341N+u5VVcw+jmbj5VqKoiI+Vk/y1r8apj384t+0xE+ILSvet6sneh6gP4XC7kerGra9tbBvX7+mbG0SvK0nZ2mZF2bf+2Y0a5mZ1GTd4oinibluIpp4/PiA+D9P/ANQvrh6bPXK/3C9uNrZ9HUGvaOubOsVb52/XufS7Ola3cwbuVRViWtQ0qq5VdqwbPl/PUxHhHPPIL1tXxhXq+xXzRk9sM0T7zE9Ec2mYmY94/wDg6nnifzn7/wAAcfK+L/8AV1zsW9hZd/tmqxcyzex8uLHRfNsXptX6Jt1/Kvfy3ufLr8ap4q8KuP8AeyCNf1L6ma71V37urqRuejT7e5N561l7g1mnRcSdN06jUs27VevVYuLVeypt2prrnxom7V4xHHMg83AAAAAAAAAAAAAAAAAAAAAAAAAAAAAAAAAAAAAAAAAAAAAAAAAAAAAAAAAAAAAAAAAAAAAAAAAAAAAAAAAAAAAAAAAAAAAAAAAAAAAAAAAAAAAAAAAAAAAAAAAAAAAAAAAAAAAAAAAAAAAAAAAAAAAAAAAAAAAAAAAAAAAAAAAAAAAAAAAAAAAAAAAAAAAAAAAAAAAAAAAAAAAAAAAAAAAAAAAAAAAAAAAAAAAAAAAAAAAAAAAAAAAAAAAAAAAAAAAAAAAAAAAAAAAAAAAAAAAAAAAAAAAAAAAAAAAAAAAAAAAAAAAAAAAAAAAAAAAAAAAAAAAAAAAAAAAAAAAAAAAAAAAAAAAAAAAAAAAAAAAAAAAAAAAAAAAAAAAAAAAAAAAAAAAAAAAAAAAAAAAAAAAAAAAAAAAAAAAAAAAAAAAAAAAAAAAAAAAAAAAAAAAAAAAAAAAAAAAAAAAAAAAAAAAAAAAAAAAAAAAAAAAAAAAAAAAAAAAAAAAAAAAAAAAAAAAAAAAAAAAAAAAAAAAAAAAAAAAAAAAAAAAAAAAAAAAAAAAAAAAAAAAAAAAAAAAAAAAAAAAAAAAAAAAAAAAAAAAAAAAAAAAAAAAAAAAAAAAAAAAAAAAAAAAAAAAAAAAAAAAAAAAAAAAAAAAAAAAAAAAAAAAAAAAAAAAAAAAAAAAAAAAAAAAAAAAAAAAAAAAAAAAAAAAAAAAAAAAAAAAAAAAAAAAAAAAAAAAAAAAAAAAAAAAAAAAAAAAAAAAAAAAAAAAAAAAAAAAAAAAAAAAAAAAAAAAAAAAAAAAAAAAAAAAAAAAAAAAAAAAAAAAAAAAAAAAAAAAAAAAAAAAAAAAAAAAAAAAAAAAAAAAAAAAAAAAAAAAAAAAAAAAAAAAAAAAAAAAAAAAAAAAAAAAAAAAAAAAAAAAAAAAAAAAAAAAAAAAAAAAAAAAAAAAAAAAAAAAAAAAAAAAAAAAAAAAAAAAAAAAAAAAAAAAAAAAAAAAAAAAAAAAAAAAAAAAAAAAAAAAAAAAAAAAAAAAAAAAAAAAAAAAAAAAAAAAAAAAAAAAAAAAAAAAAAAAAAAAAAAAAAAAAAAAAAAAAAAAAAAAAAAAAAAAAAAAAAAAAAAAAAAAAAAAAAAAAAAAAAAAAAAAAAAAAAAAAAAAAAAAAAAAAAAAAAAAAAAAAAAAAAAAAAAAAAAAAAAAAAAAAAAAAAAAAAAAAAAAAAAAAAAAAAAAAAAAAAAAAAAAAAAAAAAAAAAAAAAAAAAAAAAAAAAAAAAAAAAAAAAAAAAAAAAAAAAAAAAAAAAAAAAAAAAAAAAAAAAAAAAAAAAAAAAAAAAAAAAAAAAAAAAAAAAAAAAAAAAAAAAAAAAAAAAAAAAAAAAAAAAAAAAAAAAAAAAAAAAAAAAAAAAAAAAAAAAAAAAAAAAAAAAAAAAAAAAAAAAAAAAAAAAAAAAAAAAAAAAAAAAAAAAAAAAAAAAAAAAAAAAAAAAAAAAAAAAAAAAAAAAAAAAAAAAAAAAAAAAAAAAAAAAAAAAAAAAAAAAAAAAAAAAAAAAAAAAAAAAAAAAAAAAAAAAAAAAAAAAAAAAAAAAAAAAAAAAAAAAAAAAAAAAAAAAAAAAAAAAAAAAAAAAAAAAAAAAAAAAAAAAAAAAAAAAAAAAAAAAAAAAAAAAAAAAAAAAAAAAAAAAAAAAAAAAAAAAAAAAAAAAAAAAAAAAAAAAAAAAAAAAAAAAAAAAAAAAAAAAAAAAAAAAAAAAAAAAAAAAAAAAAAAAAAAAAAAAAAAAAAAAAAAAAAAAAAAAAAAAAAAAAAAAAAAAAAAAAAAAAAAAAAAAAAAAAAAAAAAAAAAAAAAAAAAAAAAAAAAAAAAAAAAAAAAAAAAAAAAAAAAAAAAAAAAAAAAAAAAAAAAAAAAAAAAAAAAAAAAAAAAAAAAAAAAAAAAAAAAAAAAAAAAAAAAAAAAAAAAAAAAAAAAAAAAAAAAAAAAAAAAAAAAAAAAAAAAAAAAAAAAAAAAAAAAAAAAAAAAAAAAAAAAAAAAAAAAAAAAAAAAAAAAAAAAAAAAAAAAAAAAAAAAAAAAAAAAAAAAAAAAAAAAAAAAAAAAAAAAAAAAAAAAAAAAAAAAAAAAAAAAAAAAAAAAAAAAAAAAAAAAAAAAAAAAAAAAAAAAAAAAAAAAAAAAAAAAAAAAAAAAAAAAAAAAAAAAAAAAAAAAAAAAAAAAAAAAAAAAAAAAAAAAAAAAAAAAAAAAAAAAAAAAAAAAAAAAAAAAAAAAAAAAAAAAAAAAAAAAAAAAAAAAAAAAAAAAAAAAAAAAAAAAAAAAAAAAAAAAAAAAAAAAAAAAAAAAAAAAAAAAAAAAAAAAAAAAAAAAAAAAAAAAAAAAAAAAAAAAAAAAAAAAAAAAAAAAAAAAAAAAAAAAAAAAAAAAAAAAAAAAAAAAAAAAAAAAAAAAAAAAAAAAAAAAAAAAAAAAAAAAAAAAAAAAAAAAAAAAAAAAAAAAAAAAAAAAAAAAAAAAAAAAAAAAAAAAAAAAAAAAAAAAAAAAAAAAAAAAAAAAAAAAAAAAAAAAAAAAAAAAAAAAAAAAAAAAAAAAAAAAAAAAAAAAAAAAAAAAAAAAAAAAAAAAAAAAAAAAAAAAAAAAAAAAAAAAAAAAAAAAAAAAAAAAAAAAAAAAAAAAAAAAAAAAAAAAAAAAAAAAAAAAAAAAAAAAAAAAAAAAAAAAAAAAAAAAAAAAAAAAAAAAAAAAAAAAAAAAAAAAAAAAAAAAAAAAAAAAAAAAAAAAAAAAAAAAAAAAAAAAAAAAAAAAAAAAAAAAAAAAAAAAAAAAAAAAAAAAAAAAAAAAAAAAAAAAAAAAAAAAAAAAAAAAAAAAAAAAAAAAAAAAAAAAAAAAAAAAAAAAAAAAAAAAAAAAAAAAAAAAAAAAAAAAAAAAAAAAAAAAAAAAAAAAAAAAAAAAAAAAAAAAAAAAAAAAAAAAAAAAAAAAAAAAAAAAAAAAAAAAAAAAAAAAAAAAAAAAAAAAAAAAAAAAAAAAAAAAAAAAAAAAAAAAAAAAAAAAAAAAAAAAAAAAAAAAAAAAAAAAAAAAAAAAAAAAAAAAAAAAAAAAAAAAAAAAAAAAAAAAAAAAAAAAAAAAAAAAAAAAAAAAAAAAAAAAAAAAAAAAAAAAAAAAAAAAAAAAAAAAAAAAAAAAAAAAAAAAAAAAAAAAAAAAAAAAAAAAAAAAAAAAAAAAAAAAAAAAAAAAAAAAAAAAAAAAAAAAAAAAAAAAAAAAAAAAAAAAAAAAAAAAAAAAAAAAAAAAAAAAAAAAAAAAAAAAAAAAAAAAAAAAAAAAAAAAAAAAAAAAAAAAAAAAAAAAAAAAAAAAAAAAAAAAAAAAAAAAAAAAAAAAAAAAAAAAAAAAAAAAAAAAAAAAAAAAAAAAAAAAAAAAAAAAAAAAAAAAAAAAAAAAAAAAAAAAAAAAAAAAAAAAAAAAAAAAAAAAAAAAAAAAAAAAAAAAAAAAAAAAAAAAAAAAAAAAAAAAAAAAAAAAAAAAAAAAAAAAAAAAAAAAAAAAAAAAAAAAAAAAAAAAAAAAAAAAAAAAAAAAAAAAAAAAAAAAAAAAAAAAAAAAAAAAAAAAAAAAAAAAAAAAAAAAAAAAAAAAAAAAAAAAAAAAAAAAAAAAAAAAAAAAAAAAAAAAAAAAAAAAAAAAAAAAAAAAAAAAAAAAAAAAAAAAAAAAAAAAAAAAAAAAAAAAAAAAAAAAAAAAAAAAAAAAAAAAAAAAAAAAAAAAAAAAAAAAAAAAAAAAAAAAAAAAAAAAAAAAAAAAAAAAAAAAAAAAAAAAAAAAAAAAAAAAAAAAAAAAAAAAAAAAAAAAAAAAAAAAAAAAAAAAAAAAAAAAAAAAAAAAAAAAAAAAAAAAAAAAAAAAAAAAAAAAAAAAAAAAAAAAAAAAAAAAAAAAAAAAAAAAAAAAAAAAAAAAAAAAAAAAAAAAAAAAAAAAAAAAAAAAAAAAAAAAAAAAAAAAAAAAAAAAAAAAAAAAAAAAAAAAAAAAAAAAAAAAAAAAAAAAAAAAAAAAAAAAAAAAAAAAAAAAAAAAAAAAAAAAAAAAAAAAAAAAAAAAAAAAAAAAAAAAAAAAAAAAAAAAAAAAAAAAAAAAAAAAAAAAAAAAAAAAAAAAAAAAAAAAAAAAAAAAAAAAAAAAAAAAAAAAAAAAAAAAAAAAAAAAAAAAAAAAAAAAAAAAAAAAAAAAAAAAAAAAAAAAAAAAAAAAAAAAAAAAAAAAAAAAAAAAAAAAAAAAAAAAAAAAAAAAAAAAAAAAAAAAAAAAAAAAAAAAAAAAAAAAAAAAAAAAAAAAAAAAAAAAAAAAAAAAAAAAAAAAAAAAAAAAAAAAAAAAAAAAAAAAAAAAAAAAAAAAAAAAAAAAAAAAAAAAAAAAAAAAAAAAAAAAAAAAAAAAAAAAAAAAAAAAAAAAAAAAAAAAAAAAAAAAAAAAAAAAAAAAAAAAAAAAAAAAAAAAAAAAAAAAAAAAAAAAAAAAAAAAAAAAAAAAAAAAAAAAAAAAAAAAAAAAAAAAAAAAAAAAAAAAAAAAAAAAAAAAAAAAAAAAAAAAAAAAAAAAAAAAAAAAAAAAAAAAAAAAAAAAAAAAAAAAAAAAAAAAAAAAAAAAAAAAAAAAAAAAAAAAAAAAAAAAAAAAAAAAAAAAAAAAAAAAAAAAAAAAAAAAAAAAAAAAAAAAAAAAAAAAAAAAAAAAAAAAAAAAAAAAAAAAAAAAAAAAAAAAAAAAAAAAAAAAAAAAAAAAAAAAAAAAAAAAAAAAAAAAAAAAAAAAAAAAAAAAAAAAAAAAAAAAAAAAAAAAAAAAAAAAAAAAAAAAAAAAAAAAAAAAAAAAAAAAAAAAAAAAAAAAAAAAAAAAAAAAAAAAAAAAAAAAAAAAAAAAAAAAAAAAAAAAAAAAAAAAAAAAAAAAAAAAAAAAAAAAAAAAAAAAAAAAAAAAAAAAAAAAAAAAAAAAAAAAAAAAAAAAAAAAAAAAAAAAAAAAAAAAAAAAAAAAAAAAAAAAAAAAAAAAAAAAAAAAAAAAAAAAAAAAAAAAAAAAAAAAAAAAAAAAAAAAAAAAAAAAAAAAAAAAAAAAAAAAAAAAAAAAAAAAAAAAAAAAAAAAAAAAAAAAAAAAAAAAAAAAAAAAAAAAAAAAAAAAAAAAAAAAAAAAAAAAAAAAAAAAAAAAAAAAAAAAAAAAAAAAAAAAAAAAAAAAAAAAAAAAAAAAAAAAAAAAAAAAAAAAAAAAAAAAAAAAAAAAAAAAAAAAAAAAAAAAAAAAAAAAAAAAAAAAAAAAAAAAAAAAAAAAAAAAAAAAAAAAAAAAAAAAAAAAAAAAAAAAAAAAAAAAAAAAAAAAAAAAAAAAAAAAAAAAAAAAAAAAAAAAAAAAAAAAAAAAAAAAAAAAAAAAAAAAAAAAAAAAAAAAAAAAAAAAAAAAAAAAAAAAAAAAAAAAAAAAAAAAAAAAAAAAAAAAAAAAAAAAAAAAAAAAAAAAAAAAAAAAAAAAAAAAAAAAAAAAAAAAAAAAAAAAAAAAAAAAAAAAAAAAAAAAAAAAAAAAAAAAAAAAAAAAAAAAAAAAAAAAAAAAAAAAAAAAAAAAAAAAAAAAAAAAAAAAAAAAAAAAAAAAAAAAAAAAAAAAAAAAAAAAAAAAAAAAAAAAAAAAAAAAAAAAAAAAAAAAAAAAAAAAAAAAAAAAAAAAAAAAAAAAAAAAAAAAAAAAAAAAAAAAAAAAAAAAAAAAAAAAAAAAAAAAAAAAAAAAAAAAAAAAAAAAAAAAAAAAAAAAAAAAAAAAAAAAAAAAAAAAAAAAAAAAAAAAAAAAAAAAAAAAAAAAAAAAAAAAAAAAAAAAAAAAAAAAAAAAAAAAAAAAAAAAAAAAAAAAAAAAAAAAAAAAAAAAAAAAAAAAAAAAAAAAAAAAAAAAAAAAAAAAAAAAAAAAAAAAAAAAAAAAAAAAAAAAAAAAAAAAAAAAAAAAAAAAAAAAAAAAAAAAAAAAAAAAAAAAAAAAAAAAAAAAAAAAAAAAAAAAAAAAAAAAAAAAAAAAAAAAAAAAAAAAAAAAAAAAAAAAAAAAAAAAAAAAAAAAAAAAAAAAAAAAAAAAAAAAAAAAAAAAAAAAAAAAAAAAAAAAAAAAAAAAAAAAAAAAAAAAAAAAAAAAAAAAAAAAAAAAAAAAAAAAAAAAAAAAAAAAAAAAAAAAAAAAAAAAAAAAAAAAAAAAAAAAAAAAAAAAAAAAAAAAAAAAAAAAAAAAAAAAAAAAAAAAAAAAAAAAAAAAAAAAAAAAAAAAAAAAAAAAAAAAAAAAAAAAAAAAAAAAAAAAAAAAAAAAAAAAAAAAAAAAAAAAAAAAAAAAAAAAAAAAAAAAAAAAAAAAAAAAAAAAAAAAAAAAAAAAAAAAAAAAAAAAAAAAAAAAAAAAAAAAAAAAAAAAAAAAAAAAAAAAAAAAAAAAAAAAAAAAAAAAAAAAAAAAAAAAAAAAAAAAAAAAAAAAAAAAAAAAAAAAAAAAAAAAAAAAAAAAAAAAAAAAAAAAAAAAAAAAAAAAAAAAAAAAAAAAAAAAAAAAAAAAAAAAAAAAAAAAAAAAAAAAAAAAAAAAAAAAAAAAAAAAAAAAAAAAAAAAAAAAAAAAAAAAAAAAAAAAAAAAAAAAAAAAAAAAAAAAAAAAAAAAAAAAAAAAAAAAAAAAAAAAAAAAAAAAAAAAAAAAAAAAAAAAAAAAAAAAAAAAAAAAAAAAAAAAAAAAAAAAAAAAAAAAAAAAAAAAAAAAAAAAAAAAAAAAAAAAAAAAAAAAAAAAAAAAAAAAAAAAAAAAAAAAAAAAAAAAAAAAAAAAAAAAAAAAAAAAAAAAAAAAAAAAAAAAAAAAAAAAAAAAAAAAAAAAAAAAAAAAAAAAAAAAAAAAAAAAAAAAAAAAAAAAAAAAAAAAAAAAAAAAAAAAAAAAAAAAAAAAAAAAAAAAAAAAAAAAAAAAAAAAAAAAAAAAAAAAAAAAAAAAAAAAAAAAAAAAAAAAAAAAAAAAAAAAAAAAAAAAAAAAAAAAAAAAAAAAAAAAAAAAAAAAAAAAAAAAAAAAAAAAAAAAAAAAAAAAAAAAAAAAAAAAAAAAAAAAAAAAAAAAAAAAAAAAAAAAAAAAAAAAAAAAAAAAAAAAAAAAAAAAAAAAAAAAAAAAAAAAAAAAAAAAAAAAAAAAAAAAAAAAAAAAAAAAAAAAAAAAAAAAAAAAAAAAAAAAAAAAAAAAAAAAAAAAAAAAAAAAAAAAAAAAAAAAAAAAAAAAAAAAAAAAAAAAAAAAAAAAAAAAAAAAAAAAAAAAAAAAAAAAAAAAAAAAAAAAAAAAAAAAAAAAAAAAAAAAAAAAAAAAAAAAAAAAAAAAAAAAAAAAAAAAAAAAAAAAAAAAAAAAAAAAAAAAAAAAAAAAAAAAAAAAAAAAAAAAAAAAAAAAAAAAAAAAAAAAAAAAAAAAAAAAAAAAAAAAAAAAAAAAAAAAAAAAAAAAAAAAAAAAAAAAAAAAAAAAAAAAAAAAAAAAAAAAAAAAAAAAAAAAAAAAAAAAAAAAAAAAAAAAAAAAAAAAAAAAAAAAAAAAAAAAAAAAAAAAAAAAAAAAAAAAAAAAAAAAAAAAAAAAAAAAAAAAAAAAAAAAAAAAAAAAAAAAAAAAAAAAAAAAAAAAAAAAAAAAAAAAAAAAAAAAAAAAAAAAAAAAAAAAAAAAAAAAAAAAAAAAAAAAAAAAAAAAAAAAAAAAAAAAAAAAAAAAAAAAAAAAAAAAAAAAAAAAAAAAAAAAAAAAAAAAAAAAAAAAAAAAAAAAAAAAAAAAAAAAAAAAAAAAAAAAAAAAAAAAAAAAAAAAAAAAAAAAAAAAAAAAAAAAAAAAAAAAAAAAAAAAAAAAAAAAAAAAAAAAAAAAAAAAAAAAAAAAAAAAAAAAAAAAAAAAAAAAAAAAAAAAAAAAAAAAAAAAAAAAAAAAAAAAAAAAAAAAAAAAAAAAAAAAAAAAAAAAAAAAAAAAAAAAAAAAAAAAAAAAAAAAAAAAAAAAAAAAAAAAAAAAAAAAAAAAAAAAAAAAAAAAAAAAAAAAAAAAAAAAAAAAAAAAAAAAAAAAAAAAAAAAAAAAAAAAAAAAAAAAAAAAAAAAAAAAAAAAAAAAAAAAAAAAAAAAAAAAAAAAAAAAAAAAAAAAAAAAAAAAAAAAAAAAAAAAAAAAAAAAAAAAAAAAAAAAAAAAAAAAAAAAAAAAAAAAAAAAAAAAAAAAAAAAAAAAAAAAAAAAAAAAAAAAAAAAAAAAAAAAAAAAAAAAAAAAAAAAAAAAAAAAAAAAAAAAAAAAAAAAAAAAAAAAAAAAAAAAAAAAAAAAAAAAAAAAAAAAAAAAAAAAAAAAAAAAAAAAAAAAAAAAAAAAAAAAAAAAAAAAAAAAAAAAAAAAAAAAAAAAAAAAAAAAAAAAAAAAAAAAAAAAAAAAAAAAAAAAAAAAAAAAAAAAAAAAAAAAAAAAAAAAAAAAAAAAAAAAAAAAAAAAAAAAAAAAAAAAAAAAAAAAAAAAAAAAAAAAAAAAAAAAAAAAAAAAAAAAAAAAAAAAAAAAAAAAAAAAAAAAAAAAAAAAAAAAAAAAAAAAAAAAAAAAAAAAAAAAAAAAAAAAAAAAAAAAAAAAAAAAAAAAAAAAAAAAAAAAAAAAAAAAAAAAAAAAAAAAAAAAAAAAAAAAAAAAAAAAAAAAAAAAAAAAAAAAAAAAAAAAAAAAAAAAAAAAAAAAAAAAAAAAAAAAAAAAAAAAAAAAAAAAAAAAAAAAAAAAAAAAAAAAAAAAAAAAAAAAAAAAAAAAAAAAAAAAAAAAAAAAAAAAAAAAAAAAAAAAAAAAAAAAAAAAAAAAAAAAAAAAAAAAAAAAAAAAAAAAAAAAAAAAAAAAAAAAAAAAAAAAAAAAAAAAAAAAAAAAAAAAAAAAAAAAAAAAAAAAAAAAAAAAAAAAAAAAAAAAAAAAAAAAAAAAAAAAAAAAAAAAAAAAAAAAAAAAAAAAAAAAAAAAAAAAAAAAAAAAAAAAAAAAAAAAAAAAAAAAAAAAAAAAAAAAAAAAAAAAAAAAAAAAAAAAAAAAAAAAAAAAAAAAAAAAAAAAAAAAAAAAAAAAAAAAAAAAAAAAAAAAAAAAAAAAAAAAAAAAAAAAAAAAAAAAAAAAAAAAAAAAAAAAAAAAAAAAAAAAAAAAAAAAAAAAAAAAAAAAAAAAAAAAAAAAAAAAAAAAAAAAAAAAAAAAAAAAAAAAAAAAAAAAAAAAAAAAAAAAAAAAAAAAAAAAAAAAAAAAAAAAAAAAAAAAAAAAAAAAAAAAAAAAAAAAAAAAAAAAAAAAAAAAAAAAAAAAAAAAAAAAAAAAAAAAAAAAAAAAAAAAAAAAAAAAAAAAAAAAAAAAAAAAAAAAAAAAAAAAAAAAAAAAAAAAAAAAAAAAAAAAAAAAAAAAAAAAAAAAAAAAAAAAAAAAAAAAAAAAAAAAAAAAAAAAAAAAAAAAAAAAAAAAAAAAAAAAAAAAAAAAAAAAAAAAAAAAAAAAAAAAAAAAAAAAAAAAAAAAAAAAAAAAAAAAAAAAAAAAAAAAAAAAAAAAAAAAAAAAAAAAAAAAAAAAAAAAAAAAAAAAAAAAAAAAAAAAAAAAAAAAAAAAAAAAAAAAAAAAAAAAAAAAAAAAAAAAAAAAAAAAAAAAAAAAAAAAAAAAAAAAAAAAAAAAAAAAAAAAAAAAAAAAAAAAAAAAAAAAAAAAAAAAAAAAAAAAAAAAAAAAAAAAAAAAAAAAAAAAAAAAAAAAAAAAAAAAAAAAAAAAAAAAAAAAAAAAAAAAAAAAAAAAAAAAAAAAAAAAAAAAAAAAAAAAAAAAAAAAAAAAAAAAAAAAAAAAAAAAAAAAAAAAAAAAAAAAAAAAAAAAAAAAAAAAAAAAAAAAAAAAAAAAAAAAAAAAAAAAAAAAAAAAAAAAAAAAAAAAAAAAAAAAAAAAAAAAAAAAAAAAAAAAAAAAAAAAAAAAAAAAAAAAAAAAAAAAAAAAAAAAAAAAAAAAAAAAAAAAAAAAAAAAAAAAAAAAAAAAAAAAAAAAAAAAAAAAAAAAAAAAAAAAAAAAAAAAAAAAAAAAAAAAAAAAAAAAAAAAAAAAAAAAAAAAAAAAAAAAAAAAAAAAAAAAAAAAAAAAAAAAAAAAAAAAAAAAAAAAAAAAAAAAAAAAAAAAAAAAAAAAAAAAAAAAAAAAAAAAAAAAAAAAAAAAAAAAAAAAAAAAAAAAAAAAAAAAAAAAAAAAAAAAAAAAAAAAAAAAAAAAAAAAAAAAAAAAAAAAAAAAAAAAAAAAAAAAAAAAAAAAAAAAAAAAAAAAAAAAAAAAAAAAAAAAAAAAAAAAAAAAAAAAAAAAAAAAAAAAAAAAAAAAAAAAAAAAAAAAAAAAAAAAAAAAAAAAAAAAAAAAAAAAAAAAAAAAAAAAAAAAAAAAAAAAAAAAAAAAAAAAAAAAAAAAAAAAAAAAAAAAAAAAAAAAAAAAAAAAAAAAAAAAAAAAAAAAAAAAAAAAAAAAAAAAAAAAAAAAAAAAAAAAAAAAAAAAAAAAAAAAAAAAAAAAAAAAAAAAAAAAAAAAAAAAAAAAAAAAAAAAAAAAAAAAAAAAAAAAAAAAAAAAAAAAAAAAAAAAAAAAAAAAAAAAAAAAAAAAAAAAAAAAAAAAAAAAAAAAAAAAAAAAAAAAAAAAAAAAAAAAAAAAAAAAAAAAAAAAAAAAAAAAAAAAAAAAAAAAAAAAAAAAAAAAAAAAAAAAAAAAAAAAAAAAAAAAAAAAAAAAAAAAAAAAAAAAAAAAAAAAAAAAAAAAAAAAAAAAAAAAAAAAAAAAAAAAAAAAAAAAAAAAAAAAAAAAAAAAAAAAAAAAAAAAAAAAAAAAAAAAAAAAAAAAAAAAAAAAAAAAAAAAAAAAAAAAAAAAAAAAAAAAAAAAAAAAAAAAAAAAAAAAAAAAAAAAAAAAAAAAAAAAAAAAAAAAAAAAAAAAAAAAAAAAAAAAAAAAAAAAAAAAAAAAAAAAAAAAAAAAAAAAAAAAAAAAAAAAAAAAAAAAAAAAAAAAAAAAAAAAAAAAAAAAAAAAAAAAAAAAAAAAAAAAAAAAAAAAAAAAAAAAAAAAAAAAAAAAAAAAAAAAAAAAAAAAAAAAAAAAAAAAAAAAAAAAAAAAAAAAAAAAAAAAAAAAAAAAAAAAAAAAAAAAAAAAAAAAAAAAAAAAAAAAAAAAAAAAAAAAAAAAAAAAAAAAAAAAAAAAAAAAAAAAAAAAAAAAAAAAAAAAAAAAAAAAAAAAAAAAAAAAAAAAAAAAAAAAAAAAAAAAAAAAAAAAAAAAAAAAAAAAAAAAAAAAAAAAAAAAAAAAAAAAAAAAAAAAAAAAAAAAAAAAAAAAAAAAAAAAAAAAAAAAAAAAAAAAAAAAAAAAAAAAAAAAAAAAAAAAAAAAAAAAAAAAAAAAAAAAAAAAAAAAAAAAAAAAAAAAAAAAAAAAAAAAAAAAAAAAAAAAAAAAAAAAAAAAAAAAAAAAAAAAAAAAAAAAAAAAAAAAAAAAAAAAAAAAAAAAAAAAAAAAAAAAAAAAAAAAAAAAAAAAAAAAAAAAAAAAAAAAAAAAAAAAAAAAAAAAAAAAAAAAAAAAAAAAAAAAAAAAAAAAAAAAAAAAAAAAAAAAAAAAAAAAAAAAAAAAAAAAAAAAAAAAAAAAAAAAAAAAAAAAAAAAAAAAAAAAAAAAAAAAAAAAAAAAAAAAAAAAAAAAAAAAAAAAAAAAAAAAAAAAAAAAAAAAAAAAAAAAAAAAAAAAAAAAAAAAAAAAAAAAAAAAAAAAAAAAAAAAAAAAAAAAAAAAAAAAAAAAAAAAAAAAAAAAAAAAAAAAAAAAAAAAAAAAAAAAAAAAAAAAAAAAAAAAAAAAAAAAAAAAAAAAAAAAAAAAAAAAAAAAAAAAAAAAAAAAAAAAAAAAAAAAAAAAAAAAAAAAAAAAAAAAAAAAAAAAAAAAAAAAAAAAAAAAAAAAAAAAAAAAAAAAAAAAAAAAAAAAAAAAAAAAAAAAAAAAAAAAAAAAAAAAAAAAAAAAAAAAAAAAAAAAAAAAAAAAAAAAAAAAAAAAAAAAAAAAAAAAAAAAAAAAAAAAAAAAAAAAAAAAAAAAAAAAAAAAAAAAAAAAAAAAAAAAAAAAAAAAAAAAAAAAAAAAAAAAAAAAAAAAAAAAAAAAAAAAAAAAAAAAAAAAAAAAAAAAAAAAAAAAAAAAAAAAAAAAAAAAAAAAAAAAAAAAAAAAAAAAAAAAAAAAAAAAAAAAAAAAAAAAAAAAAAAAAAAAAAAAAAAAAAAAAAAAAAAAAAAAAAAAAAAAAAAAAAAAAAAAAAAAAAAAAAAAAAAAAAAAAAAAAAAAAAAAAAAAAAAAAAAAAAAAAAAAAAAAAAAAAAAAAAAAAAAAAAAAAAAAAAAAAAAAAAAAAAAAAAAAAAAAAAAAAAAAAAAAAAAAAAAAAAAAAAAAAAAAAAAAAAAAAAAAAAAAAAAAAAAAAAAAAAAAAAAAAAAAAAAAAAAAAAAAAAAAAAAAAAAAAAAAAAAAAAAAAAAAAAAAAAAAAAAAAAAAAAAAAAAAAAAAAAAAAAAAAAAAAAAAAAAAAAAAAAAAAAAAAAAAAAAAAAAAAAAAAAAAAAAAAAAAAAAAAAAAAAAAAAAAAAAAAAAAAAAAAAAAAAAAAAAAAAAAAAAAAAAAAAAAAAAAAAAAAAAAAAAAAAAAAAAAAAAAAAAAAAAAAAAAAAAAAAAAAAAAAAAAAAAAAAAAAAAAAAAAAAAAAAAAAAAAAAAAAAAAAAAAAAAAAAAAAAAAAAAAAAAAAAAAAAAAAAAAAAAAAAAAAAAAAAAAAAAAAAAAAAAAAAAAAAAAAAAAAAAAAAAAAAAAAAAAAAAAAAAAAAAAAAAAAAAAAAAAAAAAAAAAAAAAAAAAAAAAAAAAAAAAAAAAAAAAAAAAAAAAAAAAAAAAAAAAAAAAAAAAAAAAAAAAAAAAAAAAAAAAAAAAAAAAAAAAAAAAAAAAAAAAAAAAAAAAAAAAAAAAAAAAAAAAAAAAAAAAAAAAAAAAAAAAAAAAAAAAAAAAAAAAAAAAAAAAAAAAAAAAAAAAAAAAAAAAAAAAAAAAAAAAAAAAAAAAAAAAAAAAAAAAAAAAAAAAAAAAAAAAAAAAAAAAAAAAAAAAAAAAAAAAAAAAAAAAAAAAAAAAAAAAAAAAAAAAAAAAAAAAAAAAAAAAAAAAAAAAAAAAAAAAAAAAAAAAAAAAAAAAAAAAAAAAAAAAAAAAAAAAAAAAAAAAAAAAAAAAAAAAAAAAAAAAAAAAAAAAAAAAAAAAAAAAAAAAAAAAAAAAAAAAAAAAAAAAAAAAAAAAAAAAAAAAAAAAAAAAAAAAAAAAAAAAAAAAAAAAAAAAAAAAAAAAAAAAAAAAAAAAAAAAAAAAAAAAAAAAAAAAAAAAAAAAAAAAAAAAAAAAAAAAAAAAAAAAAAAAAAAAAAAAAAAAAAAAAAAAAAAAAAAAAAAAAAAAAAAAAAAAAAAAAAAAAAAAAAAAAAAAAAAAAAAAAAAAAAAAAAAAAAAAAAAAAAAAAAAAAAAAAAAAAAAAAAAAAAAAAAAAAAAAAAAAAAAAAAAAAAAAAAAAAAAAAAAAAAAAAAAAAAAAAAAAAAAAAAAAAAAAAAAAAAAAAAAAAAAAAAAAAAAAAAAAAAAAAAAAAAAAAAAAAAAAAAAAAAAAAAAAAAAAAAAAAAAAAAAAAAAAAAAAAAAAAAAAAAAAAAAAAAAAAAAAAAAAAAAAAAAAAAAAAAAAAAAAAAAAAAAAAAAAAAAAAAAAAAAAAAAAAAAAAAAAAAAAAAAAAAAAAAAAAAAAAAAAAAAAAAAAAAAAAAAAAAAAAAAAAAAAAAAAAAAAAAAAAAAAAAAAAAAAAAAAAAAAAAAAAAAAAAAAAAAAAAAAAAAAAAAAAAAAAAAAAAAAAAAAAAAAAAAAAAAAAAAAAAAAAAAAAAAAAAAAAAAAAAAAAAAAAAAAAAAAAAAAAAAAAAAAAAAAAAAAAAAAAAAAAAAAAAAAAAAAAAAAAAAAAAAAAAAAAAAAAAAAAAAAAAAAAAAAAAAAAAAAAAAAAAAAAAAAAAAAAAAAAAAAAAAAAAAAAAAAAAAAAAAAAAAAAAAAAAAAAAAAAAAAAAAAAAAAAAAAAAAAAAAAAAAAAAAAAAAAAAAAAAAAAAAAAAAAAAAAAAAAAAAAAAAAAAAAAAAAAAAAAAAAAAAAAAAAAAAAAAAAAAAAAAAAAAAAAAAAAAAAAAAAAAAAAAAAAAAAAAAAAAAAAAAAAAAAAAAAAAAAAAAAAAAAAAAAAAAAAAAAAAAAAAAAAAAAAAAAAAAAAAAAAAAAAAAAAAAAAAAAAAAAAAAAAAAAAAAAAAAAAAAAAAAAAAAAAAAAAAAAAAAAAAAAAAAAAAAAAAAAAAAAAAAAAAAAAAAAAAAAAAAAAAAAAAAAAAAAAAAAAAAAAAAAAAAAAAAAAAAAAAAAAAAAAAAAAAAAAAAAAAAAAAAAAAAAAAAAAAAAAAAAAAAAAAAAAAAAAAAAAAAAAAAAAAAAAAAAAAAAAAAAAAAAAAAAAAAAAAAAAAAAAAAAAAAAAAAAAAAAAAAAAAAAAAAAAAAAAAAAAAAAAAAAAAAAAAAAAAAAAAAAAAAAAAAAAAAAAAAAAAAAAAAAAAAAAAAAAAAAAAAAAAAAAAAAAAAAAAAAAAAAAAAAAAAAAAAAAAAAAAAAAAAAAAAAAAAAAAAAAAAAAAAAAAAAAAAAAAAAAAAAAAAAAAAAAAAAAAAAAAAAAAAAAAAAAAAAAAAAAAAAAAAAAAAAAAAAAAAAAAAAAAAAAAAAAAAAAAAAAAAAAAAAAAAAAAAAAAAAAAAAAAAAAAAAAAAAAAAAAAAAAAAAAAAAAAAAAAAAAAAAAAAAAAAAAAAAAAAAAAAAAAAAAAAAAAAAAAAAAAAAAAAAAAAAAAAAAAAAAAAAAAAAAAAAAAAAAAAAAAAAAAAAAAAAAAAAAAAAAAAAAAAAAAAAAAAAAAAAAAAAAAAAAAAAAAAAAAAAAAAAAAAAAAAAAAAAAAAAAAAAAAAAAAAAAAAAAAAAAAAAAAAAAAAAAAAAAAAAAAAAAAAAAAAAAAAAAAAAAAAAAAAAAAAAAAAAAAAAAAAAAAAAAAAAAAAAAAAAAAAAAAAAAAAAAAAAAAAAAAAAAAAAAAAAAAAAAAAAAAAAAAAAAAAAAAAAAAAAAAAAAAAAAAAAAAAAAAAAAAAAAAAAAAAAAAAAAAAAAAAAAAAAAAAAAAAAAAAAAAAAAAAAAAAAAAAAAAAAAAAAAAAAAAAAAAAAAAAAAAAAAAAAAAAAAAAAAAAAAAAAAAAAAAAAAAAAAAAAAAAAAAAAAAAAAAAAAAAAAAAAAAAAAAAAAAAAAAAAAAAAAAAAAAAAAAAAAAAAAAAAAAAAAAAAAAAAAAAAAAAAAAAAAAAAAAAAAAAAAAAAAAAAAAAAAAAAAAAAAAAAAAAAAAAAAAAAAAAAAAAAAAAAAAAAAAAAAAAAAAAAAAAAAAAAAAAAAAAAAAAAAAAAAAAAAAAAAAAAAAAAAAAAAAAAAAAAAAAAAAAAAAAAAAAAAAAAAAAAAAAAAAAAAAAAAAAAAAAAAAAAAAAAAAAAAAAAAAAAAAAAAAAAAAAAAAAAAAAAAAAAAAAAAAAAAAAAAAAAAAAAAAAAAAAAAAAAAAAAAAAAAAAAAAAAAAAAAAAAAAAAAAAAAAAAAAAAAAAAAAAAAAAAAAAAAAAAAAAAAAAAAAAAAAAAAAAAAAAAAAAAAAAAAAAAAAAAAAAAAAAAAAAAAAAAAAAAAAAAAAAAAAAAAAAAAAAAAAAAAAAAAAAAAAAAAAAAAAAAAAAAAAAAAAAAAAAAAAAAAAAAAAAAAAAAAAAAAAAAAAAAAAAAAAAAAAAAAAAAAAAAAAAAAAAAAAAAAAAAAAAAAAAAAAAAAAAAAAAAAAAAAAAAAAAAAAAAAAAAAAAAAAAAAAAAAAAAAAAAAAAAAAAAAAAAAAAAAAAAAAAAAAAAAAAAAAAAAAAAAAAAAAAAAAAAAAAAAAAAAAAAAAAAAAAAAAAAAAAAAAAAAAAAAAAAAAAAAAAAAAAAAAAAAAAAAAAAAAAAAAAAAAAAAAAAAAAAAAAAAAAAAAAAAAAAAAAAAAAAAAAAAAAAAAAAAAAAAAAAAAAAAAAAAAAAAAAAAAAAAAAAAAAAAAAAAAAAAAAAAAAAAAAAAAAAAAAAAAAAAAAAAAAAAAAAAAAAAAAAAAAAAAAAAAAAAAAAAAAAAAAAAAAAAAAAAAAAAAAAAAAAAAAAAAAAAAAAAAAAAAAAAAAAAAAAAAAAAAAAAAAAAAAAAAAAAAAAAAAAAAAAAAAAAAAAAAAAAAAAAAAAAAAAAAAAAAAAAAAAAAAAAAAAAAAAAAAAAAAAAAAAAAAAAAAAAAAAAAAAAAAAAAAAAAAAAAAAAAAAAAAAAAAAAAAAAAAAAAAAAAAAAAAAAAAAAAAAAAAAAAAAAAAAAAAAAAAAAAAAAAAAAAAAAAAAAAAAAAAAAAAAAAAAAAAAAAAAAAAAAAAAAAAAAAAAAAAAAAAAAAAAAAAAAAAAAAAAAAAAAAAAAAAAAAAAAAAAAAAAAAAAAAAAAAAAAAAAAAAAAAAAAAAAAAAAAAAAAAAAAAAAAAAAAAAAAAAAAAAAAAAAAAAAAAAAAAAAAAAAAAAAAAAAAAAAAAAAAAAAAAAAAAAAAAAAAAAAAAAAAAAAAAAAAAAAAAAAAAAAAAAAAAAAAAAAAAAAAAAAAAAAAAAAAAAAAAAAAAAAAAAAAAAAAAAAAAAAAAAAAAAAAAAAAAAAAAAAAAAAAAAAAAAAAAAAAAAAAAAAAAAAAAAAAAAAAAAAAAAAAAAAAAAAAAAAAAAAAAAAAAAAAAAAAAAAAAAAAAAAAAAAAAAAAAAAAAAAAAAAAAAAAAAAAAAAAAAAAAAAAAAAAAAAAAAAAAAAAAAAAAAAAAAAAAAAAAAAAAAAAAAAAAAAAAAAAAAAAAAAAAAAAAAAAAAAAAAAAAAAAAAAAAAAAAAAAAAAAAAAAAAAAAAAAAAAAAAAAAAAAAAAAAAAAAAAAAAAAAAAAAAAAAAAAAAAAAAAAAAAAAAAAAAAAAAAAAAAAAAAAAAAAAAAAAAAAAAAAAAAAAAAAAAAAAAAAAAAAAAAAAAAAAAAAAAAAAAAAAAAAAAAAAAAAAAAAAAAAAAAAAAAAAAAAAAAAAAAAAAAAAAAAAAAAAAAAAAAAAAAAAAAAAAAAAAAAAAAAAAAAAAAAAAAAAAAAAAAAAAAAAAAAAAAAAAAAAAAAAAAAAAAAAAAAAAAAAAAAAAAAAAAAAAAAAAAAAAAAAAAAAAAAAAAAAAAAAAAAAAAAAAAAAAAAAAAAAAAAAAAAAAAAAAAAAAAAAAAAAAAAAAAAAAAAAAAAAAAAAAAAAAAAAAAAAAAAAAAAAAAAAAAAAAAAAAAAAAAAAAAAAAAAAAAAAAAAAAAAAAAAAAAAAAAAAAAAAAAAAAAAAAAAAAAAAAAAAAAAAAAAAAAAAAAAAAAAAAAAAAAAAAAAAAAAAAAAAAAAAAAAAAAAAAAAAAAAAAAAAAAAAAAAAAAAAAAAAAAAAAAAAAAAAAAAAAAAAAAAAAAAAAAAAAAAAAAAAAAAAAAAAAAAAAAAAAAAAAAAAAAAAAAAAAAAAAAAAAAAAAAAAAAAAAAAAAAAAAAAAAAAAAAAAAAAAAAAAAAAAAAAAAAAAAAAAAAAAAAAAAAAAAAAAAAAAAAAAAAAAAAAAAAAAAAAAAAAAAAAAAAAAAAAAAAAAAAAAAAAAAAAAAAAAAAAAAAAAAAAAAAAAAAAAAAAAAAAAAAAAAAAAAAAAAAAAAAAAAAAAAAAAAAAAAAAAAAAAAAAAAAAAAAAAAAAAAAAAAAAAAAAAAAAAAAAAAAAAAAAAAAAAAAAAAAAAAAAAAAAAAAAAAAAAAAAAAAAAAAAAAAAAAAAAAAAAAAAAAAAAAAAAAAAAAAAAAAAAAAAAAAAAAAAAAAAAAAAAAAAAAAAAAAAAAAAAAAAAAAAAAAAAAAAAAAAAAAAAAAAAAAAAAAAAAAAAAAAAAAAAAAAAAAAAAAAAAAAAAAAAAAAAAAAAAAAAAAAAAAAAAAAAAAAAAAAAAAAAAAAAAAAAAAAAAAAAAAAAAAAAAAAAAAAAAAAAAAAAAAAAAAAAAAAAAAAAAAAAAAAAAAAAAAAAAAAAAAAAAAAAAAAAAAAAAAAAAAAAAAAAAAAAAAAAAAAAAAAAAAAAAAAAAAAAAAAAAAAAAAAAAAAAAAAAAAAAAAAAAAAAAAAAAAAAAAAAAAAAAAAAAAAAAAAAAAAAAAAAAAAAAAAAAAAAAAAAAAAAAAAAAAAAAAAAAAAAAAAAAAAAAAAAAAAAAAAAAAAAAAAAAAAAAAAAAAAAAAAAAAAAAAAAAAAAAAAAAAAAAAAAAAAAAAAAAAAAAAAAAAAAAAAAAAAAAAAAAAAAAAAAAAAAAAAAAAAAAAAAAAAAAAAAAAAAAAAAAAAAAAAAAAAAAAAAAAAAAAAAAAAAAAAAAAAAAAAAAAAAAAAAAAAAAAAAAAAAAAAAAAAAAAAAAAAAAAAAAAAAAAAAAAAAAAAAAAAAAAAAAAAAAAAAAAAAAAAAAAAAAAAAAAAAAAAAAAAAAAAAAAAAAAAAAAAAAAAAAAAAAAAAAAAAAAAAAAAAAAAAAAAAAAAAAAAAAAAAAAAAAAAAAAAAAAAAAAAAAAAAAAAAAAAAAAAAAAAAAAAAAAAAAAAAAAAAAAAAAAAAAAAAAAAAAAAAAAAAAAAAAAAAAAAAAAAAAAAAAAAAAAAAAAAAAAAAAAAAAAAAAAAAAAAAAAAAAAAAAAAAAAAAAAAAAAAAAAAAAAAAAAAAAAAAAAAAAAAAAAAAAAAAAAAAAAAAAAAAAAAAAAAAAAAAAAAAAAAAAAAAAAAAAAAAAAAAAAAAAAAAAAAAAAAAAAAAAAAAAAAAAAAAAAAAAAAAAAAAAAAAAAAAAAAAAAAAAAAAAAAAAAAAAAAAAAAAAAAAAAAAAAAAAAAAAAAAAAAAAAAAAAAAAAAAAAAAAAAAAAAAAAAAAAAAAAAAAAAAAAAAAAAAAAAAAAAAAAAAAAAAAAAAAAAAAAAAAAAAAAAAAAAAAAAAAAAAAAAAAAAAAAAAAAAAAAAAAAAAAAAAAAAAAAAAAAAAAAAAAAAAAAAAAAAAAAAAAAAAAAAAAAAAAAAAAAAAAAAAAAAAAAAAAAAAAAAAAAAAAAAAAAAAAAAAAAAAAAAAAAAAAAAAAAAAAAAAAAAAAAAAAAAAAAAAAAAAAAAAAAAAAAAAAAAAAAAAAAAAAAAAAAAAAAAAAAAAAAAAAAAAAAAAAAAAAAAAAAAAAAAAAAAAAAAAAAAAAAAAAAAAAAAAAAAAAAAAAAAAAAAAAAAAAAAAAAAAAAAAAAAAAAAAAAAAAAAAAAAAAAAAAAAAAAAAAAAAAAAAAAAAAAAAAAAAAAAAAAAAAAAAAAAAAAAAAAAAAAAAAAAAAAAAAAAAAAAAAAAAAAAAAAAAAAAAAAAAAAAAAAAAAAAAAAAAAAAAAAAAAAAAAAAAAAAAAAAAAAAAAAAAAAAAAAAAAAAAAAAAAAAAAAAAAAAAAAAAAAAAAAAAAAAAAAAAAAAAAAAAAAAAAAAAAAAAAAAAAAAAAAAAAAAAAAAAAAAAAAAAAAAAAAAAAAAAAAAAAAAAAAAAAAAAAAAAAAAAAAAAAAAAAAAAAAAAAAAAAAAAAAAAAAAAAAAAAAAAAAAAAAAAAAAAAAAAAAAAAAAAAAAAAAAAAAAAAAAAAAAAAAAAAAAAAAAAAAAAAAAAAAAAAAAAAAAAAAAAAAAAAAAAAAAAAAAAAAAAAAAAAAAAAAAAAAAAAAAAAAAAAAAAAAAAAAAAAAAAAAAAAAAAAAAAAAAAAAAAAAAAAAAAAAAAAAAAAAAAAAAAAAAAAAAAAAAAAAAAAAAAAAAAAAAAAAAAAAAAAAAAAAAAAAAAAAAAAAAAAAAAAAAAAAAAAAAAAAAAAAAAAAAAAAAAAAAAAAAAAAAAAAAAAAAAAAAAAAAAAAAAAAAAAAAAAAAAAAAAAAAAAAAAAAAAAAAAAAAAAAAAAAAAAAAAAAAAAAAAAAAAAAAAAAAAAAAAAAAAAAAAAAAAAAAAAAAAAAAAAAAAAAAAAAAAAAAAAAAAAAAAAAAAAAAAAAAAAAAAAAAAAAAAAAAAAAAAAAAAAAAAAAAAAAAAAAAAAAAAAAAAAAAAAAAAAAAAAAAAAAAAAAAAAAAAAAAAAAAAAAAAAAAAAAAAAAAAAAAAAAAAAAAAAAAAAAAAAAAAAAAAAAAAAAAAAAAAAAAAAAAAAAAAAAAAAAAAAAAAAAAAAAAAAAAAAAAAAAAAAAAAAAAAAAAAAAAAAAAAAAAAAAAAAAAAAAAAAAAAAAAAAAAAAAAAAAAAAAAAAAAAAAAAAAAAAAAAAAAAAAAAAAAAAAAAAAAAAAAAAAAAAAAAAAAAAAAAAAAAAAAAAAAAAAAAAAAAAAAAAAAAAAAAAAAAAAAAAAAAAAAAAAAAAAAAAAAAAAAAAAAAAAAAAAAAAAAAAAAAAAAAAAAAAAAAAAAAAAAAAAAAAAAAAAAAAAAAAAAAAAAAAAAAAAAAAAAAAAAAAAAAAAAAAAAAAAAAAAAAAAAAAAAAAAAAAAAAAAAAAAAAAAAAAAAAAAAAAAAAAAAAAAAAAAAAAAAAAAAAAAAAAAAAAAAAAAAAAAAAAAAAAAAAAAAAAAAAAAAAAAAAAAAAAAAAAAAAAAAAAAAAAAAAAAAAAAAAAAAAAAAAAAAAAAAAAAAAAAAAAAAAAAAAAAAAAAAAAAAAAAAAAAAAAAAAAAAAAAAAAAAAAAAAAAAAAAAAAAAAAAAAAAAAAAAAAAAAAAAAAAAAAAAAAAAAAAAAAAAAAAAAAAAAAAAAAAAAAAAAAAAAAAAAAAAAAAAAAAAAAAAAAAB//2Q==\" style=\"width: 2169px;\" data-filename=\"wallpaperbetter.com_2560x1440 (2).jpg\"><br></p>", "5", "1", "1", "2023-11-17 11:26:02", "0", "0000-00-00 00:00:00");
INSERT INTO base_conhecimento VALUES("4", "Teste 3", "<p class=\"generated\" style=\"text-align: left; line-height: 1.6; color: rgb(22, 28, 45); font-family: Nunito, sans-serif;\">Shadow dots strawberry Pac-Man Midway chaser Pinky kill screen.&nbsp;The beauty of the sunset was obscured by the industrial cranes.&nbsp;Don t put peanut butter on the dog s nose.&nbsp;The old apple revels in its authority.&nbsp;Shadow pink ghosts kill screen yellow disk video game maze console power up dots Midway.</p><p class=\"generated\" style=\"text-align: left; line-height: 1.6; color: rgb(22, 28, 45); font-family: Nunito, sans-serif;\">The old apple revels in its authority.&nbsp;Shadow dots strawberry Pac-Man Midway chaser Pinky kill screen.&nbsp;Pac-Man Inky bashfull orange dots blue enemies ghosts Toru Iwatani Puck Man power up.&nbsp;As she walked along the street and looked in the gutter, she realized facemasks had become the new cigarette butts.</p><p class=\"generated\" style=\"text-align: left; line-height: 1.6; color: rgb(22, 28, 45); font-family: Nunito, sans-serif;\">Ambusher maze wocka wocka fruit Pac-Man Fever arcade Galaxian Boss power up intermission.&nbsp;He was willing to find the depths of the rabbit hole in order to be with her.&nbsp;Patricia loves the sound of nails strongly pressed against the chalkboard.&nbsp;The beauty of the sunset was obscured by the industrial cranes.&nbsp;As she walked along the street and looked in the gutter, she realized facemasks had become the new cigarette butts.</p><p class=\"generated\" style=\"text-align: left; line-height: 1.6; color: rgb(22, 28, 45); font-family: Nunito, sans-serif;\">Key Crybaby slow guy maze dots Power Pellets flash Midway chaser Pinky cherry Puck Man ghosts.&nbsp;She had the gift of being able to paint songs.&nbsp;Patricia loves the sound of nails strongly pressed against the chalkboard.</p><p class=\"generated\" style=\"text-align: left; line-height: 1.6; color: rgb(22, 28, 45); font-family: Nunito, sans-serif;\">He was willing to find the depths of the rabbit hole in order to be with her.&nbsp;Key Crybaby slow guy maze dots Power Pellets flash Midway chaser Pinky cherry Puck Man ghosts.&nbsp;He had a hidden stash underneath the floorboards in the back room of the house.</p><p class=\"generated\" style=\"text-align: left; line-height: 1.6; color: rgb(22, 28, 45); font-family: Nunito, sans-serif;\">The beauty of the sunset was obscured by the industrial cranes.&nbsp;He was willing to find the depths of the rabbit hole in order to be with her.&nbsp;Pac-Man bell ghosts Pokey strawberry flash blue enemies Namco Japan chaser dots dots Pakkuman.&nbsp;Pac-Man Inky bashfull orange dots blue enemies ghosts Toru Iwatani Puck Man power up.&nbsp;Pac-Man Namco Toru Iwatani Pac-Man Fever maze dots.</p><p class=\"generated\" style=\"text-align: left; line-height: 1.6; color: rgb(22, 28, 45); font-family: Nunito, sans-serif;\">Flying fish few by the space station.&nbsp;The external scars tell only part of the story.&nbsp;He found his art never progressed when he literally used his sweat and tears.&nbsp;Pac-Man Namco Toru Iwatani Pac-Man Fever maze dots.</p><p class=\"generated\" style=\"text-align: left; line-height: 1.6; color: rgb(22, 28, 45); font-family: Nunito, sans-serif;\">Key Crybaby slow guy maze dots Power Pellets flash Midway chaser Pinky cherry Puck Man ghosts.&nbsp;The external scars tell only part of the story.&nbsp;Ghosts dots cherry Blinky Pac-Man Power Pellets fruit.</p><p class=\"generated\" style=\"text-align: left; line-height: 1.6; color: rgb(22, 28, 45); font-family: Nunito, sans-serif;\">Pac-Man Inky bashfull orange dots blue enemies ghosts Toru Iwatani Puck Man power up.&nbsp;Key Crybaby slow guy maze dots Power Pellets flash Midway chaser Pinky cherry Puck Man ghosts.&nbsp;He had a hidden stash underneath the floorboards in the back room of the house.&nbsp;Pac-Man bell ghosts Pokey strawberry flash blue enemies Namco Japan chaser dots dots Pakkuman.</p><p class=\"generated\" style=\"text-align: left; line-height: 1.6; color: rgb(22, 28, 45); font-family: Nunito, sans-serif;\">She learned that water bottles are no longer just to hold liquid, but they re also status symbols.&nbsp;Pac-Man Inky bashfull orange dots blue enemies ghosts Toru Iwatani Puck Man power up.&nbsp;Ghosts dots cherry Blinky Pac-Man Power Pellets fruit.&nbsp;Patricia loves the sound of nails strongly pressed against the chalkboard.&nbsp;Fluffy pink unicorns are a popular status symbol among macho men.</p>", "3", "1", "1", "2023-11-17 11:45:21", "0", "0000-00-00 00:00:00");
DROP TABLE IF EXISTS base_conhecimento_rating;
CREATE TABLE `base_conhecimento_rating` (
  `id` int NOT NULL AUTO_INCREMENT,
  `usuario_id` int NOT NULL,
  `base_conhecimento_id` int NOT NULL,
  `rating` int NOT NULL,
  `created` datetime NOT NULL,
  PRIMARY KEY (`id`)
) ENGINE=InnoDB AUTO_INCREMENT=4 DEFAULT CHARSET=utf8mb4 COLLATE=utf8mb4_general_ci;
INSERT INTO base_conhecimento_rating VALUES("1", "1", "2", "1", "2023-11-17 11:20:27");
INSERT INTO base_conhecimento_rating VALUES("2", "1", "2", "2", "2023-11-17 11:20:55");
INSERT INTO base_conhecimento_rating VALUES("3", "1", "3", "1", "2023-11-17 11:26:54");
DROP TABLE IF EXISTS base_conhecimento_tipo_rating;
CREATE TABLE `base_conhecimento_tipo_rating` (
  `id` int NOT NULL AUTO_INCREMENT,
  `rating` varchar(100) COLLATE utf8mb4_general_ci NOT NULL,
  PRIMARY KEY (`id`)
) ENGINE=InnoDB AUTO_INCREMENT=3 DEFAULT CHARSET=utf8mb4 COLLATE=utf8mb4_general_ci;
INSERT INTO base_conhecimento_tipo_rating VALUES("1", "Gostei");
INSERT INTO base_conhecimento_tipo_rating VALUES("2", "Não gostei");
DROP TABLE IF EXISTS cargo;
CREATE TABLE `cargo` (
  `id_cargo` int NOT NULL AUTO_INCREMENT,
  `nome_cargo` varchar(255) COLLATE utf8mb3_unicode_ci NOT NULL,
  `departamento` int DEFAULT NULL,
  `descricao_cargo` mediumtext COLLATE utf8mb3_unicode_ci,
  `usuario_id` int DEFAULT NULL,
  `criado_cargo` datetime NOT NULL,
  `modificado_cargo` datetime DEFAULT NULL,
  PRIMARY KEY (`id_cargo`),
  KEY `usuario_id` (`usuario_id`),
  KEY `departamento` (`departamento`)
) ENGINE=InnoDB AUTO_INCREMENT=16 DEFAULT CHARSET=utf8mb3 COLLATE=utf8mb3_unicode_ci;
INSERT INTO cargo VALUES("1", "Front-end Developer", "8", "Front-end Developer", "1", "2020-09-21 00:00:00", "2021-12-17 18:56:48");
INSERT INTO cargo VALUES("2", "Default", "1", "", "1", "2024-01-22 22:53:06", "0000-00-00 00:00:00");
INSERT INTO cargo VALUES("12", "Gerente financeiro", "5", "", "1", "2021-07-13 23:11:44", "2021-12-17 18:52:27");
INSERT INTO cargo VALUES("14", "Administrador de sistemas", "8", "", "1", "2021-12-17 18:54:26", "0000-00-00 00:00:00");
INSERT INTO cargo VALUES("15", "CABO", "0", "", "0", "2023-12-03 16:08:36", "0000-00-00 00:00:00");
DROP TABLE IF EXISTS categoria_versao;
CREATE TABLE `categoria_versao` (
  `idcatversao` int NOT NULL AUTO_INCREMENT,
  `icone` varchar(100) COLLATE utf8mb3_unicode_ci NOT NULL,
  `titulo` varchar(200) COLLATE utf8mb3_unicode_ci NOT NULL,
  `mudanca` varchar(200) COLLATE utf8mb3_unicode_ci NOT NULL,
  `desc_mudanca` text COLLATE utf8mb3_unicode_ci NOT NULL,
  `created_mudanca` datetime NOT NULL,
  PRIMARY KEY (`idcatversao`)
) ENGINE=InnoDB AUTO_INCREMENT=7 DEFAULT CHARSET=utf8mb3 COLLATE=utf8mb3_unicode_ci;
INSERT INTO categoria_versao VALUES("1", "fa fa-check bg-primary", "Adicionado", "Novas funcionalidades", "Added/Adicionado para novas funcionalidades.", "2021-12-20 01:42:07");
INSERT INTO categoria_versao VALUES("2", "fa fa-code bg-info", "Modificado", "Mudanças em funcionalidades existentes", "Changed/Modificado para mudanças em funcionalidades existentes.", "2021-12-20 01:42:07");
INSERT INTO categoria_versao VALUES("3", "fa fa-exclamation-triangle bg-warning", "Obsoleto", "Removidas das próximas versões", "Deprecated/Obsoleto para funcionalidades estáveis que foram removidas das próximas versões.", "2021-12-20 01:42:07");
INSERT INTO categoria_versao VALUES("4", "fa fa-times bg-danger", "Removido", "Funcionalidades removidas desta versão", "Removed/Removido para funcionalidades removidas desta versão.", "2021-12-20 01:42:07");
INSERT INTO categoria_versao VALUES("5", "fa fa-bug bg-success", "Corrigido", "Correção de bug", "Fixed/Consertado para qualquer correção de bug.", "2021-12-20 01:42:07");
INSERT INTO categoria_versao VALUES("6", "fa fa-key bg-gray", "Segurança", "Atualização de segurança", "Security/Segurança para incentivar usuários a atualizarem em caso de vulnerabilidades.", "2021-12-20 01:42:07");
DROP TABLE IF EXISTS changelog;
CREATE TABLE `changelog` (
  `idchangelog` int NOT NULL AUTO_INCREMENT,
  `versoes_id` int NOT NULL,
  `categoria_versao_id` int NOT NULL,
  `usuario_id` int NOT NULL,
  `descricao` longtext COLLATE utf8mb3_unicode_ci NOT NULL,
  `created` datetime NOT NULL,
  `modifield` datetime DEFAULT NULL,
  PRIMARY KEY (`idchangelog`),
  KEY `categoria_versao_id` (`categoria_versao_id`),
  KEY `usuario_id` (`usuario_id`),
  KEY `versoes_id` (`versoes_id`)
) ENGINE=InnoDB AUTO_INCREMENT=8 DEFAULT CHARSET=utf8mb3 COLLATE=utf8mb3_unicode_ci;
INSERT INTO changelog VALUES("1", "1", "1", "1", "Adicionado submenu contrato do modulo sistema", "2021-12-19 23:47:19", "0000-00-00 00:00:00");
INSERT INTO changelog VALUES("2", "1", "1", "1", "Adicionado botão editar do submenu contrato do modulo sistema.", "2021-12-19 23:56:32", "0000-00-00 00:00:00");
INSERT INTO changelog VALUES("3", "1", "1", "1", "Adicionado o botão para atualizar o anexo do contrato no card de anexos do contrato.", "2021-12-19 23:58:32", "0000-00-00 00:00:00");
INSERT INTO changelog VALUES("4", "1", "2", "1", "Realizada a integração do contrato do cliente na validação do login. Permitindo somente o acesso ao sistema usuários vinculados a um contrato previamente cadastrado.", "2021-12-20 00:02:16", "0000-00-00 00:00:00");
INSERT INTO changelog VALUES("5", "1", "2", "1", "Criada as seguintes validações de login no arquivo valida_login.php: <br>\r\n1. Validação da situação (Ativo, Inativo ou Cancelado) do contrato. <br>\r\n2. Validação de senhas expiradas no período de 30 dias. <br>\r\n3. Verificar se o usuário ao realizar login está vinculado em algum contrato. <br>\r\n4. Validar se o contrato foi cadastrado corretamente para o usuário. Caso contrário impedir o acesso ao sistema retornado a mensagem: contrato inválido. <br>\r\n5. Caso não passe por nenhuma das validações retorna que o usuário não possui contrato (Usuário sem contrato).", "2021-12-20 00:09:06", "0000-00-00 00:00:00");
INSERT INTO changelog VALUES("7", "1", "1", "1", "<ol><li>Inserido o botão/ícone no card changelog para cadastrar os registros de alteração do sistema.</li><li>Adicionada query para ordenar a exibição dos registros do changelog por ordem decrescente.<br><br></li></ol>", "2021-12-20 20:03:09", "0000-00-00 00:00:00");
DROP TABLE IF EXISTS chat_message;
CREATE TABLE `chat_message` (
  `idchat` int NOT NULL AUTO_INCREMENT,
  `from_user` int NOT NULL,
  `to_user` int NOT NULL,
  `message` text COLLATE utf8mb3_unicode_ci NOT NULL,
  `created` datetime NOT NULL,
  PRIMARY KEY (`idchat`),
  KEY `from_user` (`from_user`),
  KEY `to_user` (`to_user`)
) ENGINE=InnoDB DEFAULT CHARSET=utf8mb3 COLLATE=utf8mb3_unicode_ci;
DROP TABLE IF EXISTS contrato_sistema;
CREATE TABLE `contrato_sistema` (
  `idcontratosistema` int NOT NULL AUTO_INCREMENT,
  `razao_social` varchar(255) COLLATE utf8mb3_unicode_ci NOT NULL,
  `nome_fantasia` varchar(220) COLLATE utf8mb3_unicode_ci DEFAULT NULL,
  `cnpj` varchar(15) COLLATE utf8mb3_unicode_ci NOT NULL,
  `email` varchar(100) COLLATE utf8mb3_unicode_ci NOT NULL,
  `resp_financeiro` varchar(100) COLLATE utf8mb3_unicode_ci DEFAULT NULL,
  `telefone` varchar(50) COLLATE utf8mb3_unicode_ci DEFAULT NULL,
  `cep` varchar(9) COLLATE utf8mb3_unicode_ci DEFAULT NULL,
  `rua` varchar(255) COLLATE utf8mb3_unicode_ci DEFAULT NULL,
  `numero` varchar(10) COLLATE utf8mb3_unicode_ci DEFAULT NULL,
  `bairro` varchar(255) COLLATE utf8mb3_unicode_ci DEFAULT NULL,
  `cidade` varchar(255) COLLATE utf8mb3_unicode_ci DEFAULT NULL,
  `estado` varchar(2) COLLATE utf8mb3_unicode_ci DEFAULT NULL,
  `plano` varchar(50) COLLATE utf8mb3_unicode_ci DEFAULT NULL,
  `planos_modelos_id` int DEFAULT NULL,
  `vencimento` varchar(1) COLLATE utf8mb3_unicode_ci DEFAULT NULL,
  `valor_contrato` double DEFAULT NULL,
  `inicio_contrato` date NOT NULL,
  `fim_contrato` date NOT NULL,
  `anexo_contrato` varchar(255) COLLATE utf8mb3_unicode_ci DEFAULT NULL,
  `qtd_usuarios_liberados` int DEFAULT NULL,
  `situacao_contrato_id` int NOT NULL,
  `usuario_id` int DEFAULT NULL,
  `created_contrato` datetime NOT NULL,
  `modifield_contrato` datetime DEFAULT NULL,
  PRIMARY KEY (`idcontratosistema`),
  KEY `situacao_contrato_id` (`situacao_contrato_id`),
  KEY `usuario_id` (`usuario_id`)
) ENGINE=InnoDB AUTO_INCREMENT=6 DEFAULT CHARSET=utf8mb3 COLLATE=utf8mb3_unicode_ci;
INSERT INTO contrato_sistema VALUES("1", "Kalleb Alves Barbosa", "Kalleb", "01887771212", "kallebalves@gmail.com", "", "68999045560", "69926000", "Rua Geraldo Mesquita", "381", "Centro", "Bujari", "AC", "Intermediário", "2", "", "250", "2024-01-22", "2025-02-28", "", "10", "1", "0", "2024-01-22 17:30:06", "2024-04-11 21:08:50");
DROP TABLE IF EXISTS departamento;
CREATE TABLE `departamento` (
  `id_depar` int NOT NULL AUTO_INCREMENT,
  `nome_depar` varchar(255) COLLATE utf8mb3_unicode_ci NOT NULL,
  `descricao_depar` mediumtext COLLATE utf8mb3_unicode_ci NOT NULL,
  `usuario_id` int DEFAULT NULL,
  `criado_depar` datetime NOT NULL,
  `modificado_depar` datetime DEFAULT NULL,
  PRIMARY KEY (`id_depar`),
  KEY `usuario_id` (`usuario_id`)
) ENGINE=InnoDB AUTO_INCREMENT=9 DEFAULT CHARSET=utf8mb3 COLLATE=utf8mb3_unicode_ci;
INSERT INTO departamento VALUES("5", "Departamento Financeiro", "", "1", "2021-07-13 23:08:19", "0000-00-00 00:00:00");
INSERT INTO departamento VALUES("8", "Departamento de TI", "", "1", "2021-07-13 23:09:22", "0000-00-00 00:00:00");
DROP TABLE IF EXISTS email;
CREATE TABLE `email` (
  `id` int NOT NULL AUTO_INCREMENT,
  `host` varchar(220) COLLATE utf8mb4_general_ci NOT NULL,
  `usuario` varchar(100) COLLATE utf8mb4_general_ci NOT NULL,
  `senha` varchar(220) COLLATE utf8mb4_general_ci NOT NULL,
  `porta` int NOT NULL,
  `nome_usuario` varchar(220) COLLATE utf8mb4_general_ci DEFAULT NULL,
  `usuario_id_on` int NOT NULL,
  `created_on` datetime NOT NULL,
  `usuario_id_at` int DEFAULT NULL,
  `modifield_at` datetime DEFAULT NULL,
  PRIMARY KEY (`id`)
) ENGINE=InnoDB AUTO_INCREMENT=2 DEFAULT CHARSET=utf8mb4 COLLATE=utf8mb4_general_ci;
INSERT INTO email VALUES("1", "smtp.hostinger.com", "sistemas@companycodes.com.br", "Kab@1206", "465", "Sistema", "1", "2023-10-29 11:31:28", "1", "2023-11-04 11:59:22");
DROP TABLE IF EXISTS email_modelos;
CREATE TABLE `email_modelos` (
  `id` int NOT NULL AUTO_INCREMENT,
  `modulo_id` int NOT NULL,
  `titulo` varchar(220) COLLATE utf8mb4_general_ci NOT NULL,
  `texto` text COLLATE utf8mb4_general_ci NOT NULL,
  `usuario_id_on` int NOT NULL,
  `created_on` datetime NOT NULL,
  `usuario_id_at` int DEFAULT NULL,
  `modifield_at` datetime DEFAULT NULL,
  PRIMARY KEY (`id`)
) ENGINE=InnoDB AUTO_INCREMENT=3 DEFAULT CHARSET=utf8mb4 COLLATE=utf8mb4_general_ci;
INSERT INTO email_modelos VALUES("2", "1", "Informações de login", "<p>Prezado&nbsp;<span style=\"font-size: 1rem;\">#login</span><span style=\"font-size: 1rem;\">,</span></p><p>Abaixo segue seus dados de acesso ao nosso sistema.</p><p>Aqui estão suas informações de login:</p><p>Nome de usuário:&nbsp;<span style=\"font-size: 1rem;\">#login</span></p><p>Senha: #senha (recomendamos a troca da senha após o primeiro login)</p><p>Lembre-se de manter suas credenciais de login seguras e não compartilhá-las com ninguém. Caso esqueça sua senha, você pode usar a opção de recuperação de senha na página de login.</p><p>Agradecemos por escolher nossa plataforma e estamos aqui para ajudá-lo em sua jornada. Desejamos a você uma ótima experiência conosco!</p><p>Atenciosamente,</p><p><span style=\"font-size: 1rem;\">#usuario_logado<br></span><span style=\"font-size: 1rem;\">#empresa</span></p>", "1", "2023-11-04 13:47:47", "1", "2023-11-05 14:40:55");
DROP TABLE IF EXISTS enquete;
CREATE TABLE `enquete` (
  `idenquete` int NOT NULL AUTO_INCREMENT,
  `contrato_sistema_id` int NOT NULL,
  `usuario_id` int NOT NULL,
  `resultado` int DEFAULT NULL,
  `obs` text COLLATE utf8mb3_unicode_ci,
  `created` datetime NOT NULL,
  PRIMARY KEY (`idenquete`),
  KEY `usuario_id` (`usuario_id`)
) ENGINE=InnoDB AUTO_INCREMENT=18 DEFAULT CHARSET=utf8mb3 COLLATE=utf8mb3_unicode_ci;
INSERT INTO enquete VALUES("1", "0", "1", "5", "", "2023-05-11 20:34:51");
INSERT INTO enquete VALUES("2", "1", "3", "5", "ok", "2023-05-11 20:42:51");
INSERT INTO enquete VALUES("3", "1", "4", "5", "ok2", "2023-05-11 20:44:10");
INSERT INTO enquete VALUES("4", "0", "1", "4", "", "2023-06-12 11:37:19");
INSERT INTO enquete VALUES("5", "0", "1", "5", "", "2023-10-28 10:41:09");
INSERT INTO enquete VALUES("6", "0", "1", "5", "", "2023-11-05 14:05:52");
INSERT INTO enquete VALUES("7", "0", "1", "5", "", "2023-11-08 14:58:54");
INSERT INTO enquete VALUES("8", "0", "1", "5", "", "2023-11-16 10:15:19");
INSERT INTO enquete VALUES("9", "0", "1", "5", "", "2023-12-02 16:01:54");
INSERT INTO enquete VALUES("10", "0", "1", "5", "", "2023-12-02 16:26:19");
INSERT INTO enquete VALUES("11", "0", "1", "5", "", "2023-12-02 16:49:10");
INSERT INTO enquete VALUES("12", "0", "1", "5", "", "2024-01-13 12:48:28");
INSERT INTO enquete VALUES("13", "0", "1", "5", "", "2024-01-13 13:09:55");
INSERT INTO enquete VALUES("14", "0", "1", "5", "", "2024-01-16 22:10:17");
INSERT INTO enquete VALUES("15", "1", "33", "5", "", "2024-02-09 19:09:55");
INSERT INTO enquete VALUES("16", "1", "31", "5", "", "2024-02-09 19:14:24");
INSERT INTO enquete VALUES("17", "0", "1", "5", "", "2024-03-26 11:21:52");
DROP TABLE IF EXISTS enquete_rating;
CREATE TABLE `enquete_rating` (
  `idrating` int NOT NULL AUTO_INCREMENT,
  `nome` varchar(10) COLLATE utf8mb4_unicode_ci NOT NULL,
  `pts` int NOT NULL,
  PRIMARY KEY (`idrating`)
) ENGINE=InnoDB AUTO_INCREMENT=6 DEFAULT CHARSET=utf8mb4 COLLATE=utf8mb4_unicode_ci;
INSERT INTO enquete_rating VALUES("1", "Ótimo", "5");
INSERT INTO enquete_rating VALUES("2", "Muito bom", "4");
INSERT INTO enquete_rating VALUES("3", "Bom", "3");
INSERT INTO enquete_rating VALUES("4", "Regular", "2");
INSERT INTO enquete_rating VALUES("5", "Ruim", "1");
DROP TABLE IF EXISTS evento_senha;
CREATE TABLE `evento_senha` (
  `id_eventoSenha` int NOT NULL AUTO_INCREMENT,
  `nome_evento` varchar(255) COLLATE utf8mb3_unicode_ci NOT NULL,
  `obs_evento` mediumtext COLLATE utf8mb3_unicode_ci NOT NULL,
  PRIMARY KEY (`id_eventoSenha`)
) ENGINE=InnoDB AUTO_INCREMENT=5 DEFAULT CHARSET=utf8mb3 COLLATE=utf8mb3_unicode_ci;
INSERT INTO evento_senha VALUES("1", "Atribuição de senha", "Quando o usuário altera sua senha.");
INSERT INTO evento_senha VALUES("2", "Troca de senha", "Quando o operador de sistemas altera a senha do usuário");
INSERT INTO evento_senha VALUES("3", "Senha via sistema/cadastro", "Quando a senha é cadastrada no ato do cadastro do usuário");
INSERT INTO evento_senha VALUES("4", "Senha expirada", "Quando a vida útil da senha chega em 40 dias ");
DROP TABLE IF EXISTS faturas;
CREATE TABLE `faturas` (
  `id` int NOT NULL AUTO_INCREMENT,
  `nFatura` varchar(255) COLLATE utf8mb4_general_ci NOT NULL,
  `contrato_sistema_id` int NOT NULL,
  `faturas_forma_pagamento_id` int NOT NULL,
  `descricao` text COLLATE utf8mb4_general_ci NOT NULL,
  `modelo_plano_id` int NOT NULL,
  `valorPago` double NOT NULL,
  `transacao_consulta` text COLLATE utf8mb4_general_ci NOT NULL,
  `transacao_pagamento` text COLLATE utf8mb4_general_ci NOT NULL,
  `faturas_status_id` int NOT NULL,
  `usuario_id` int NOT NULL,
  `created` datetime NOT NULL,
  PRIMARY KEY (`id`)
) ENGINE=InnoDB DEFAULT CHARSET=utf8mb4 COLLATE=utf8mb4_general_ci;
DROP TABLE IF EXISTS faturas_forma_pagamento;
CREATE TABLE `faturas_forma_pagamento` (
  `id` int NOT NULL AUTO_INCREMENT,
  `pagamento` varchar(100) COLLATE utf8mb4_general_ci NOT NULL,
  PRIMARY KEY (`id`)
) ENGINE=InnoDB AUTO_INCREMENT=5 DEFAULT CHARSET=utf8mb4 COLLATE=utf8mb4_general_ci;
INSERT INTO faturas_forma_pagamento VALUES("1", "Cartão de crédito");
INSERT INTO faturas_forma_pagamento VALUES("2", "Cartão de debito");
INSERT INTO faturas_forma_pagamento VALUES("3", "Pix");
INSERT INTO faturas_forma_pagamento VALUES("4", "Boleto");
DROP TABLE IF EXISTS faturas_status;
CREATE TABLE `faturas_status` (
  `id` int NOT NULL AUTO_INCREMENT,
  `status` varchar(100) COLLATE utf8mb4_general_ci NOT NULL,
  PRIMARY KEY (`id`)
) ENGINE=InnoDB AUTO_INCREMENT=3 DEFAULT CHARSET=utf8mb4 COLLATE=utf8mb4_general_ci;
INSERT INTO faturas_status VALUES("1", "Pago");
INSERT INTO faturas_status VALUES("2", "pendente");
DROP TABLE IF EXISTS grupo;
CREATE TABLE `grupo` (
  `id_gru` int NOT NULL AUTO_INCREMENT,
  `nome_gru` varchar(220) COLLATE utf8mb3_unicode_ci NOT NULL,
  `descricao_gru` mediumtext COLLATE utf8mb3_unicode_ci,
  `grupo_pai_id` int NOT NULL,
  `usuario_id` int DEFAULT NULL,
  `criado_gru` datetime NOT NULL,
  `modificado_gru` datetime DEFAULT NULL,
  PRIMARY KEY (`id_gru`),
  KEY `usuario_id` (`usuario_id`),
  KEY `grupo_pai_id` (`grupo_pai_id`)
) ENGINE=InnoDB AUTO_INCREMENT=3 DEFAULT CHARSET=utf8mb3 COLLATE=utf8mb3_unicode_ci;
INSERT INTO grupo VALUES("1", "Raiz", "Grupo padrão do sistema", "1", "1", "2020-09-23 00:00:00", "0000-00-00 00:00:00");
DROP TABLE IF EXISTS hist_senha;
CREATE TABLE `hist_senha` (
  `id_histSenha` int NOT NULL AUTO_INCREMENT,
  `usuario_id` int NOT NULL,
  `operador` int NOT NULL,
  `evento_senha_id` int NOT NULL,
  `created_hist_senha` datetime NOT NULL,
  PRIMARY KEY (`id_histSenha`),
  KEY `operador` (`operador`),
  KEY `usuario_id` (`usuario_id`)
) ENGINE=InnoDB AUTO_INCREMENT=75 DEFAULT CHARSET=utf8mb3 COLLATE=utf8mb3_unicode_ci;
INSERT INTO hist_senha VALUES("1", "3", "1", "3", "2023-05-11 20:33:37");
INSERT INTO hist_senha VALUES("2", "3", "3", "1", "2023-05-11 20:38:30");
INSERT INTO hist_senha VALUES("3", "4", "3", "3", "2023-05-11 20:42:34");
INSERT INTO hist_senha VALUES("4", "4", "4", "1", "2023-05-11 20:43:19");
INSERT INTO hist_senha VALUES("5", "1", "3", "2", "2023-05-12 02:27:45");
INSERT INTO hist_senha VALUES("6", "1", "1", "1", "2023-05-12 02:28:27");
INSERT INTO hist_senha VALUES("7", "1", "2", "4", "2023-06-12 10:25:06");
INSERT INTO hist_senha VALUES("8", "1", "1", "1", "2023-06-12 10:38:06");
INSERT INTO hist_senha VALUES("9", "1", "2", "4", "2023-10-28 10:12:23");
INSERT INTO hist_senha VALUES("10", "1", "2", "4", "2023-10-28 10:41:09");
INSERT INTO hist_senha VALUES("11", "1", "1", "1", "2023-10-28 11:10:39");
INSERT INTO hist_senha VALUES("12", "2", "1", "3", "2023-11-05 13:51:17");
INSERT INTO hist_senha VALUES("13", "3", "1", "3", "2023-11-05 14:00:50");
INSERT INTO hist_senha VALUES("14", "4", "1", "3", "2023-11-05 14:03:54");
INSERT INTO hist_senha VALUES("15", "5", "1", "3", "2023-11-05 14:06:47");
INSERT INTO hist_senha VALUES("16", "6", "1", "3", "2023-11-05 14:11:27");
INSERT INTO hist_senha VALUES("17", "7", "1", "3", "2023-11-05 14:41:55");
INSERT INTO hist_senha VALUES("18", "8", "1", "3", "2023-11-05 14:43:25");
INSERT INTO hist_senha VALUES("19", "9", "1", "3", "2023-11-08 13:51:56");
INSERT INTO hist_senha VALUES("20", "10", "1", "3", "2023-11-08 13:58:26");
INSERT INTO hist_senha VALUES("21", "11", "1", "3", "2023-11-08 14:01:25");
INSERT INTO hist_senha VALUES("22", "12", "1", "3", "2023-11-08 14:04:22");
INSERT INTO hist_senha VALUES("23", "13", "1", "3", "2023-11-08 14:06:43");
INSERT INTO hist_senha VALUES("24", "14", "1", "3", "2023-11-08 14:09:17");
INSERT INTO hist_senha VALUES("25", "15", "1", "3", "2023-11-08 14:18:36");
INSERT INTO hist_senha VALUES("26", "16", "1", "3", "2023-11-08 14:23:11");
INSERT INTO hist_senha VALUES("27", "17", "1", "3", "2023-11-08 14:27:03");
INSERT INTO hist_senha VALUES("28", "18", "1", "3", "2023-11-08 14:32:29");
INSERT INTO hist_senha VALUES("29", "19", "1", "3", "2023-11-08 14:38:58");
INSERT INTO hist_senha VALUES("30", "20", "1", "3", "2023-11-08 14:40:52");
INSERT INTO hist_senha VALUES("31", "21", "1", "3", "2023-11-08 14:44:32");
INSERT INTO hist_senha VALUES("32", "22", "1", "3", "2023-11-08 14:46:16");
INSERT INTO hist_senha VALUES("33", "23", "1", "3", "2023-11-08 14:48:55");
INSERT INTO hist_senha VALUES("34", "24", "1", "3", "2023-11-08 14:50:05");
INSERT INTO hist_senha VALUES("35", "1", "1", "1", "2023-12-02 15:37:21");
INSERT INTO hist_senha VALUES("36", "1", "1", "1", "2024-01-13 12:47:49");
INSERT INTO hist_senha VALUES("37", "1", "1", "3", "2024-01-15 16:48:16");
INSERT INTO hist_senha VALUES("38", "1", "1", "3", "2024-01-16 22:01:25");
INSERT INTO hist_senha VALUES("39", "1", "1", "1", "2024-01-16 22:05:45");
INSERT INTO hist_senha VALUES("40", "1", "1", "3", "2024-01-16 22:10:52");
INSERT INTO hist_senha VALUES("41", "1", "1", "3", "2024-01-16 22:11:05");
INSERT INTO hist_senha VALUES("42", "1", "1", "3", "2024-01-16 22:15:00");
INSERT INTO hist_senha VALUES("43", "1", "1", "3", "2024-01-16 22:27:37");
INSERT INTO hist_senha VALUES("44", "1", "1", "3", "2024-01-16 22:30:25");
INSERT INTO hist_senha VALUES("45", "1", "1", "3", "2024-01-17 22:54:47");
INSERT INTO hist_senha VALUES("46", "1", "1", "1", "2024-01-17 23:01:50");
INSERT INTO hist_senha VALUES("47", "1", "1", "1", "2024-01-18 22:11:06");
INSERT INTO hist_senha VALUES("48", "1", "1", "1", "2024-01-18 22:12:42");
INSERT INTO hist_senha VALUES("49", "1", "1", "1", "2024-01-18 22:15:44");
INSERT INTO hist_senha VALUES("50", "1", "1", "1", "2024-01-18 22:17:17");
INSERT INTO hist_senha VALUES("51", "33", "1", "3", "2024-02-09 19:00:53");
INSERT INTO hist_senha VALUES("52", "33", "33", "1", "2024-02-09 19:08:19");
INSERT INTO hist_senha VALUES("54", "1", "1", "1", "2024-03-04 21:09:48");
INSERT INTO hist_senha VALUES("55", "1", "1", "1", "2024-04-02 20:06:26");
INSERT INTO hist_senha VALUES("56", "1", "1", "1", "2024-07-15 18:28:03");
INSERT INTO hist_senha VALUES("57", "1", "1", "1", "2024-08-15 09:28:51");
INSERT INTO hist_senha VALUES("58", "1", "1", "3", "2024-08-19 11:44:41");
INSERT INTO hist_senha VALUES("59", "1", "1", "3", "2024-08-19 11:45:56");
INSERT INTO hist_senha VALUES("60", "1", "1", "3", "2024-08-19 11:46:32");
INSERT INTO hist_senha VALUES("61", "1", "1", "3", "2024-08-19 11:49:18");
INSERT INTO hist_senha VALUES("62", "1", "1", "3", "2024-08-19 11:55:29");
INSERT INTO hist_senha VALUES("63", "1", "1", "1", "2024-08-19 11:56:37");
INSERT INTO hist_senha VALUES("64", "1", "1", "1", "2024-10-08 07:28:49");
INSERT INTO hist_senha VALUES("65", "34", "1", "3", "2024-10-24 08:09:54");
INSERT INTO hist_senha VALUES("66", "34", "34", "1", "2024-10-24 08:11:10");
INSERT INTO hist_senha VALUES("67", "1", "1", "1", "2024-11-07 09:57:04");
INSERT INTO hist_senha VALUES("68", "33", "33", "1", "2024-11-19 10:33:03");
INSERT INTO hist_senha VALUES("69", "35", "1", "3", "2024-11-27 09:04:10");
INSERT INTO hist_senha VALUES("70", "35", "35", "1", "2024-11-27 09:05:05");
INSERT INTO hist_senha VALUES("71", "36", "1", "3", "2024-11-27 09:20:15");
INSERT INTO hist_senha VALUES("72", "36", "36", "1", "2024-11-27 09:21:05");
INSERT INTO hist_senha VALUES("73", "36", "36", "1", "2024-12-05 16:51:56");
INSERT INTO hist_senha VALUES("74", "1", "2", "4", "2025-02-11 07:41:08");
DROP TABLE IF EXISTS informativos;
CREATE TABLE `informativos` (
  `id` int NOT NULL AUTO_INCREMENT,
  `assunto` varchar(255) COLLATE utf8mb4_general_ci NOT NULL,
  `slug` text COLLATE utf8mb4_general_ci NOT NULL,
  `unidade_id` int DEFAULT NULL,
  `informativo_categoria_id` int NOT NULL,
  `conteudo` longtext COLLATE utf8mb4_general_ci NOT NULL,
  `usuario_id_on` int NOT NULL,
  `created_on` datetime NOT NULL,
  `usuario_id_at` int DEFAULT NULL,
  `modifield_at` datetime DEFAULT NULL,
  PRIMARY KEY (`id`)
) ENGINE=InnoDB AUTO_INCREMENT=4 DEFAULT CHARSET=utf8mb4 COLLATE=utf8mb4_general_ci;
INSERT INTO informativos VALUES("3", "Lorem ipsum dolor sit amet 22", "lorem-ipsum-dolor-sit-amet-22", "1", "1", "<p><span style=\"font-family: system-ui, -apple-system, \" segoe=\"\" ui\",=\"\" roboto,=\"\" \"helvetica=\"\" neue\",=\"\" arial,=\"\" \"noto=\"\" sans\",=\"\" \"liberation=\"\" sans-serif,=\"\" \"apple=\"\" color=\"\" emoji\",=\"\" \"segoe=\"\" ui=\"\" symbol\",=\"\" emoji\";\"=\"\">Lorem ipsum dolor sit amet. Est quia dolores qui repudiandae quisquam qui nisi excepturi ad dolorem ullam aut sint assumenda. </span></p><p><span style=\"font-family: system-ui, -apple-system, \" segoe=\"\" ui\",=\"\" roboto,=\"\" \"helvetica=\"\" neue\",=\"\" arial,=\"\" \"noto=\"\" sans\",=\"\" \"liberation=\"\" sans-serif,=\"\" \"apple=\"\" color=\"\" emoji\",=\"\" \"segoe=\"\" ui=\"\" symbol\",=\"\" emoji\";\"=\"\">Et possimus molestiae et quia repudiandae in laboriosam quia. Et corrupti eaque et iusto reiciendis ab repellendus iure et tempora eius qui autem sunt.</span></p><p><span style=\"font-family: system-ui, -apple-system, \" segoe=\"\" ui\",=\"\" roboto,=\"\" \"helvetica=\"\" neue\",=\"\" arial,=\"\" \"noto=\"\" sans\",=\"\" \"liberation=\"\" sans-serif,=\"\" \"apple=\"\" color=\"\" emoji\",=\"\" \"segoe=\"\" ui=\"\" symbol\",=\"\" emoji\";\"=\"\">22<br></span><br></p>", "1", "2024-03-11 18:17:45", "1", "2024-03-12 19:55:11");
DROP TABLE IF EXISTS informativos_anexos;
CREATE TABLE `informativos_anexos` (
  `id` int NOT NULL AUTO_INCREMENT,
  `titulo` varchar(255) COLLATE utf8mb4_general_ci NOT NULL,
  `nome_arquivo` text COLLATE utf8mb4_general_ci NOT NULL,
  `caminho` text COLLATE utf8mb4_general_ci NOT NULL,
  `usuario_id_on` int NOT NULL,
  `informativo_id` int NOT NULL,
  `created` datetime NOT NULL,
  PRIMARY KEY (`id`)
) ENGINE=InnoDB AUTO_INCREMENT=2 DEFAULT CHARSET=utf8mb4 COLLATE=utf8mb4_general_ci;
INSERT INTO informativos_anexos VALUES("1", "SEi-123", "1721095942.pdf", "pages/modulo/informativos/anexos/1721095942.pdf", "1", "3", "2024-07-15 21:12:22");
DROP TABLE IF EXISTS informativos_categorias;
CREATE TABLE `informativos_categorias` (
  `id` int NOT NULL AUTO_INCREMENT,
  `categoria` varchar(220) COLLATE utf8mb4_general_ci NOT NULL,
  `slug` text COLLATE utf8mb4_general_ci NOT NULL,
  `usuario_id_on` int NOT NULL,
  `created_on` datetime NOT NULL,
  `usuario_id_at` int DEFAULT NULL,
  `modifield_at` datetime DEFAULT NULL,
  PRIMARY KEY (`id`)
) ENGINE=InnoDB AUTO_INCREMENT=3 DEFAULT CHARSET=utf8mb4 COLLATE=utf8mb4_general_ci;
INSERT INTO informativos_categorias VALUES("1", "Teste1", "teste1", "1", "2024-03-11 17:57:16", "0", "0000-00-00 00:00:00");
DROP TABLE IF EXISTS modulos;
CREATE TABLE `modulos` (
  `id_mod` int NOT NULL AUTO_INCREMENT,
  `nome_mod` varchar(200) COLLATE utf8mb3_unicode_ci NOT NULL,
  `chave_mod` varchar(200) COLLATE utf8mb3_unicode_ci NOT NULL,
  `descricao_mod` mediumtext COLLATE utf8mb3_unicode_ci NOT NULL,
  `permissao_mod` int NOT NULL,
  `usuario_id` int DEFAULT NULL,
  `created_mod` datetime NOT NULL,
  `modifield_mod` datetime DEFAULT NULL,
  PRIMARY KEY (`id_mod`),
  KEY `usuario_id` (`usuario_id`)
) ENGINE=InnoDB AUTO_INCREMENT=23 DEFAULT CHARSET=utf8mb3 COLLATE=utf8mb3_unicode_ci;
INSERT INTO modulos VALUES("1", "Controle de acesso", "pages/modulo/controle_de_acesso", "Configurações gerais do sistema", "1", "1", "2020-11-17 00:00:00", "0000-00-00 00:00:00");
INSERT INTO modulos VALUES("2", "Página inicial", "pages/modulo/home", "Página inicial do sistema", "1", "1", "2020-11-17 00:00:00", "2023-06-12 11:36:39");
INSERT INTO modulos VALUES("6", "Meu perfil", "pages/modulo/perfil", "Perfil do usuário", "1", "1", "2021-03-25 00:00:00", "2021-12-08 16:47:13");
INSERT INTO modulos VALUES("8", "Importação", "pages/modulo/importar", "Importação e exportação de dados", "1", "1", "2021-05-03 00:00:00", "2023-06-12 11:36:19");
INSERT INTO modulos VALUES("12", "Sistema", "pages/modulo/sistema", "Modulo de administração do sistema", "1", "1", "2021-05-22 00:00:00", "2021-12-08 16:46:20");
INSERT INTO modulos VALUES("13", "Cadastro", "pages/modulo/Cadastro", "Cadastro", "1", "1", "2023-04-26 19:05:38", "0000-00-00 00:00:00");
INSERT INTO modulos VALUES("15", "logout", "pages/modulo/logout", "Sair do sistema", "1", "1", "2023-06-12 11:34:24", "0000-00-00 00:00:00");
INSERT INTO modulos VALUES("16", "E-mail", "pages/modulo/email", "Servidor de e-mail", "1", "1", "2023-10-29 10:57:24", "2023-11-16 13:56:24");
INSERT INTO modulos VALUES("17", "Base de conhecimento", "pages/modulo/base-de-conhecimento", "Modulo base de conhecimento", "1", "1", "2023-11-16 14:04:08", "2023-11-16 14:10:08");
INSERT INTO modulos VALUES("18", "Clientes sistema", "pages/modulo/clientes-sistema", "Clientes cadastrados no sistema via login", "1", "1", "2024-01-13 12:49:58", "0000-00-00 00:00:00");
INSERT INTO modulos VALUES("19", "Informativos", "pages/modulo/informativos", "Modulo informativo", "1", "1", "2024-01-24 17:46:47", "0000-00-00 00:00:00");
INSERT INTO modulos VALUES("20", "Pagamento", "pages/modulo/pagamento", "pagamento", "1", "1", "2024-02-09 19:23:49", "0000-00-00 00:00:00");
INSERT INTO modulos VALUES("21", "Quiz", "pages/modulo/quiz", "Modulo de perguntas e respostas", "1", "1", "2024-07-23 17:26:00", "0000-00-00 00:00:00");
INSERT INTO modulos VALUES("22", "Administração do site", "pages/modulo/administracao-do-site", "Administrar páginas do site", "1", "1", "2024-10-08 07:46:23", "2024-10-08 07:51:00");
DROP TABLE IF EXISTS niveis_acessos;
CREATE TABLE `niveis_acessos` (
  `id_nvl` int NOT NULL AUTO_INCREMENT,
  `nome_nvl` varchar(100) COLLATE utf8mb3_unicode_ci NOT NULL,
  `ordem_nvl` int NOT NULL,
  `contrato_sistema_id` int NOT NULL,
  `usuario_id` int DEFAULT NULL,
  `criado_nvl` datetime NOT NULL,
  `modificado_nvl` datetime DEFAULT NULL,
  PRIMARY KEY (`id_nvl`),
  KEY `usuario_id` (`usuario_id`)
) ENGINE=InnoDB AUTO_INCREMENT=6 DEFAULT CHARSET=utf8mb3 COLLATE=utf8mb3_unicode_ci;
INSERT INTO niveis_acessos VALUES("1", "Master", "1", "0", "1", "2020-09-16 00:00:00", "2020-10-02 17:40:20");
INSERT INTO niveis_acessos VALUES("3", "Default", "2", "0", "1", "2023-12-03 14:58:01", "0000-00-00 00:00:00");
INSERT INTO niveis_acessos VALUES("5", "Site", "3", "0", "1", "2024-11-19 10:20:16", "");
DROP TABLE IF EXISTS niveis_acessos_paginas;
CREATE TABLE `niveis_acessos_paginas` (
  `id_nvl_pg` int NOT NULL AUTO_INCREMENT,
  `niveis_acesso_id` int NOT NULL,
  `pagina_id` int NOT NULL,
  `permissao` int NOT NULL,
  `menu` int NOT NULL DEFAULT '2',
  `ordem` int NOT NULL,
  `criado_nvl_pg` datetime NOT NULL,
  `modificado_nvl_pg` datetime DEFAULT NULL,
  PRIMARY KEY (`id_nvl_pg`),
  KEY `niveis_acesso_id` (`niveis_acesso_id`),
  KEY `menu` (`menu`),
  KEY `permissao` (`permissao`),
  KEY `pagina_id` (`pagina_id`)
) ENGINE=InnoDB AUTO_INCREMENT=1181 DEFAULT CHARSET=utf8mb3 COLLATE=utf8mb3_unicode_ci;
INSERT INTO niveis_acessos_paginas VALUES("5", "1", "8", "1", "1", "2", "2020-09-17 00:00:00", "2021-12-10 17:26:45");
INSERT INTO niveis_acessos_paginas VALUES("6", "1", "7", "1", "1", "1", "2020-09-17 00:00:00", "2023-05-12 02:29:32");
INSERT INTO niveis_acessos_paginas VALUES("12", "1", "11", "1", "2", "1", "2020-09-21 00:00:00", "2021-12-10 17:26:45");
INSERT INTO niveis_acessos_paginas VALUES("13", "1", "12", "1", "2", "1", "2020-09-23 00:00:00", "2021-12-10 17:26:45");
INSERT INTO niveis_acessos_paginas VALUES("14", "1", "13", "1", "2", "1", "2020-09-23 00:00:00", "2021-12-10 17:26:45");
INSERT INTO niveis_acessos_paginas VALUES("15", "1", "14", "1", "2", "1", "2020-09-23 00:00:00", "2021-12-10 17:26:45");
INSERT INTO niveis_acessos_paginas VALUES("16", "1", "15", "1", "2", "1", "2020-09-23 00:00:00", "2021-12-10 17:26:45");
INSERT INTO niveis_acessos_paginas VALUES("17", "1", "16", "1", "2", "1", "2020-09-23 00:00:00", "2021-12-10 17:26:45");
INSERT INTO niveis_acessos_paginas VALUES("18", "1", "17", "1", "2", "1", "2020-09-24 00:00:00", "2021-12-10 17:26:45");
INSERT INTO niveis_acessos_paginas VALUES("19", "1", "18", "1", "2", "18", "2020-09-25 00:00:00", "2021-12-10 17:26:45");
INSERT INTO niveis_acessos_paginas VALUES("25", "1", "19", "1", "2", "19", "2020-09-27 00:00:00", "2021-12-10 17:26:45");
INSERT INTO niveis_acessos_paginas VALUES("26", "1", "20", "1", "2", "20", "2020-09-27 00:00:00", "2021-12-10 17:26:45");
INSERT INTO niveis_acessos_paginas VALUES("27", "1", "21", "1", "2", "21", "2020-10-01 00:00:00", "2021-12-10 17:26:45");
INSERT INTO niveis_acessos_paginas VALUES("28", "1", "22", "1", "2", "22", "2020-10-01 00:00:00", "2021-12-10 17:26:45");
INSERT INTO niveis_acessos_paginas VALUES("29", "1", "23", "1", "2", "23", "2020-10-01 00:00:00", "2021-12-10 17:26:45");
INSERT INTO niveis_acessos_paginas VALUES("30", "1", "24", "1", "2", "24", "2020-10-01 00:00:00", "2021-12-10 17:26:45");
INSERT INTO niveis_acessos_paginas VALUES("34", "1", "25", "1", "2", "25", "2020-10-02 00:00:00", "2021-12-10 17:26:45");
INSERT INTO niveis_acessos_paginas VALUES("35", "1", "26", "1", "2", "26", "2020-10-02 00:00:00", "2021-12-10 17:26:45");
INSERT INTO niveis_acessos_paginas VALUES("36", "1", "27", "1", "2", "27", "2020-10-02 00:00:00", "2023-05-12 02:31:33");
INSERT INTO niveis_acessos_paginas VALUES("37", "1", "28", "1", "2", "28", "2020-11-03 00:00:00", "2021-12-10 17:26:45");
INSERT INTO niveis_acessos_paginas VALUES("46", "1", "29", "1", "2", "29", "2020-11-17 00:00:00", "2021-12-10 17:26:45");
INSERT INTO niveis_acessos_paginas VALUES("73", "1", "2", "1", "2", "31", "2020-11-18 12:59:20", "2023-05-12 02:30:21");
INSERT INTO niveis_acessos_paginas VALUES("74", "1", "3", "1", "2", "31", "2020-11-18 12:59:20", "2023-05-12 02:29:55");
INSERT INTO niveis_acessos_paginas VALUES("75", "1", "4", "1", "2", "31", "2020-11-18 12:59:20", "2021-12-10 17:26:45");
INSERT INTO niveis_acessos_paginas VALUES("76", "1", "5", "1", "2", "31", "2020-11-18 12:59:20", "2021-12-10 17:26:45");
INSERT INTO niveis_acessos_paginas VALUES("77", "1", "9", "1", "2", "31", "2020-11-18 12:59:20", "2021-12-10 17:26:45");
INSERT INTO niveis_acessos_paginas VALUES("78", "1", "10", "1", "2", "31", "2020-11-18 12:59:20", "2021-12-10 17:26:45");
INSERT INTO niveis_acessos_paginas VALUES("404", "1", "30", "1", "2", "60", "2020-11-19 00:00:00", "2021-12-10 17:26:45");
INSERT INTO niveis_acessos_paginas VALUES("405", "1", "31", "1", "2", "61", "2020-11-19 00:00:00", "2021-12-10 17:26:45");
INSERT INTO niveis_acessos_paginas VALUES("406", "1", "32", "1", "2", "62", "2020-11-19 00:00:00", "2021-12-10 17:26:45");
INSERT INTO niveis_acessos_paginas VALUES("407", "1", "33", "1", "2", "63", "2020-11-21 00:00:00", "2021-12-10 17:26:45");
INSERT INTO niveis_acessos_paginas VALUES("408", "1", "34", "1", "2", "64", "2020-11-21 00:00:00", "2021-12-10 17:26:45");
INSERT INTO niveis_acessos_paginas VALUES("409", "1", "35", "1", "2", "65", "2020-11-21 00:00:00", "2021-12-10 17:26:45");
INSERT INTO niveis_acessos_paginas VALUES("410", "1", "36", "1", "2", "66", "2020-11-21 00:00:00", "2021-12-10 17:26:45");
INSERT INTO niveis_acessos_paginas VALUES("411", "1", "37", "1", "2", "67", "2020-11-23 00:00:00", "2021-12-10 17:26:45");
INSERT INTO niveis_acessos_paginas VALUES("412", "1", "38", "1", "2", "68", "2020-11-24 00:00:00", "2021-12-10 17:26:45");
INSERT INTO niveis_acessos_paginas VALUES("413", "1", "39", "1", "2", "69", "2020-11-24 00:00:00", "2021-12-10 17:26:45");
INSERT INTO niveis_acessos_paginas VALUES("414", "1", "40", "1", "2", "70", "2020-11-24 00:00:00", "2021-12-10 17:26:45");
INSERT INTO niveis_acessos_paginas VALUES("415", "1", "41", "1", "2", "71", "2020-11-24 00:00:00", "2021-12-10 17:26:45");
INSERT INTO niveis_acessos_paginas VALUES("451", "1", "77", "1", "2", "107", "2021-02-11 00:00:00", "2023-05-12 02:31:03");
INSERT INTO niveis_acessos_paginas VALUES("663", "1", "93", "1", "1", "213", "2021-03-25 00:00:00", "2021-12-11 15:30:45");
INSERT INTO niveis_acessos_paginas VALUES("664", "1", "94", "1", "2", "214", "2021-03-26 00:00:00", "2021-12-11 12:21:11");
INSERT INTO niveis_acessos_paginas VALUES("665", "1", "95", "1", "2", "215", "2021-03-26 00:00:00", "2021-12-10 17:12:53");
INSERT INTO niveis_acessos_paginas VALUES("669", "1", "99", "2", "1", "219", "2021-05-03 00:00:00", "2024-10-24 08:32:52");
INSERT INTO niveis_acessos_paginas VALUES("670", "1", "100", "1", "2", "220", "2021-05-03 00:00:00", "2021-12-10 17:26:45");
INSERT INTO niveis_acessos_paginas VALUES("679", "1", "109", "1", "1", "226", "2021-05-22 00:00:00", "2021-12-10 17:26:45");
INSERT INTO niveis_acessos_paginas VALUES("686", "1", "116", "1", "2", "232", "2021-07-10 00:00:00", "2021-12-10 17:26:45");
INSERT INTO niveis_acessos_paginas VALUES("687", "1", "117", "1", "2", "233", "2021-07-10 00:00:00", "2021-12-10 17:26:45");
INSERT INTO niveis_acessos_paginas VALUES("688", "1", "118", "1", "2", "234", "2021-07-10 00:00:00", "2021-12-10 17:26:45");
INSERT INTO niveis_acessos_paginas VALUES("689", "1", "119", "1", "2", "235", "2021-07-10 00:00:00", "2021-12-10 17:26:45");
INSERT INTO niveis_acessos_paginas VALUES("690", "1", "120", "1", "2", "236", "2021-07-10 00:00:00", "2021-12-10 17:26:45");
INSERT INTO niveis_acessos_paginas VALUES("691", "1", "121", "1", "2", "237", "2021-07-10 00:00:00", "2021-12-10 17:26:45");
INSERT INTO niveis_acessos_paginas VALUES("836", "1", "129", "1", "2", "238", "2021-12-11 14:51:11", "0000-00-00 00:00:00");
INSERT INTO niveis_acessos_paginas VALUES("890", "1", "130", "1", "2", "239", "2021-12-11 21:49:34", "0000-00-00 00:00:00");
INSERT INTO niveis_acessos_paginas VALUES("891", "1", "131", "1", "2", "240", "2021-12-13 23:00:13", "0000-00-00 00:00:00");
INSERT INTO niveis_acessos_paginas VALUES("892", "1", "132", "1", "2", "241", "2021-12-14 23:05:56", "0000-00-00 00:00:00");
INSERT INTO niveis_acessos_paginas VALUES("893", "1", "133", "1", "2", "242", "2021-12-14 23:35:41", "0000-00-00 00:00:00");
INSERT INTO niveis_acessos_paginas VALUES("894", "1", "134", "1", "2", "243", "2021-12-16 09:57:37", "2021-12-16 09:58:17");
INSERT INTO niveis_acessos_paginas VALUES("978", "1", "135", "1", "2", "244", "2021-12-17 21:43:15", "2021-12-17 21:45:20");
INSERT INTO niveis_acessos_paginas VALUES("981", "1", "136", "1", "2", "245", "2021-12-19 14:09:52", "2021-12-19 14:12:16");
INSERT INTO niveis_acessos_paginas VALUES("984", "1", "137", "1", "2", "246", "2021-12-19 19:03:33", "0000-00-00 00:00:00");
INSERT INTO niveis_acessos_paginas VALUES("987", "1", "138", "1", "2", "247", "2021-12-20 19:25:25", "0000-00-00 00:00:00");
INSERT INTO niveis_acessos_paginas VALUES("990", "1", "139", "1", "2", "248", "2021-12-20 20:38:11", "2021-12-20 20:38:30");
INSERT INTO niveis_acessos_paginas VALUES("995", "1", "140", "1", "2", "249", "2021-12-31 16:14:36", "0000-00-00 00:00:00");
INSERT INTO niveis_acessos_paginas VALUES("1007", "2", "7", "1", "1", "1", "2023-05-11 20:39:54", "2023-05-12 02:29:32");
INSERT INTO niveis_acessos_paginas VALUES("1008", "2", "93", "1", "1", "2", "2023-05-11 20:39:54", "0000-00-00 00:00:00");
INSERT INTO niveis_acessos_paginas VALUES("1009", "2", "94", "1", "2", "3", "2023-05-11 20:39:54", "2023-05-11 20:40:07");
INSERT INTO niveis_acessos_paginas VALUES("1010", "2", "95", "1", "2", "4", "2023-05-11 20:39:54", "2023-05-11 20:40:07");
INSERT INTO niveis_acessos_paginas VALUES("1023", "1", "154", "2", "1", "251", "2023-10-29 10:59:14", "2024-10-24 08:32:47");
INSERT INTO niveis_acessos_paginas VALUES("1024", "1", "155", "1", "2", "252", "2023-10-29 11:29:07", "0000-00-00 00:00:00");
INSERT INTO niveis_acessos_paginas VALUES("1025", "1", "156", "1", "2", "253", "2023-11-04 11:24:49", "0000-00-00 00:00:00");
INSERT INTO niveis_acessos_paginas VALUES("1026", "1", "157", "1", "2", "254", "2023-11-05 14:35:38", "0000-00-00 00:00:00");
INSERT INTO niveis_acessos_paginas VALUES("1027", "1", "158", "1", "2", "255", "2023-11-05 14:51:23", "0000-00-00 00:00:00");
INSERT INTO niveis_acessos_paginas VALUES("1028", "1", "159", "1", "2", "256", "2023-11-06 10:15:51", "0000-00-00 00:00:00");
INSERT INTO niveis_acessos_paginas VALUES("1029", "1", "160", "1", "2", "257", "2023-11-07 13:33:16", "0000-00-00 00:00:00");
INSERT INTO niveis_acessos_paginas VALUES("1030", "1", "161", "1", "2", "258", "2023-11-07 13:41:35", "0000-00-00 00:00:00");
INSERT INTO niveis_acessos_paginas VALUES("1031", "1", "162", "1", "2", "259", "2023-11-07 13:49:34", "0000-00-00 00:00:00");
INSERT INTO niveis_acessos_paginas VALUES("1032", "1", "163", "1", "2", "260", "2023-11-07 16:42:30", "0000-00-00 00:00:00");
INSERT INTO niveis_acessos_paginas VALUES("1033", "1", "164", "1", "2", "261", "2023-11-07 16:47:57", "0000-00-00 00:00:00");
INSERT INTO niveis_acessos_paginas VALUES("1034", "1", "165", "1", "2", "262", "2023-11-07 20:38:27", "0000-00-00 00:00:00");
INSERT INTO niveis_acessos_paginas VALUES("1035", "1", "166", "2", "1", "263", "2023-11-16 14:09:54", "2024-10-24 08:32:32");
INSERT INTO niveis_acessos_paginas VALUES("1036", "1", "167", "1", "2", "264", "2023-11-16 15:09:02", "0000-00-00 00:00:00");
INSERT INTO niveis_acessos_paginas VALUES("1037", "1", "168", "1", "2", "265", "2023-11-16 19:23:50", "0000-00-00 00:00:00");
INSERT INTO niveis_acessos_paginas VALUES("1038", "1", "169", "1", "2", "266", "2023-11-16 19:36:26", "0000-00-00 00:00:00");
INSERT INTO niveis_acessos_paginas VALUES("1039", "1", "170", "1", "2", "267", "2023-11-16 19:59:44", "0000-00-00 00:00:00");
INSERT INTO niveis_acessos_paginas VALUES("1040", "3", "7", "1", "1", "1", "2023-12-03 14:58:01", "0000-00-00 00:00:00");
INSERT INTO niveis_acessos_paginas VALUES("1041", "3", "93", "1", "1", "2", "2023-12-03 14:58:01", "0000-00-00 00:00:00");
INSERT INTO niveis_acessos_paginas VALUES("1042", "3", "94", "1", "2", "3", "2023-12-03 14:58:01", "2023-12-03 14:58:17");
INSERT INTO niveis_acessos_paginas VALUES("1043", "3", "95", "1", "2", "4", "2023-12-03 14:58:01", "2023-12-03 14:58:16");
INSERT INTO niveis_acessos_paginas VALUES("1045", "1", "171", "2", "1", "268", "2024-01-13 12:52:16", "2024-10-24 08:32:37");
INSERT INTO niveis_acessos_paginas VALUES("1047", "1", "172", "1", "2", "269", "2024-01-24 11:19:05", "0000-00-00 00:00:00");
INSERT INTO niveis_acessos_paginas VALUES("1049", "1", "173", "2", "1", "270", "2024-01-24 17:48:25", "2024-10-24 08:32:54");
INSERT INTO niveis_acessos_paginas VALUES("1050", "3", "173", "2", "1", "5", "2024-01-24 17:48:25", "0000-00-00 00:00:00");
INSERT INTO niveis_acessos_paginas VALUES("1051", "1", "174", "1", "2", "271", "2024-01-24 19:13:27", "2024-01-24 19:25:08");
INSERT INTO niveis_acessos_paginas VALUES("1052", "3", "174", "2", "2", "6", "2024-01-24 19:13:27", "2024-01-24 19:25:08");
INSERT INTO niveis_acessos_paginas VALUES("1053", "3", "153", "1", "2", "250", "2023-06-12 11:35:48", "2024-10-24 08:27:06");
INSERT INTO niveis_acessos_paginas VALUES("1054", "1", "175", "2", "1", "272", "2024-02-09 19:25:34", "2024-10-24 08:13:09");
INSERT INTO niveis_acessos_paginas VALUES("1055", "3", "175", "2", "1", "251", "2024-02-09 19:25:34", "0000-00-00 00:00:00");
INSERT INTO niveis_acessos_paginas VALUES("1056", "1", "176", "1", "2", "273", "2024-02-11 22:13:15", "0000-00-00 00:00:00");
INSERT INTO niveis_acessos_paginas VALUES("1057", "3", "176", "2", "2", "252", "2024-02-11 22:13:15", "0000-00-00 00:00:00");
INSERT INTO niveis_acessos_paginas VALUES("1058", "1", "177", "1", "2", "274", "2024-03-12 18:50:36", "0000-00-00 00:00:00");
INSERT INTO niveis_acessos_paginas VALUES("1059", "3", "177", "2", "2", "253", "2024-03-12 18:50:36", "0000-00-00 00:00:00");
INSERT INTO niveis_acessos_paginas VALUES("1060", "1", "178", "1", "2", "275", "2024-03-27 09:01:06", "0000-00-00 00:00:00");
INSERT INTO niveis_acessos_paginas VALUES("1061", "3", "178", "2", "2", "254", "2024-03-27 09:01:06", "0000-00-00 00:00:00");
INSERT INTO niveis_acessos_paginas VALUES("1062", "1", "179", "2", "1", "276", "2024-07-23 17:28:41", "2024-10-24 08:13:11");
INSERT INTO niveis_acessos_paginas VALUES("1063", "3", "179", "2", "1", "255", "2024-07-23 17:28:41", "0000-00-00 00:00:00");
INSERT INTO niveis_acessos_paginas VALUES("1064", "1", "180", "1", "1", "277", "2024-10-08 07:49:48", "2024-10-08 07:51:48");
INSERT INTO niveis_acessos_paginas VALUES("1065", "3", "180", "2", "1", "256", "2024-10-08 07:49:49", "2024-10-08 07:51:48");
INSERT INTO niveis_acessos_paginas VALUES("1066", "1", "181", "1", "1", "278", "2024-10-08 08:14:31", "");
INSERT INTO niveis_acessos_paginas VALUES("1067", "3", "181", "2", "1", "257", "2024-10-08 08:14:31", "");
INSERT INTO niveis_acessos_paginas VALUES("1068", "1", "182", "1", "1", "279", "2024-10-09 08:34:48", "");
INSERT INTO niveis_acessos_paginas VALUES("1069", "3", "182", "2", "1", "258", "2024-10-09 08:34:48", "");
INSERT INTO niveis_acessos_paginas VALUES("1070", "1", "183", "1", "1", "280", "2024-10-10 10:24:05", "");
INSERT INTO niveis_acessos_paginas VALUES("1071", "3", "183", "2", "1", "259", "2024-10-10 10:24:05", "");
INSERT INTO niveis_acessos_paginas VALUES("1072", "1", "184", "1", "2", "281", "2024-10-16 08:55:52", "");
INSERT INTO niveis_acessos_paginas VALUES("1073", "3", "184", "2", "2", "260", "2024-10-16 08:55:52", "");
INSERT INTO niveis_acessos_paginas VALUES("1074", "1", "185", "1", "2", "282", "2024-10-16 09:53:15", "");
INSERT INTO niveis_acessos_paginas VALUES("1075", "3", "185", "2", "2", "261", "2024-10-16 09:53:15", "");
INSERT INTO niveis_acessos_paginas VALUES("1076", "1", "186", "1", "1", "283", "2024-10-23 07:24:46", "");
INSERT INTO niveis_acessos_paginas VALUES("1077", "3", "186", "2", "1", "262", "2024-10-23 07:24:46", "");
INSERT INTO niveis_acessos_paginas VALUES("1078", "1", "187", "1", "1", "284", "2024-10-23 09:19:43", "2024-10-23 09:20:26");
INSERT INTO niveis_acessos_paginas VALUES("1079", "3", "187", "2", "1", "263", "2024-10-23 09:19:43", "2024-10-23 09:20:26");
INSERT INTO niveis_acessos_paginas VALUES("1090", "1", "153", "1", "2", "263", "2024-10-23 09:19:43", "2024-10-23 09:20:26");
INSERT INTO niveis_acessos_paginas VALUES("1091", "1", "188", "1", "1", "264", "2024-10-24 09:02:18", "");
INSERT INTO niveis_acessos_paginas VALUES("1092", "3", "188", "2", "1", "264", "2024-10-24 09:02:19", "");
INSERT INTO niveis_acessos_paginas VALUES("1093", "1", "189", "1", "2", "265", "2024-10-24 11:06:35", "");
INSERT INTO niveis_acessos_paginas VALUES("1094", "3", "189", "2", "2", "265", "2024-10-24 11:06:35", "");
INSERT INTO niveis_acessos_paginas VALUES("1095", "1", "190", "1", "1", "266", "2024-10-25 07:25:29", "");
INSERT INTO niveis_acessos_paginas VALUES("1096", "3", "190", "2", "1", "266", "2024-10-25 07:25:29", "");
INSERT INTO niveis_acessos_paginas VALUES("1097", "1", "191", "1", "1", "267", "2024-10-25 09:22:21", "");
INSERT INTO niveis_acessos_paginas VALUES("1098", "3", "191", "2", "1", "267", "2024-10-25 09:22:21", "");
INSERT INTO niveis_acessos_paginas VALUES("1099", "1", "192", "1", "2", "268", "2024-11-01 10:52:32", "2024-11-07 10:00:31");
INSERT INTO niveis_acessos_paginas VALUES("1100", "3", "192", "2", "2", "268", "2024-11-01 10:52:32", "2024-11-07 10:00:31");
INSERT INTO niveis_acessos_paginas VALUES("1101", "1", "193", "1", "1", "269", "2024-11-11 07:31:30", "");
INSERT INTO niveis_acessos_paginas VALUES("1102", "3", "193", "2", "1", "269", "2024-11-11 07:31:30", "");
INSERT INTO niveis_acessos_paginas VALUES("1103", "1", "194", "1", "1", "270", "2024-11-11 11:29:22", "");
INSERT INTO niveis_acessos_paginas VALUES("1104", "3", "194", "2", "1", "270", "2024-11-11 11:29:22", "");
INSERT INTO niveis_acessos_paginas VALUES("1105", "1", "195", "1", "1", "271", "2024-11-12 07:56:11", "");
INSERT INTO niveis_acessos_paginas VALUES("1106", "3", "195", "2", "1", "271", "2024-11-12 07:56:11", "");
INSERT INTO niveis_acessos_paginas VALUES("1107", "1", "196", "1", "1", "272", "2024-11-19 08:01:39", "");
INSERT INTO niveis_acessos_paginas VALUES("1108", "3", "196", "2", "1", "272", "2024-11-19 08:01:39", "");
INSERT INTO niveis_acessos_paginas VALUES("1109", "1", "197", "1", "1", "273", "2024-11-19 09:01:59", "");
INSERT INTO niveis_acessos_paginas VALUES("1110", "3", "197", "2", "1", "273", "2024-11-19 09:01:59", "");
INSERT INTO niveis_acessos_paginas VALUES("1111", "1", "198", "1", "1", "274", "2024-11-19 09:34:02", "");
INSERT INTO niveis_acessos_paginas VALUES("1112", "3", "198", "2", "1", "274", "2024-11-19 09:34:02", "");
INSERT INTO niveis_acessos_paginas VALUES("1113", "5", "2", "2", "2", "1", "2024-11-19 10:20:16", "");
INSERT INTO niveis_acessos_paginas VALUES("1114", "5", "3", "2", "2", "2", "2024-11-19 10:20:16", "");
INSERT INTO niveis_acessos_paginas VALUES("1115", "5", "4", "2", "2", "3", "2024-11-19 10:20:16", "");
INSERT INTO niveis_acessos_paginas VALUES("1116", "5", "5", "2", "2", "4", "2024-11-19 10:20:16", "");
INSERT INTO niveis_acessos_paginas VALUES("1117", "5", "8", "1", "1", "5", "2024-11-19 10:20:16", "");
INSERT INTO niveis_acessos_paginas VALUES("1118", "5", "9", "2", "2", "6", "2024-11-19 10:20:16", "");
INSERT INTO niveis_acessos_paginas VALUES("1119", "5", "10", "2", "2", "7", "2024-11-19 10:20:16", "");
INSERT INTO niveis_acessos_paginas VALUES("1120", "5", "11", "2", "2", "8", "2024-11-19 10:20:16", "");
INSERT INTO niveis_acessos_paginas VALUES("1121", "5", "12", "2", "2", "9", "2024-11-19 10:20:16", "");
INSERT INTO niveis_acessos_paginas VALUES("1122", "5", "13", "2", "2", "10", "2024-11-19 10:20:16", "");
INSERT INTO niveis_acessos_paginas VALUES("1123", "5", "14", "2", "2", "11", "2024-11-19 10:20:16", "");
INSERT INTO niveis_acessos_paginas VALUES("1124", "5", "15", "2", "2", "12", "2024-11-19 10:20:16", "");
INSERT INTO niveis_acessos_paginas VALUES("1125", "5", "16", "2", "2", "13", "2024-11-19 10:20:16", "");
INSERT INTO niveis_acessos_paginas VALUES("1126", "5", "17", "2", "2", "14", "2024-11-19 10:20:17", "");
INSERT INTO niveis_acessos_paginas VALUES("1127", "5", "18", "2", "2", "15", "2024-11-19 10:20:17", "");
INSERT INTO niveis_acessos_paginas VALUES("1128", "5", "19", "2", "2", "16", "2024-11-19 10:20:17", "");
INSERT INTO niveis_acessos_paginas VALUES("1129", "5", "20", "2", "2", "17", "2024-11-19 10:20:17", "");
INSERT INTO niveis_acessos_paginas VALUES("1130", "5", "21", "2", "2", "18", "2024-11-19 10:20:17", "");
INSERT INTO niveis_acessos_paginas VALUES("1131", "5", "22", "2", "2", "19", "2024-11-19 10:20:17", "");
INSERT INTO niveis_acessos_paginas VALUES("1132", "5", "23", "2", "2", "20", "2024-11-19 10:20:17", "");
INSERT INTO niveis_acessos_paginas VALUES("1133", "5", "24", "2", "2", "21", "2024-11-19 10:20:17", "");
INSERT INTO niveis_acessos_paginas VALUES("1134", "5", "25", "2", "2", "22", "2024-11-19 10:20:17", "");
INSERT INTO niveis_acessos_paginas VALUES("1135", "5", "26", "2", "2", "23", "2024-11-19 10:20:17", "");
INSERT INTO niveis_acessos_paginas VALUES("1136", "5", "28", "2", "2", "24", "2024-11-19 10:20:17", "");
INSERT INTO niveis_acessos_paginas VALUES("1137", "5", "29", "2", "2", "25", "2024-11-19 10:20:17", "");
INSERT INTO niveis_acessos_paginas VALUES("1138", "5", "30", "2", "2", "26", "2024-11-19 10:20:17", "");
INSERT INTO niveis_acessos_paginas VALUES("1139", "5", "31", "2", "2", "27", "2024-11-19 10:20:17", "");
INSERT INTO niveis_acessos_paginas VALUES("1140", "5", "32", "2", "2", "28", "2024-11-19 10:20:17", "");
INSERT INTO niveis_acessos_paginas VALUES("1141", "5", "33", "2", "2", "29", "2024-11-19 10:20:17", "");
INSERT INTO niveis_acessos_paginas VALUES("1142", "5", "34", "2", "2", "30", "2024-11-19 10:20:17", "");
INSERT INTO niveis_acessos_paginas VALUES("1143", "5", "35", "2", "2", "31", "2024-11-19 10:20:17", "");
INSERT INTO niveis_acessos_paginas VALUES("1144", "5", "36", "2", "2", "32", "2024-11-19 10:20:17", "");
INSERT INTO niveis_acessos_paginas VALUES("1145", "5", "37", "2", "2", "33", "2024-11-19 10:20:17", "");
INSERT INTO niveis_acessos_paginas VALUES("1146", "5", "38", "2", "2", "34", "2024-11-19 10:20:17", "");
INSERT INTO niveis_acessos_paginas VALUES("1147", "5", "39", "2", "2", "35", "2024-11-19 10:20:17", "");
INSERT INTO niveis_acessos_paginas VALUES("1148", "5", "40", "2", "2", "36", "2024-11-19 10:20:17", "");
INSERT INTO niveis_acessos_paginas VALUES("1149", "5", "41", "2", "2", "37", "2024-11-19 10:20:17", "");
INSERT INTO niveis_acessos_paginas VALUES("1150", "5", "77", "2", "2", "38", "2024-11-19 10:20:17", "");
INSERT INTO niveis_acessos_paginas VALUES("1151", "5", "129", "2", "2", "39", "2024-11-19 10:20:17", "");
INSERT INTO niveis_acessos_paginas VALUES("1152", "5", "172", "2", "2", "40", "2024-11-19 10:20:17", "");
INSERT INTO niveis_acessos_paginas VALUES("1153", "5", "176", "2", "2", "41", "2024-11-19 10:20:17", "");
INSERT INTO niveis_acessos_paginas VALUES("1154", "5", "7", "1", "1", "42", "2024-11-19 10:20:18", "");
INSERT INTO niveis_acessos_paginas VALUES("1155", "5", "153", "1", "2", "43", "2024-11-19 10:20:18", "2024-11-19 10:22:49");
INSERT INTO niveis_acessos_paginas VALUES("1156", "5", "93", "1", "1", "44", "2024-11-19 10:20:18", "");
INSERT INTO niveis_acessos_paginas VALUES("1157", "5", "94", "1", "2", "45", "2024-11-19 10:20:18", "2024-11-19 10:23:00");
INSERT INTO niveis_acessos_paginas VALUES("1158", "5", "95", "1", "2", "46", "2024-11-19 10:20:18", "2024-11-19 10:23:02");
INSERT INTO niveis_acessos_paginas VALUES("1159", "5", "180", "1", "1", "47", "2024-11-19 10:20:18", "");
INSERT INTO niveis_acessos_paginas VALUES("1160", "5", "181", "1", "1", "48", "2024-11-19 10:20:18", "2024-11-19 10:35:34");
INSERT INTO niveis_acessos_paginas VALUES("1161", "5", "182", "1", "1", "49", "2024-11-19 10:20:18", "2024-11-19 10:35:35");
INSERT INTO niveis_acessos_paginas VALUES("1162", "5", "183", "1", "1", "50", "2024-11-19 10:20:18", "");
INSERT INTO niveis_acessos_paginas VALUES("1163", "5", "184", "1", "2", "51", "2024-11-19 10:20:18", "2024-11-19 10:23:51");
INSERT INTO niveis_acessos_paginas VALUES("1164", "5", "185", "1", "2", "52", "2024-11-19 10:20:18", "2024-11-19 10:23:48");
INSERT INTO niveis_acessos_paginas VALUES("1165", "5", "186", "1", "1", "53", "2024-11-19 10:20:18", "");
INSERT INTO niveis_acessos_paginas VALUES("1166", "5", "187", "1", "1", "54", "2024-11-19 10:20:18", "");
INSERT INTO niveis_acessos_paginas VALUES("1167", "5", "188", "1", "1", "55", "2024-11-19 10:20:18", "");
INSERT INTO niveis_acessos_paginas VALUES("1168", "5", "189", "1", "2", "56", "2024-11-19 10:20:18", "2024-11-19 10:23:45");
INSERT INTO niveis_acessos_paginas VALUES("1169", "5", "190", "1", "1", "57", "2024-11-19 10:20:18", "");
INSERT INTO niveis_acessos_paginas VALUES("1170", "5", "191", "1", "1", "58", "2024-11-19 10:20:18", "");
INSERT INTO niveis_acessos_paginas VALUES("1171", "5", "192", "1", "2", "59", "2024-11-19 10:20:18", "2024-11-19 10:23:40");
INSERT INTO niveis_acessos_paginas VALUES("1172", "5", "193", "1", "1", "60", "2024-11-19 10:20:18", "");
INSERT INTO niveis_acessos_paginas VALUES("1173", "5", "194", "1", "1", "61", "2024-11-19 10:20:18", "");
INSERT INTO niveis_acessos_paginas VALUES("1174", "5", "195", "1", "1", "62", "2024-11-19 10:20:18", "");
INSERT INTO niveis_acessos_paginas VALUES("1175", "5", "196", "1", "1", "63", "2024-11-19 10:20:18", "");
INSERT INTO niveis_acessos_paginas VALUES("1176", "5", "197", "1", "1", "64", "2024-11-19 10:20:18", "");
INSERT INTO niveis_acessos_paginas VALUES("1177", "5", "198", "1", "1", "65", "2024-11-19 10:20:18", "");
INSERT INTO niveis_acessos_paginas VALUES("1178", "1", "199", "1", "1", "275", "2024-12-02 07:18:31", "");
INSERT INTO niveis_acessos_paginas VALUES("1179", "3", "199", "2", "1", "275", "2024-12-02 07:18:31", "");
INSERT INTO niveis_acessos_paginas VALUES("1180", "5", "199", "2", "1", "66", "2024-12-02 07:18:31", "");
DROP TABLE IF EXISTS objeto_paginas;
CREATE TABLE `objeto_paginas` (
  `idobj` int NOT NULL AUTO_INCREMENT,
  `objeto` varchar(50) COLLATE utf8mb3_unicode_ci NOT NULL,
  PRIMARY KEY (`idobj`)
) ENGINE=InnoDB AUTO_INCREMENT=4 DEFAULT CHARSET=utf8mb3 COLLATE=utf8mb3_unicode_ci;
INSERT INTO objeto_paginas VALUES("1", "Tela");
INSERT INTO objeto_paginas VALUES("2", "Botão");
INSERT INTO objeto_paginas VALUES("3", "Submenu");
DROP TABLE IF EXISTS opcoes_menu;
CREATE TABLE `opcoes_menu` (
  `id` int NOT NULL AUTO_INCREMENT,
  `nome` mediumtext COLLATE utf8mb3_unicode_ci NOT NULL,
  PRIMARY KEY (`id`)
) ENGINE=InnoDB AUTO_INCREMENT=3 DEFAULT CHARSET=utf8mb3 COLLATE=utf8mb3_unicode_ci;
INSERT INTO opcoes_menu VALUES("1", "Ativo");
INSERT INTO opcoes_menu VALUES("2", "Inativo");
DROP TABLE IF EXISTS paginas;
CREATE TABLE `paginas` (
  `id_pg` int NOT NULL AUTO_INCREMENT,
  `icon` varchar(100) COLLATE utf8mb3_unicode_ci DEFAULT NULL,
  `endereco_pg` varchar(520) COLLATE utf8mb3_unicode_ci NOT NULL,
  `nome_pg` varchar(220) COLLATE utf8mb3_unicode_ci NOT NULL,
  `menu_lateral` int NOT NULL DEFAULT '2' COMMENT 'se o valor for 1: aparecer no menu lateral. Se o valor for 2: não aparecer',
  `objeto_id` int DEFAULT NULL,
  `modulo_id` int NOT NULL,
  `pagina_id` int DEFAULT NULL,
  `usuario_id` int DEFAULT NULL,
  `ordem_menu` int DEFAULT NULL,
  `criado_pg` datetime NOT NULL,
  `modificado_pg` datetime DEFAULT NULL,
  PRIMARY KEY (`id_pg`),
  KEY `modulo_id` (`modulo_id`),
  KEY `objeto_id` (`objeto_id`),
  KEY `usuario_id` (`usuario_id`)
) ENGINE=InnoDB AUTO_INCREMENT=200 DEFAULT CHARSET=utf8mb3 COLLATE=utf8mb3_unicode_ci;
INSERT INTO paginas VALUES("2", "", "pages/modulo/controle_de_acesso/cadastrar/cad_usuario", "Cadastrar Usuário", "2", "1", "1", "", "1", "0", "2020-09-16 00:00:00", "2023-05-12 02:30:21");
INSERT INTO paginas VALUES("3", "", "pages/modulo/controle_de_acesso/editar/edit_usuario", "Editar Usuário", "2", "1", "1", "", "1", "0", "2020-09-16 00:00:00", "2023-05-12 02:29:55");
INSERT INTO paginas VALUES("4", "", "pages/modulo/controle_de_acesso/cadastrar/processa/proc_cad_usuario", "proc_cad_usuario", "2", "2", "1", "", "1", "0", "2020-09-16 00:00:00", "2021-12-08 23:14:56");
INSERT INTO paginas VALUES("5", "", "pages/modulo/controle_de_acesso/editar/processa/proc_edit_usuario", "proc_edit_usuario", "2", "2", "1", "", "1", "0", "2020-09-16 00:00:00", "2021-05-21 10:29:43");
INSERT INTO paginas VALUES("7", "fa fa-home", "pages/modulo/home/home", "Página inicial", "1", "1", "2", "", "1", "0", "2020-09-16 00:00:00", "2024-11-19 10:17:44");
INSERT INTO paginas VALUES("8", "fa fa-lock", "pages/modulo/controle_de_acesso/controle_de_acesso", "Controle de Acesso", "1", "1", "1", "", "1", "1", "2020-09-17 00:00:00", "2024-11-19 10:17:44");
INSERT INTO paginas VALUES("9", "", "pages/modulo/controle_de_acesso/apagar/proc_del_usuario", "proc_del_usuario", "2", "2", "1", "", "1", "0", "2020-09-18 00:00:00", "2021-12-08 16:33:10");
INSERT INTO paginas VALUES("10", "", "pages/modulo/controle_de_acesso/cadastrar/cad_unidade", "Cadastrar Unidade", "2", "1", "1", "", "1", "0", "2020-09-21 00:00:00", "2021-05-21 10:30:29");
INSERT INTO paginas VALUES("11", "", "pages/modulo/controle_de_acesso/cadastrar/processa/proc_cad_unidade", "proc_cad_unidade", "2", "2", "1", "", "1", "0", "2020-09-23 00:00:00", "2021-05-21 10:30:40");
INSERT INTO paginas VALUES("12", "", "pages/modulo/controle_de_acesso/cadastrar/cad_grupo", "Cadastrar Grupo", "2", "1", "1", "", "1", "0", "2020-09-23 00:00:00", "2021-05-21 10:30:52");
INSERT INTO paginas VALUES("13", "", "pages/modulo/controle_de_acesso/cadastrar/processa/proc_cad_grupo", "proc_cad_grupo", "2", "2", "1", "", "1", "0", "2020-09-23 00:44:00", "2021-05-21 10:31:05");
INSERT INTO paginas VALUES("14", "", "pages/modulo/controle_de_acesso/cadastrar/cad_cargo", "Cadastrar Cargo", "2", "1", "1", "", "1", "0", "2020-09-23 00:00:00", "2021-05-21 10:31:17");
INSERT INTO paginas VALUES("15", "", "pages/modulo/controle_de_acesso/cadastrar/processa/proc_cad_cargo", "proc_cad_cargo", "2", "2", "1", "", "1", "0", "2020-09-23 00:00:00", "2021-05-21 10:31:33");
INSERT INTO paginas VALUES("16", "", "pages/modulo/controle_de_acesso/cadastrar/cad_permissao", "Cadastrar Perfil de Acesso", "2", "1", "1", "", "1", "0", "2020-09-23 00:00:00", "2021-05-21 10:46:00");
INSERT INTO paginas VALUES("17", "", "pages/modulo/controle_de_acesso/cadastrar/processa/proc_cad_permissao", "proc_cad_permissao", "2", "2", "1", "", "1", "0", "2020-09-24 00:00:00", "2021-05-21 10:46:11");
INSERT INTO paginas VALUES("18", "", "pages/modulo/controle_de_acesso/listar/list_permissao", "Permissões do Perfil de Acesso", "2", "1", "1", "", "1", "0", "2020-09-25 00:00:00", "2021-07-09 21:40:02");
INSERT INTO paginas VALUES("19", "", "pages/modulo/controle_de_acesso/editar/edit_cargo", "Editar Cargo", "2", "1", "1", "", "1", "0", "2020-09-27 00:00:00", "2021-05-21 10:46:34");
INSERT INTO paginas VALUES("20", "", "pages/modulo/controle_de_acesso/editar/processa/proc_edit_cargo", "proc_edit_cargo", "2", "2", "1", "", "1", "0", "2020-09-27 00:00:00", "2021-12-08 16:32:39");
INSERT INTO paginas VALUES("21", "", "pages/modulo/controle_de_acesso/editar/edit_grupo", "Editar Grupo", "2", "1", "1", "", "1", "0", "2020-10-01 00:00:00", "2021-05-21 10:46:56");
INSERT INTO paginas VALUES("22", "", "pages/modulo/controle_de_acesso/editar/processa/proc_edit_grupo", "proc_edit_grupo", "2", "2", "1", "", "1", "0", "2020-10-01 00:00:00", "2021-05-21 10:47:08");
INSERT INTO paginas VALUES("23", "", "pages/modulo/controle_de_acesso/editar/edit_unidade", "Editar unidade", "2", "1", "1", "", "1", "0", "2020-10-01 00:00:00", "2021-05-21 10:47:18");
INSERT INTO paginas VALUES("24", "", "pages/modulo/controle_de_acesso/editar/processa/proc_edit_unidade", "proc_edit_unidade", "2", "2", "1", "", "1", "0", "2020-10-01 00:00:00", "2021-05-21 10:47:28");
INSERT INTO paginas VALUES("25", "", "pages/modulo/controle_de_acesso/editar/edit_perfil", "Editar perfil", "2", "1", "1", "", "1", "0", "2020-10-02 00:00:00", "2021-05-21 10:47:39");
INSERT INTO paginas VALUES("26", "", "pages/modulo/controle_de_acesso/editar/processa/proc_edit_perfil", "proc_edit_perfil", "2", "2", "1", "", "1", "0", "2020-10-02 00:00:00", "2021-05-21 10:47:50");
INSERT INTO paginas VALUES("27", "fa fa-code", "pages/modulo/sistema/editar/edit_fluxo", "Editar operação", "2", "1", "12", "", "1", "0", "2020-10-02 00:00:00", "2023-05-12 02:31:33");
INSERT INTO paginas VALUES("28", "fa fa-code", "pages/modulo/sistema/editar/processa/proc_edit_fluxo", "Processa fluxo", "2", "2", "1", "", "1", "0", "2020-11-03 00:00:00", "2021-05-21 10:48:11");
INSERT INTO paginas VALUES("29", "", "pages/modulo/controle_de_acesso/editar/processa/proc_autoriza_desautoriza_permissao", "processa autoriza e desautoriza permissões ", "2", "2", "1", "", "1", "0", "2020-11-17 00:00:00", "2021-07-09 21:28:12");
INSERT INTO paginas VALUES("30", "", "pages/modulo/controle_de_acesso/editar/edit_senha_usuario", "Redefinir senha", "2", "1", "1", "", "1", "0", "2020-11-19 00:00:00", "2021-05-21 10:48:58");
INSERT INTO paginas VALUES("31", "", "pages/modulo/controle_de_acesso/editar/processa/proc_edit_senha_usuario", "processa edita senha do usuário", "2", "2", "1", "", "1", "0", "2020-11-19 00:00:00", "2021-07-09 21:28:57");
INSERT INTO paginas VALUES("32", "", "pages/modulo/controle_de_acesso/listar/list_hist_atualizacao", "Histórico de atualização", "2", "1", "1", "", "1", "0", "2020-11-19 00:00:00", "2021-07-09 21:40:40");
INSERT INTO paginas VALUES("33", "", "pages/modulo/controle_de_acesso/cadastrar/cad_departamento", "Cadastrar departamento", "2", "1", "1", "", "1", "0", "2020-11-21 00:00:00", "2021-05-21 10:53:15");
INSERT INTO paginas VALUES("34", "", "pages/modulo/controle_de_acesso/cadastrar/processa/proc_cad_departamento", "proc_cad_departamento", "2", "2", "1", "", "1", "0", "2020-11-21 00:00:00", "2021-05-21 10:53:37");
INSERT INTO paginas VALUES("35", "", "pages/modulo/controle_de_acesso/editar/edit_departamento", "Editar departamento", "2", "1", "1", "", "1", "0", "2020-11-21 00:00:00", "2021-05-21 10:54:02");
INSERT INTO paginas VALUES("36", "", "pages/modulo/controle_de_acesso/editar/processa/proc_edit_departamento", "proc_edit_departamento", "2", "2", "1", "", "1", "0", "2020-11-21 00:00:00", "2021-05-21 10:54:32");
INSERT INTO paginas VALUES("37", "", "pages/modulo/controle_de_acesso/apagar/proc_del_cargo", "Processa deletar cargo", "2", "2", "1", "", "1", "0", "2020-11-23 00:00:00", "2021-05-21 10:54:44");
INSERT INTO paginas VALUES("38", "", "pages/modulo/controle_de_acesso/apagar/proc_del_departamento", "Processa deleta departamento", "2", "2", "1", "", "1", "0", "2020-11-24 00:00:00", "2021-05-21 10:55:22");
INSERT INTO paginas VALUES("39", "", "pages/modulo/controle_de_acesso/apagar/proc_del_grupo", "processa deleta grupos", "2", "2", "1", "", "1", "0", "2020-11-24 00:00:00", "2021-05-21 10:55:52");
INSERT INTO paginas VALUES("40", "", "pages/modulo/controle_de_acesso/apagar/proc_del_unidade", "processa delete unidade", "2", "2", "1", "", "1", "0", "2020-11-24 00:00:00", "2021-05-21 10:56:04");
INSERT INTO paginas VALUES("41", "", "pages/modulo/controle_de_acesso/apagar/proc_del_perfil", "processa deleta perfil", "2", "2", "1", "", "1", "0", "2020-11-24 00:00:00", "2021-05-21 10:56:17");
INSERT INTO paginas VALUES("77", "", "pages/modulo/controle_de_acesso/listar/list_operacoes", "Operações do sistema", "2", "3", "1", "", "1", "0", "2021-02-11 00:00:00", "2023-05-12 02:31:03");
INSERT INTO paginas VALUES("93", "fa fa-user", "pages/modulo/meu_perfil/perfil", "Meu perfil", "1", "1", "6", "", "1", "22", "2021-03-25 00:00:00", "2024-11-19 10:17:44");
INSERT INTO paginas VALUES("94", "fa fa-user", "pages/modulo/meu_perfil/processa/proc_altera_senha", "btn_proc_altera_senha", "2", "2", "6", "", "1", "0", "2021-03-26 00:00:00", "2021-05-21 11:09:22");
INSERT INTO paginas VALUES("95", "fa fa-user", "pages/modulo/meu_perfil/processa/proc_altera_usuario", "btn_proc_altera_usuario", "2", "2", "6", "", "1", "0", "2021-03-26 00:00:00", "2021-05-21 11:09:33");
INSERT INTO paginas VALUES("99", "fa fa-database", "pages/modulo/importar/importar", "Importação", "1", "1", "8", "", "1", "24", "2021-05-03 00:00:00", "2024-11-19 10:17:44");
INSERT INTO paginas VALUES("100", "fa fa-database", "pages/modulo/importar/processa/proc_cad_cliente", "proc_cad_cliente", "2", "2", "8", "", "1", "0", "2021-05-03 00:00:00", "2021-05-21 10:58:06");
INSERT INTO paginas VALUES("109", "fa fa-code", "pages/modulo/sistema/sistema", "Sistema", "1", "1", "12", "", "1", "25", "2021-05-22 00:00:00", "2024-11-19 10:17:45");
INSERT INTO paginas VALUES("116", "fa fa-code", "pages/modulo/sistema/cadastrar/processa/proc_cad_modulo", "proc_cad_modulo", "2", "2", "12", "", "1", "0", "2021-05-22 00:00:00", "0000-00-00 00:00:00");
INSERT INTO paginas VALUES("117", "fa fa-code", "pages/modulo/sistema/editar/edit_modulo", "Editar modulo", "2", "1", "12", "", "1", "0", "2021-05-22 00:00:00", "0000-00-00 00:00:00");
INSERT INTO paginas VALUES("118", "fa fa-code", "pages/modulo/sistema/editar/processa/proc_edit_modulo", "proc_edit_modulo", "2", "2", "12", "", "1", "0", "2021-05-22 00:00:00", "0000-00-00 00:00:00");
INSERT INTO paginas VALUES("119", "fa fa-code", "pages/modulo/sistema/apagar/processa/proc_del_modulo", "proc_del_modulo", "2", "2", "12", "", "1", "0", "2021-05-22 00:00:00", "0000-00-00 00:00:00");
INSERT INTO paginas VALUES("120", "fa fa-code", "pages/modulo/sistema/apagar/processa/proc_del_fluxo", "proc_del_fluxo", "2", "2", "12", "", "1", "0", "2021-05-22 00:00:00", "0000-00-00 00:00:00");
INSERT INTO paginas VALUES("121", "fa fa-code", "pages/modulo/sistema/cadastrar/processa/proc_cad_fluxo", "proc_cad_fluxo", "2", "2", "12", "", "1", "0", "2021-05-22 00:00:00", "0000-00-00 00:00:00");
INSERT INTO paginas VALUES("129", "", "pages/modulo/controle_de_acesso/cadastrar/processa/proc_cad_nova_permissao", "btn_proc_cad_nova_permissao", "2", "2", "1", "", "1", "0", "2021-12-11 14:51:11", "0000-00-00 00:00:00");
INSERT INTO paginas VALUES("130", "", "pages/modulo/sistema/cadastrar/processa/proc_cad_personalizacao", "btn_proc_cad_personalizacao", "2", "2", "12", "", "1", "0", "2021-12-11 21:49:34", "0000-00-00 00:00:00");
INSERT INTO paginas VALUES("131", "", "pages/modulo/sistema/cadastrar/processa/proc_cad_contrato", "btn_proc_cad_contrato", "2", "2", "12", "", "1", "0", "2021-12-13 23:00:13", "0000-00-00 00:00:00");
INSERT INTO paginas VALUES("132", "", "pages/modulo/sistema/cadastrar/processa/proc_cad_plano", "btn_proc_cad_plano", "2", "2", "12", "", "1", "0", "2021-12-14 23:05:56", "0000-00-00 00:00:00");
INSERT INTO paginas VALUES("133", "", "pages/modulo/sistema/cadastrar/processa/proc_cad_preco", "btn_proc_cad_preco", "2", "2", "12", "", "1", "0", "2021-12-14 23:35:41", "0000-00-00 00:00:00");
INSERT INTO paginas VALUES("134", "", "pages/modulo/sistema/cadastrar/cad_contrato", "Cadastrar contrato", "2", "1", "12", "", "1", "0", "2021-12-16 09:57:37", "2021-12-16 09:58:17");
INSERT INTO paginas VALUES("135", "", "pages/modulo/sistema/editar/edit_contrato", "Editar contrato", "2", "1", "12", "", "1", "0", "2021-12-17 21:43:15", "2021-12-17 21:45:20");
INSERT INTO paginas VALUES("136", "", "pages/modulo/sistema/editar/processa/proc_edit_contrato", "btn_proc_edit_contrato", "2", "2", "12", "", "1", "0", "2021-12-19 14:09:52", "2021-12-19 14:12:16");
INSERT INTO paginas VALUES("137", "", "pages/modulo/sistema/editar/processa/proc_edit_anexo", "btn_proc_edit_anexo", "2", "2", "12", "", "1", "0", "2021-12-19 19:03:33", "0000-00-00 00:00:00");
INSERT INTO paginas VALUES("138", "", "pages/modulo/sistema/cadastrar/processa/proc_cad_changelog", "btn_proc_cad_changelog", "2", "2", "12", "", "1", "0", "2021-12-20 19:25:25", "0000-00-00 00:00:00");
INSERT INTO paginas VALUES("139", "", "pages/modulo/sistema/cadastrar/processa/proc_cad_versao", "btn_proc_cad_versao", "2", "2", "12", "", "1", "0", "2021-12-20 20:38:11", "2021-12-20 20:38:30");
INSERT INTO paginas VALUES("140", "", "pages/modulo/importar/processa/proc_import_usuario", "btn_proc_import_usuario", "2", "2", "8", "", "1", "0", "2021-12-31 16:14:36", "0000-00-00 00:00:00");
INSERT INTO paginas VALUES("153", "", "pages/modulo/logout/sair", "sair", "2", "2", "2", "", "1", "1", "2023-06-12 11:35:48", "2024-10-24 08:27:06");
INSERT INTO paginas VALUES("154", "fa fa-envelope", "pages/modulo/e-mail/e-mail", "E-mail", "1", "1", "16", "", "1", "23", "2023-10-29 10:59:14", "2024-11-19 10:17:44");
INSERT INTO paginas VALUES("155", "", "pages/modulo/e-mail/cadastrar/processa/proc_cad_servidor", "proc_cad_servidor", "2", "2", "16", "", "1", "1", "2023-10-29 11:29:07", "0000-00-00 00:00:00");
INSERT INTO paginas VALUES("156", "", "pages/modulo/e-mail/cadastrar/processa/proc_cad_modelo", "proc_cad_modelo", "2", "2", "16", "", "1", "1", "2023-11-04 11:24:49", "0000-00-00 00:00:00");
INSERT INTO paginas VALUES("157", "", "pages/modulo/e-mail/editar/processa/proc_edit_modelo", "proc_edit_modelo", "2", "2", "16", "", "1", "1", "2023-11-05 14:35:38", "0000-00-00 00:00:00");
INSERT INTO paginas VALUES("158", "", "pages/modulo/e-mail/apagar/proc_del_modelo", "proc_del_modelo", "2", "2", "16", "", "1", "1", "2023-11-05 14:51:23", "0000-00-00 00:00:00");
INSERT INTO paginas VALUES("159", "", "pages/modulo/sistema/sistema/cadastrar/processa/proc_exe_bkp_bd", "proc_exe_bkp_bd", "2", "2", "12", "", "1", "1", "2023-11-06 10:15:51", "0000-00-00 00:00:00");
INSERT INTO paginas VALUES("160", "", "pages/modulo/sistema/editar/processa/proc_edit_api", "proc_edit_api", "2", "2", "12", "", "1", "1", "2023-11-07 13:33:16", "0000-00-00 00:00:00");
INSERT INTO paginas VALUES("161", "", "pages/modulo/sistema/editar/edit_api", "Editar API", "2", "1", "12", "", "1", "1", "2023-11-07 13:41:35", "0000-00-00 00:00:00");
INSERT INTO paginas VALUES("162", "", "pages/modulo/sistema/apagar/processa/proc_del_api", "proc_del_api", "2", "2", "12", "", "1", "1", "2023-11-07 13:49:34", "0000-00-00 00:00:00");
INSERT INTO paginas VALUES("163", "", "pages/modulo/sistema/editar/edit_doc", "Editar documentação", "2", "1", "12", "", "1", "1", "2023-11-07 16:42:30", "0000-00-00 00:00:00");
INSERT INTO paginas VALUES("164", "", "pages/modulo/sistema/editar/processa/proc_edit_doc", "proc_edit_doc", "2", "2", "12", "", "1", "1", "2023-11-07 16:47:57", "0000-00-00 00:00:00");
INSERT INTO paginas VALUES("165", "", "pages/modulo/sistema/apagar/processa/proc_del_doc", "proc_del_doc", "2", "2", "12", "", "1", "1", "2023-11-07 20:38:27", "0000-00-00 00:00:00");
INSERT INTO paginas VALUES("166", "fa fa-folder-open", "pages/modulo/base-de-conhecimento/base", "Base de conhecimento", "1", "1", "17", "", "1", "20", "2023-11-16 14:09:54", "2024-11-19 10:17:44");
INSERT INTO paginas VALUES("167", "", "pages/modulo/base-de-conhecimento/cadastrar/cad_artigo", "Cadastrar artigo", "2", "1", "17", "", "1", "1", "2023-11-16 15:09:02", "0000-00-00 00:00:00");
INSERT INTO paginas VALUES("168", "", "pages/modulo/base-de-conhecimento/editar/edit_artigo", "Editar artigo", "2", "2", "17", "", "1", "1", "2023-11-16 19:23:50", "0000-00-00 00:00:00");
INSERT INTO paginas VALUES("169", "", "pages/modulo/base-de-conhecimento/editar/processa/proc_edit_artigo", "proc_edit_artigo", "2", "2", "17", "", "1", "1", "2023-11-16 19:36:26", "0000-00-00 00:00:00");
INSERT INTO paginas VALUES("170", "", "pages/modulo/base-de-conhecimento/apagar/processa/proc_del_artigo", "proc_del_artigo", "2", "2", "17", "", "1", "1", "2023-11-16 19:59:44", "0000-00-00 00:00:00");
INSERT INTO paginas VALUES("171", "fa fa-user-plus", "pages/modulo/clientes-sistema/cadastros", "Clientes do sistema", "1", "1", "18", "", "1", "2", "2024-01-13 12:52:16", "2024-11-19 10:17:44");
INSERT INTO paginas VALUES("172", "", "pages/modulo/controle_de_acesso/apagar/proc_del_mod_permissao", "proc_del_mod_permissao", "2", "2", "1", "", "1", "1", "2024-01-24 11:19:05", "0000-00-00 00:00:00");
INSERT INTO paginas VALUES("173", "fa fa-newspaper-o", "pages/modulo/informativos/informativos", "Informativos", "1", "1", "19", "", "1", "21", "2024-01-24 17:48:25", "2024-11-19 10:17:44");
INSERT INTO paginas VALUES("174", "", "pages/modulo/informativos/painel/painel_informativo", "Painel informativo", "2", "2", "19", "", "1", "1", "2024-01-24 19:13:27", "2024-01-24 19:25:08");
INSERT INTO paginas VALUES("175", "fa fa-credit-card", "pages/modulo/pagamento/checkout", "Pagamento", "1", "1", "20", "", "1", "18", "2024-02-09 19:25:34", "2024-11-19 10:17:44");
INSERT INTO paginas VALUES("176", "", "pages/modulo/controle_de_acesso/editar/processa/proc_edit_contrato", "proc_edit_contrato", "2", "2", "1", "", "1", "1", "2024-02-11 22:13:15", "0000-00-00 00:00:00");
INSERT INTO paginas VALUES("177", "", "pages/modulo/informativos/editar/edit_informativo", "Editar informativo", "2", "1", "19", "", "1", "1", "2024-03-12 18:50:36", "0000-00-00 00:00:00");
INSERT INTO paginas VALUES("178", "fa fa-money", "pages/modulo/pagamento/pay", "Realizar pagamento", "2", "1", "20", "", "1", "1", "2024-03-27 09:01:06", "0000-00-00 00:00:00");
INSERT INTO paginas VALUES("179", "fa fa-file-text", "pages/modulo/quiz/quiz", "Quiz", "1", "1", "21", "", "1", "19", "2024-07-23 17:28:41", "2024-11-19 10:17:44");
INSERT INTO paginas VALUES("180", "fa fa-sitemap", "pages/modulo/administracao-do-site/site", "Gerenciar site", "1", "3", "22", "", "1", "3", "2024-10-08 07:49:48", "2024-11-19 10:17:44");
INSERT INTO paginas VALUES("181", "fa fa-picture-o", "pages/modulo/administracao-do-site/banner", "Banner", "1", "1", "22", "180", "1", "4", "2024-10-08 08:14:31", "2024-11-19 10:17:44");
INSERT INTO paginas VALUES("182", "fa fa-file-powerpoint-o", "pages/modulo/administracao-do-site/publicacao", "Publicações", "1", "1", "22", "180", "1", "6", "2024-10-09 08:34:48", "2024-11-19 10:17:44");
INSERT INTO paginas VALUES("183", "", "pages/modulo/administracao-do-site/sobre", "Sobre", "1", "1", "22", "180", "1", "7", "2024-10-10 10:24:05", "2024-11-19 10:17:44");
INSERT INTO paginas VALUES("184", "", "pages/modulo/administracao-do-site/visualizar/publicacao", "Visualizar publucação", "2", "1", "22", "0", "1", "1", "2024-10-16 08:55:52", "");
INSERT INTO paginas VALUES("185", "", "pages/modulo/administracao-do-site/editar/edit_publicacao", "Editar publicação", "2", "1", "22", "0", "1", "1", "2024-10-16 09:53:15", "");
INSERT INTO paginas VALUES("186", "", "pages/modulo/administracao-do-site/redes-socias", "Redes socias", "1", "1", "22", "180", "1", "11", "2024-10-23 07:24:46", "2024-11-19 10:17:44");
INSERT INTO paginas VALUES("187", "", "pages/modulo/administracao-do-site/endereco", "Endereço", "1", "1", "22", "180", "1", "14", "2024-10-23 09:19:43", "2024-11-19 10:17:44");
INSERT INTO paginas VALUES("188", "", "pages/modulo/administracao-do-site/ceo", "Comandantes", "1", "1", "22", "180", "1", "8", "2024-10-24 09:02:18", "2024-11-19 10:17:44");
INSERT INTO paginas VALUES("189", "", "pages/modulo/administracao-do-site/editar/edit_ceo", "Editar dados", "2", "1", "22", "0", "1", "1", "2024-10-24 11:06:35", "");
INSERT INTO paginas VALUES("190", "", "pages/modulo/administracao-do-site/parceiros", "Parceiros", "1", "1", "22", "180", "1", "16", "2024-10-25 07:25:29", "2024-11-19 10:17:44");
INSERT INTO paginas VALUES("191", "", "pages/modulo/administracao-do-site/depoimentos", "Depoimentos", "1", "1", "22", "180", "1", "10", "2024-10-25 09:22:21", "2024-11-19 10:17:44");
INSERT INTO paginas VALUES("192", "", "pages/modulo/administracao-do-site/editar/edit_depoimento", "Alterar dados depoimento", "2", "1", "22", "180", "1", "1", "2024-11-01 10:52:32", "2024-11-07 10:00:31");
INSERT INTO paginas VALUES("193", "", "pages/modulo/administracao-do-site/logo", "Logos", "1", "1", "22", "180", "1", "12", "2024-11-11 07:31:30", "2024-11-19 10:17:44");
INSERT INTO paginas VALUES("194", "", "pages/modulo/administracao-do-site/video", "Videos", "1", "1", "22", "180", "1", "13", "2024-11-11 11:29:22", "2024-11-19 10:17:44");
INSERT INTO paginas VALUES("195", "", "pages/modulo/administracao-do-site/galeria", "Galeria", "1", "1", "22", "180", "1", "5", "2024-11-12 07:56:10", "2024-11-19 10:17:44");
INSERT INTO paginas VALUES("196", "", "pages/modulo/administracao-do-site/links", "Links úteis", "1", "1", "22", "180", "1", "17", "2024-11-19 08:01:39", "2024-11-19 10:17:44");
INSERT INTO paginas VALUES("197", "", "pages/modulo/administracao-do-site/fale-conosco", "Fale conosco", "1", "1", "22", "180", "1", "15", "2024-11-19 09:01:59", "2024-11-19 10:17:44");
INSERT INTO paginas VALUES("198", "", "pages/modulo/administracao-do-site/missao-visao-valores", "Missão, visão e valores", "1", "1", "22", "180", "1", "9", "2024-11-19 09:34:02", "2024-11-19 10:17:44");
INSERT INTO paginas VALUES("199", "", "pages/modulo/administracao-do-site/organograma", "Organograma", "1", "1", "22", "180", "1", "5", "2024-12-02 07:18:31", "");
DROP TABLE IF EXISTS personalizacao_sistema;
CREATE TABLE `personalizacao_sistema` (
  `id` int NOT NULL AUTO_INCREMENT,
  `nome_sistema` varchar(200) COLLATE utf8mb3_unicode_ci NOT NULL,
  `site_sistema` varchar(200) COLLATE utf8mb3_unicode_ci NOT NULL,
  `nome_empresa` varchar(255) COLLATE utf8mb3_unicode_ci NOT NULL,
  `versao_atual_sistema` int NOT NULL,
  `logo_sistema` varchar(255) COLLATE utf8mb3_unicode_ci NOT NULL,
  `usuario_id` int DEFAULT NULL,
  `criado` datetime NOT NULL,
  `modificado` datetime DEFAULT NULL,
  PRIMARY KEY (`id`),
  KEY `usuario_id` (`usuario_id`)
) ENGINE=InnoDB AUTO_INCREMENT=2 DEFAULT CHARSET=utf8mb3 COLLATE=utf8mb3_unicode_ci;
INSERT INTO personalizacao_sistema VALUES("1", "PMAC", "https://pm.ac.gov.br", "Company Codes", "1", "168634705764839d3143a76.png", "1", "2021-12-12 19:53:34", "2024-12-05 09:44:59");
DROP TABLE IF EXISTS planos;
CREATE TABLE `planos` (
  `idplano` int NOT NULL AUTO_INCREMENT,
  `nome_plano` varchar(200) COLLATE utf8mb3_unicode_ci NOT NULL,
  `usuario_id` int NOT NULL,
  `created_plano` datetime NOT NULL,
  `modifield_plano` datetime DEFAULT NULL,
  PRIMARY KEY (`idplano`),
  KEY `usuario_id` (`usuario_id`)
) ENGINE=InnoDB AUTO_INCREMENT=3 DEFAULT CHARSET=utf8mb3 COLLATE=utf8mb3_unicode_ci;
INSERT INTO planos VALUES("1", "Anual", "1", "2021-12-17 13:05:49", "0000-00-00 00:00:00");
INSERT INTO planos VALUES("2", "Mensal", "1", "2021-12-17 13:06:07", "0000-00-00 00:00:00");
DROP TABLE IF EXISTS planos_modelos;
CREATE TABLE `planos_modelos` (
  `idmodeloplano` int NOT NULL AUTO_INCREMENT,
  `nome_mod_plano` varchar(200) COLLATE utf8mb3_unicode_ci NOT NULL,
  `valor_plano` double NOT NULL,
  `planos_usuarios_qtd_id` int NOT NULL,
  `plano_id` int NOT NULL,
  `usuario_id` int NOT NULL,
  `created_modelo_plano` datetime NOT NULL,
  `modifield_modelo_plano` datetime DEFAULT NULL,
  PRIMARY KEY (`idmodeloplano`),
  KEY `plano_id` (`plano_id`),
  KEY `usuario_id` (`usuario_id`)
) ENGINE=InnoDB AUTO_INCREMENT=3 DEFAULT CHARSET=utf8mb3 COLLATE=utf8mb3_unicode_ci;
INSERT INTO planos_modelos VALUES("1", "Basico", "100", "1", "2", "1", "2021-12-15 00:01:09", "0000-00-00 00:00:00");
INSERT INTO planos_modelos VALUES("2", "Intermediário", "250", "3", "2", "1", "2021-12-15 00:01:57", "0000-00-00 00:00:00");
DROP TABLE IF EXISTS planos_usuarios_qtd;
CREATE TABLE `planos_usuarios_qtd` (
  `id` int NOT NULL AUTO_INCREMENT,
  `qtd` int NOT NULL,
  `descricao` text COLLATE utf8mb4_general_ci NOT NULL,
  `created_on` datetime NOT NULL,
  PRIMARY KEY (`id`)
) ENGINE=InnoDB AUTO_INCREMENT=4 DEFAULT CHARSET=utf8mb4 COLLATE=utf8mb4_general_ci;
INSERT INTO planos_usuarios_qtd VALUES("1", "1", "1 acesso por contrato", "2024-04-01 23:20:38");
INSERT INTO planos_usuarios_qtd VALUES("2", "2", "2 acessos por contrato", "2024-04-01 23:20:38");
INSERT INTO planos_usuarios_qtd VALUES("3", "3", "3 acessos por contrato", "2024-04-01 23:20:38");
DROP TABLE IF EXISTS quadro_notificacoes;
CREATE TABLE `quadro_notificacoes` (
  `id` int NOT NULL AUTO_INCREMENT,
  `usuario_id` int NOT NULL,
  `quadro_notificacoes_tipo_id` int NOT NULL,
  `quadro_notificacoes_status_id` int NOT NULL,
  `created_on` datetime NOT NULL,
  `modifield_at` datetime DEFAULT NULL,
  PRIMARY KEY (`id`)
) ENGINE=InnoDB DEFAULT CHARSET=utf8mb4 COLLATE=utf8mb4_general_ci;
DROP TABLE IF EXISTS quadro_notificacoes_status;
CREATE TABLE `quadro_notificacoes_status` (
  `id` int NOT NULL AUTO_INCREMENT,
  `status` varchar(100) COLLATE utf8mb4_general_ci NOT NULL,
  PRIMARY KEY (`id`)
) ENGINE=InnoDB AUTO_INCREMENT=3 DEFAULT CHARSET=utf8mb4 COLLATE=utf8mb4_general_ci;
INSERT INTO quadro_notificacoes_status VALUES("1", "Respondido");
INSERT INTO quadro_notificacoes_status VALUES("2", "Em aberto");
DROP TABLE IF EXISTS quadro_notificacoes_tipo;
CREATE TABLE `quadro_notificacoes_tipo` (
  `id` int NOT NULL AUTO_INCREMENT,
  `tipo` varchar(100) COLLATE utf8mb4_general_ci NOT NULL,
  `icone` varchar(20) COLLATE utf8mb4_general_ci NOT NULL,
  `motivo` varchar(220) COLLATE utf8mb4_general_ci NOT NULL,
  PRIMARY KEY (`id`)
) ENGINE=InnoDB AUTO_INCREMENT=2 DEFAULT CHARSET=utf8mb4 COLLATE=utf8mb4_general_ci;
INSERT INTO quadro_notificacoes_tipo VALUES("1", "E-mail", "fa fa-envelope", "Atualizar e-mail");
DROP TABLE IF EXISTS quiz_config;
CREATE TABLE `quiz_config` (
  `id` int NOT NULL AUTO_INCREMENT,
  `titulo` text COLLATE utf8mb4_general_ci NOT NULL,
  `subtitulo` text COLLATE utf8mb4_general_ci,
  `descricao` text COLLATE utf8mb4_general_ci,
  `totalPerguntas` int NOT NULL,
  `habilitarRoleta` enum('Ativo','Inativo') COLLATE utf8mb4_general_ci NOT NULL,
  `logo` text COLLATE utf8mb4_general_ci,
  `usuario_id` int NOT NULL,
  `created` datetime NOT NULL,
  `modified` datetime DEFAULT NULL,
  PRIMARY KEY (`id`)
) ENGINE=InnoDB AUTO_INCREMENT=2 DEFAULT CHARSET=utf8mb4 COLLATE=utf8mb4_general_ci;
INSERT INTO quiz_config VALUES("1", "Quiz do dia", "Preencha o formulário", "Concorra a prêmios e divirta-se com o nosso questionário", "2", "Ativo", "/dist/img/1724800660.png", "1", "2024-08-06 12:33:50", "2024-08-27 18:17:40");
DROP TABLE IF EXISTS quiz_pergunta_respostas;
CREATE TABLE `quiz_pergunta_respostas` (
  `id` int NOT NULL AUTO_INCREMENT,
  `quiz_pergunta_id` int NOT NULL,
  `resposta` text COLLATE utf8mb4_general_ci NOT NULL,
  `situacao` enum('Correta','Incorreta') COLLATE utf8mb4_general_ci NOT NULL,
  `usuario_id` int NOT NULL,
  `created` datetime NOT NULL,
  `modified` datetime DEFAULT NULL,
  PRIMARY KEY (`id`),
  KEY `quiz_pergunta_id` (`quiz_pergunta_id`),
  KEY `usuario_id` (`usuario_id`),
  CONSTRAINT `quiz_pergunta_respostas_ibfk_1` FOREIGN KEY (`quiz_pergunta_id`) REFERENCES `quiz_perguntas` (`id`),
  CONSTRAINT `quiz_pergunta_respostas_ibfk_2` FOREIGN KEY (`usuario_id`) REFERENCES `usuarios` (`id_user`)
) ENGINE=InnoDB AUTO_INCREMENT=41 DEFAULT CHARSET=utf8mb4 COLLATE=utf8mb4_general_ci;
INSERT INTO quiz_pergunta_respostas VALUES("6", "2", "Pneus um pouco murchos gastam menos combustível.", "Incorreta", "1", "2024-08-15 09:32:23", "0000-00-00 00:00:00");
INSERT INTO quiz_pergunta_respostas VALUES("7", "2", "Pneus com calibragem abaixo da recomendação do fabricante duram mais.", "Incorreta", "1", "2024-08-15 09:32:23", "0000-00-00 00:00:00");
INSERT INTO quiz_pergunta_respostas VALUES("8", "2", "Quando o veículo está sem carga, deve-se usar pneus com calibragem acima da recomendação do fabricante.", "Incorreta", "1", "2024-08-15 09:32:23", "0000-00-00 00:00:00");
INSERT INTO quiz_pergunta_respostas VALUES("9", "2", "Os pneus devem ser substituídos quando seus sulcos estiverem com mais de 1,6 centímetros de profundidade.", "Incorreta", "1", "2024-08-15 09:32:23", "0000-00-00 00:00:00");
INSERT INTO quiz_pergunta_respostas VALUES("10", "2", "Os pneus devem ser substituídos quando seus sulcos estiverem com menos de 1,6 milímetros de profundidade.", "Correta", "1", "2024-08-15 09:32:23", "0000-00-00 00:00:00");
INSERT INTO quiz_pergunta_respostas VALUES("11", "3", "de 30km/h em qualquer via", "Incorreta", "1", "2024-08-15 09:34:37", "2024-08-19 08:30:49");
INSERT INTO quiz_pergunta_respostas VALUES("12", "3", "aquela que for adequada às condições da via", "Incorreta", "1", "2024-08-15 09:34:37", "0000-00-00 00:00:00");
INSERT INTO quiz_pergunta_respostas VALUES("13", "3", "máxima permitida para as vias onde está circulando", "Correta", "1", "2024-08-15 09:34:37", "2024-08-19 08:30:38");
INSERT INTO quiz_pergunta_respostas VALUES("14", "3", "máxima de 80km/h, de acordo com a Legislação de Trânsito", "Incorreta", "1", "2024-08-15 09:34:37", "0000-00-00 00:00:00");
INSERT INTO quiz_pergunta_respostas VALUES("15", "3", "metade da velocidade máxima", "Incorreta", "1", "2024-08-15 09:34:37", "2024-08-19 08:30:57");
INSERT INTO quiz_pergunta_respostas VALUES("16", "4", "parar em qualquer lugar, ligando as luzes de emergência", "Incorreta", "1", "2024-08-15 09:37:10", "0000-00-00 00:00:00");
INSERT INTO quiz_pergunta_respostas VALUES("17", "4", "prosseguir a viagem com velocidade reduzida, acionando os faróis altos", "Incorreta", "1", "2024-08-15 09:37:10", "0000-00-00 00:00:00");
INSERT INTO quiz_pergunta_respostas VALUES("18", "4", "manter a mesma velocidade, pois algum veículo pode bater na traseira do seu veículo", "Incorreta", "1", "2024-08-15 09:37:10", "0000-00-00 00:00:00");
INSERT INTO quiz_pergunta_respostas VALUES("19", "4", "parar o veículo em local seguro e esperar que o tempo melhore", "Incorreta", "1", "2024-08-15 09:37:10", "0000-00-00 00:00:00");
INSERT INTO quiz_pergunta_respostas VALUES("20", "4", "prosseguir a viagem com velocidade reduzida, acionando as luzes de emergência", "Correta", "1", "2024-08-15 09:37:10", "0000-00-00 00:00:00");
INSERT INTO quiz_pergunta_respostas VALUES("21", "5", "de um comportamento seguro do motorista", "Correta", "1", "2024-08-15 09:40:00", "0000-00-00 00:00:00");
INSERT INTO quiz_pergunta_respostas VALUES("22", "5", "da marca do veículo", "Incorreta", "1", "2024-08-15 09:40:00", "0000-00-00 00:00:00");
INSERT INTO quiz_pergunta_respostas VALUES("23", "5", "do trânsito", "Incorreta", "1", "2024-08-15 09:40:00", "0000-00-00 00:00:00");
INSERT INTO quiz_pergunta_respostas VALUES("24", "5", "do licenciamento do veículo", "Incorreta", "1", "2024-08-15 09:40:00", "0000-00-00 00:00:00");
INSERT INTO quiz_pergunta_respostas VALUES("25", "5", "da categoria da CNH", "Incorreta", "1", "2024-08-15 09:40:00", "0000-00-00 00:00:00");
INSERT INTO quiz_pergunta_respostas VALUES("26", "6", "do comportamento adequado de condutores e pedestres", "Incorreta", "1", "2024-08-15 09:42:07", "0000-00-00 00:00:00");
INSERT INTO quiz_pergunta_respostas VALUES("27", "6", " apenas da manutenção das vias", "Incorreta", "1", "2024-08-15 09:42:07", "0000-00-00 00:00:00");
INSERT INTO quiz_pergunta_respostas VALUES("28", "6", "apenas da atenção dos condutores", "Correta", "1", "2024-08-15 09:42:07", "0000-00-00 00:00:00");
INSERT INTO quiz_pergunta_respostas VALUES("29", "6", "apenas da sinalização da via", "Incorreta", "1", "2024-08-15 09:42:07", "0000-00-00 00:00:00");
INSERT INTO quiz_pergunta_respostas VALUES("30", "6", "apenas da manutenção dos veículos", "Incorreta", "1", "2024-08-15 09:42:07", "0000-00-00 00:00:00");
INSERT INTO quiz_pergunta_respostas VALUES("31", "7", "deslocamento do veículo para o lado interno da curva.", "Correta", "1", "2024-08-15 09:45:53", "0000-00-00 00:00:00");
INSERT INTO quiz_pergunta_respostas VALUES("32", "7", "perda de aderência momentânea dos pneus ao passar sobre superfícies rugosas.", "Incorreta", "1", "2024-08-15 09:45:53", "0000-00-00 00:00:00");
INSERT INTO quiz_pergunta_respostas VALUES("33", "7", "falta de estabilidade provocada por pneus com calibragem acima da recomendação do fabricante.", "Incorreta", "1", "2024-08-15 09:45:53", "0000-00-00 00:00:00");
INSERT INTO quiz_pergunta_respostas VALUES("34", "7", "deslocamento do veículo para o lado externo da curva.", "Incorreta", "1", "2024-08-15 09:45:53", "0000-00-00 00:00:00");
INSERT INTO quiz_pergunta_respostas VALUES("35", "7", "deslocamento lateral provocado pela passagem de veículos de grande porte em alta velocidade no sentido de tráfego contrário.", "Incorreta", "1", "2024-08-15 09:45:53", "0000-00-00 00:00:00");
INSERT INTO quiz_pergunta_respostas VALUES("36", "8", "suspeita de fratura do crânio.", "Incorreta", "1", "2024-08-15 09:47:55", "0000-00-00 00:00:00");
INSERT INTO quiz_pergunta_respostas VALUES("37", "8", "com sono.", "Correta", "1", "2024-08-15 09:47:55", "2024-08-19 08:21:20");
INSERT INTO quiz_pergunta_respostas VALUES("38", "8", "sob tensão emocional.", "Incorreta", "1", "2024-08-15 09:47:55", "2024-08-19 08:30:14");
INSERT INTO quiz_pergunta_respostas VALUES("39", "8", "irritado.", "Incorreta", "1", "2024-08-15 09:47:55", "0000-00-00 00:00:00");
INSERT INTO quiz_pergunta_respostas VALUES("40", "8", "com fome.", "Incorreta", "1", "2024-08-15 09:47:55", "0000-00-00 00:00:00");
DROP TABLE IF EXISTS quiz_perguntas;
CREATE TABLE `quiz_perguntas` (
  `id` int NOT NULL AUTO_INCREMENT,
  `pergunta` text COLLATE utf8mb4_general_ci NOT NULL,
  `status` enum('Publicado','Rascunho') COLLATE utf8mb4_general_ci NOT NULL,
  `usuario_id` int NOT NULL,
  `created` datetime NOT NULL,
  `modified` datetime DEFAULT NULL,
  PRIMARY KEY (`id`)
) ENGINE=InnoDB AUTO_INCREMENT=9 DEFAULT CHARSET=utf8mb4 COLLATE=utf8mb4_general_ci;
INSERT INTO quiz_perguntas VALUES("2", "A manutenção preventiva faz parte da direção segura. Sendo assim em relação aos pneus, o condutor deve saber que:", "Publicado", "1", "2024-07-23 19:04:49", "2024-08-15 09:29:28");
INSERT INTO quiz_perguntas VALUES("3", "Qual a velocidade adequada para um trânsito seguro?", "Publicado", "1", "2024-08-15 09:32:41", "0000-00-00 00:00:00");
INSERT INTO quiz_perguntas VALUES("4", "O condutor que estiver dirigindo em uma rodovia que apresentar neblina muito forte deve:", "Publicado", "1", "2024-08-15 09:35:19", "0000-00-00 00:00:00");
INSERT INTO quiz_perguntas VALUES("5", "Do que depende a segurança na direção de um veículo?", "Publicado", "1", "2024-08-15 09:37:32", "0000-00-00 00:00:00");
INSERT INTO quiz_perguntas VALUES("6", "A redução de situações de perigo no trânsito depende:", "Publicado", "1", "2024-08-15 09:40:38", "0000-00-00 00:00:00");
INSERT INTO quiz_perguntas VALUES("7", "Em uma curva o condutor pode perder o controle de seu veículo por efeito da força centrífuga. É efeito da força centrífuga:", "Publicado", "1", "2024-08-15 09:42:23", "0000-00-00 00:00:00");
INSERT INTO quiz_perguntas VALUES("8", "Quando o condutor sente as pálpebras pesadas ou dificuldade para se concentrar, pode estar:", "Publicado", "1", "2024-08-15 09:46:10", "0000-00-00 00:00:00");
DROP TABLE IF EXISTS quiz_premios;
CREATE TABLE `quiz_premios` (
  `id` int NOT NULL AUTO_INCREMENT,
  `premio` text COLLATE utf8mb4_general_ci NOT NULL,
  `qtd` int NOT NULL,
  `status` enum('Ativo','Inativo') COLLATE utf8mb4_general_ci NOT NULL,
  `usuario_id` int NOT NULL,
  `created` datetime NOT NULL,
  `modified` datetime DEFAULT NULL,
  PRIMARY KEY (`id`)
) ENGINE=InnoDB AUTO_INCREMENT=11 DEFAULT CHARSET=utf8mb4 COLLATE=utf8mb4_general_ci;
INSERT INTO quiz_premios VALUES("2", "Chapéu", "29", "Ativo", "1", "2024-08-06 10:37:37", "2024-08-28 17:03:34");
INSERT INTO quiz_premios VALUES("3", "Caneta", "13", "Ativo", "1", "2024-08-06 10:37:50", "2024-08-28 17:02:40");
INSERT INTO quiz_premios VALUES("4", "Blusa", "49", "Ativo", "1", "2024-08-06 10:38:07", "2024-08-28 17:03:52");
INSERT INTO quiz_premios VALUES("5", "Celular", "1", "Ativo", "1", "2024-08-24 13:58:48", "2024-08-28 17:03:45");
INSERT INTO quiz_premios VALUES("6", "Fone de ouvido", "24", "Ativo", "1", "2024-08-24 13:59:02", "2024-08-28 17:03:08");
INSERT INTO quiz_premios VALUES("7", "Copo termico", "10", "Ativo", "1", "2024-08-24 13:59:26", "2024-08-28 17:02:09");
INSERT INTO quiz_premios VALUES("8", "Mochila", "5", "Ativo", "1", "2024-08-24 13:59:45", "2024-08-28 17:03:00");
INSERT INTO quiz_premios VALUES("9", "Chaveiro", "8", "Ativo", "1", "2024-08-24 14:00:07", "2024-08-28 17:03:26");
INSERT INTO quiz_premios VALUES("10", "Desconto na mensalidade", "3", "Ativo", "1", "2024-08-24 14:00:40", "2024-08-28 17:03:18");
DROP TABLE IF EXISTS quiz_usuarios;
CREATE TABLE `quiz_usuarios` (
  `id` int NOT NULL AUTO_INCREMENT,
  `nome` varchar(220) COLLATE utf8mb4_general_ci NOT NULL,
  `documento` varchar(220) COLLATE utf8mb4_general_ci NOT NULL,
  `premiacao` varchar(220) COLLATE utf8mb4_general_ci DEFAULT NULL,
  `created` datetime NOT NULL,
  PRIMARY KEY (`id`)
) ENGINE=InnoDB AUTO_INCREMENT=20 DEFAULT CHARSET=utf8mb4 COLLATE=utf8mb4_general_ci;
INSERT INTO quiz_usuarios VALUES("1", "Kalleb", "0187", "Celular", "2024-08-24 16:58:58");
INSERT INTO quiz_usuarios VALUES("2", "Alves", "123", "Chaveiro", "2024-08-24 16:59:49");
INSERT INTO quiz_usuarios VALUES("3", "Alves", "123", "Desconto na mensalidade", "2024-08-24 17:00:11");
INSERT INTO quiz_usuarios VALUES("4", "Kalleb", "123456", "", "2024-08-24 17:10:38");
INSERT INTO quiz_usuarios VALUES("5", "Copo termico", "12", "", "2024-08-24 17:11:18");
INSERT INTO quiz_usuarios VALUES("6", "Fone de ouvido", "123", "", "2024-08-24 17:13:17");
INSERT INTO quiz_usuarios VALUES("7", "Novo cadastro", "123", "", "2024-08-24 17:14:38");
INSERT INTO quiz_usuarios VALUES("8", "Copo termico", "123", "", "2024-08-24 17:16:30");
INSERT INTO quiz_usuarios VALUES("9", "KKKKKKKK", "123", "", "2024-08-24 17:18:13");
INSERT INTO quiz_usuarios VALUES("10", "Desconto na mensalidade", "111", "", "2024-08-24 17:20:57");
INSERT INTO quiz_usuarios VALUES("11", "Fone de ouvido", "111", "", "2024-08-24 17:21:42");
INSERT INTO quiz_usuarios VALUES("12", "Novo cadastro", "1111", "", "2024-08-28 18:29:58");
INSERT INTO quiz_usuarios VALUES("13", "Novo cadastro", "123", "Celular", "2024-08-28 19:13:07");
INSERT INTO quiz_usuarios VALUES("14", "Kalleb", "123", "Caneta", "2024-08-28 19:22:01");
INSERT INTO quiz_usuarios VALUES("15", "Kalleb Alves", "1233", "", "2024-08-28 19:26:47");
INSERT INTO quiz_usuarios VALUES("16", "KKKKKKKKKKKK", "123", "Caneta", "2024-08-28 19:27:35");
INSERT INTO quiz_usuarios VALUES("17", "Novo cadastro", "21", "Fone de ouvido", "2024-08-28 19:32:11");
INSERT INTO quiz_usuarios VALUES("18", "KKKKKKKKKKKK", "2222", "Blusa", "2024-08-28 19:36:05");
INSERT INTO quiz_usuarios VALUES("19", "Novo cadastro", "1111", "Chapéu", "2024-08-28 19:37:56");
DROP TABLE IF EXISTS quiz_usuarios_respostas;
CREATE TABLE `quiz_usuarios_respostas` (
  `id` int NOT NULL AUTO_INCREMENT,
  `quiz_usuarios_id` int NOT NULL,
  `quiz_perguntas_id` int NOT NULL,
  `quiz_pergunta_resposta_id` int NOT NULL,
  `created` datetime NOT NULL,
  PRIMARY KEY (`id`),
  KEY `quiz_perguntas_id` (`quiz_perguntas_id`),
  KEY `quiz_pergunta_resposta_id` (`quiz_pergunta_resposta_id`),
  KEY `quiz_usuarios_id` (`quiz_usuarios_id`),
  CONSTRAINT `quiz_usuarios_respostas_ibfk_1` FOREIGN KEY (`quiz_perguntas_id`) REFERENCES `quiz_perguntas` (`id`),
  CONSTRAINT `quiz_usuarios_respostas_ibfk_2` FOREIGN KEY (`quiz_pergunta_resposta_id`) REFERENCES `quiz_pergunta_respostas` (`id`),
  CONSTRAINT `quiz_usuarios_respostas_ibfk_3` FOREIGN KEY (`quiz_usuarios_id`) REFERENCES `quiz_usuarios` (`id`)
) ENGINE=InnoDB AUTO_INCREMENT=39 DEFAULT CHARSET=utf8mb4 COLLATE=utf8mb4_general_ci;
INSERT INTO quiz_usuarios_respostas VALUES("1", "1", "4", "20", "2024-08-24 16:58:58");
INSERT INTO quiz_usuarios_respostas VALUES("2", "1", "6", "26", "2024-08-24 16:58:58");
INSERT INTO quiz_usuarios_respostas VALUES("3", "2", "6", "26", "2024-08-24 16:59:49");
INSERT INTO quiz_usuarios_respostas VALUES("4", "2", "2", "9", "2024-08-24 16:59:49");
INSERT INTO quiz_usuarios_respostas VALUES("5", "3", "8", "40", "2024-08-24 17:00:11");
INSERT INTO quiz_usuarios_respostas VALUES("6", "3", "2", "10", "2024-08-24 17:00:11");
INSERT INTO quiz_usuarios_respostas VALUES("7", "4", "8", "40", "2024-08-24 17:10:38");
INSERT INTO quiz_usuarios_respostas VALUES("8", "4", "5", "21", "2024-08-24 17:10:38");
INSERT INTO quiz_usuarios_respostas VALUES("9", "5", "5", "21", "2024-08-24 17:11:18");
INSERT INTO quiz_usuarios_respostas VALUES("10", "5", "8", "37", "2024-08-24 17:11:18");
INSERT INTO quiz_usuarios_respostas VALUES("11", "6", "3", "14", "2024-08-24 17:13:17");
INSERT INTO quiz_usuarios_respostas VALUES("12", "6", "5", "21", "2024-08-24 17:13:17");
INSERT INTO quiz_usuarios_respostas VALUES("13", "7", "5", "23", "2024-08-24 17:14:38");
INSERT INTO quiz_usuarios_respostas VALUES("14", "7", "7", "31", "2024-08-24 17:14:38");
INSERT INTO quiz_usuarios_respostas VALUES("15", "8", "5", "21", "2024-08-24 17:16:30");
INSERT INTO quiz_usuarios_respostas VALUES("16", "8", "3", "13", "2024-08-24 17:16:30");
INSERT INTO quiz_usuarios_respostas VALUES("17", "9", "4", "20", "2024-08-24 17:18:13");
INSERT INTO quiz_usuarios_respostas VALUES("18", "9", "2", "9", "2024-08-24 17:18:13");
INSERT INTO quiz_usuarios_respostas VALUES("19", "10", "8", "37", "2024-08-24 17:20:57");
INSERT INTO quiz_usuarios_respostas VALUES("20", "10", "6", "26", "2024-08-24 17:20:57");
INSERT INTO quiz_usuarios_respostas VALUES("21", "11", "3", "13", "2024-08-24 17:21:42");
INSERT INTO quiz_usuarios_respostas VALUES("22", "11", "8", "37", "2024-08-24 17:21:42");
INSERT INTO quiz_usuarios_respostas VALUES("23", "12", "5", "21", "2024-08-28 18:29:58");
INSERT INTO quiz_usuarios_respostas VALUES("24", "12", "4", "20", "2024-08-28 18:29:58");
INSERT INTO quiz_usuarios_respostas VALUES("25", "13", "3", "13", "2024-08-28 19:13:07");
INSERT INTO quiz_usuarios_respostas VALUES("26", "13", "8", "37", "2024-08-28 19:13:07");
INSERT INTO quiz_usuarios_respostas VALUES("27", "14", "8", "40", "2024-08-28 19:22:01");
INSERT INTO quiz_usuarios_respostas VALUES("28", "14", "7", "31", "2024-08-28 19:22:01");
INSERT INTO quiz_usuarios_respostas VALUES("29", "15", "6", "26", "2024-08-28 19:26:47");
INSERT INTO quiz_usuarios_respostas VALUES("30", "15", "2", "9", "2024-08-28 19:26:47");
INSERT INTO quiz_usuarios_respostas VALUES("31", "16", "7", "31", "2024-08-28 19:27:35");
INSERT INTO quiz_usuarios_respostas VALUES("32", "16", "3", "13", "2024-08-28 19:27:35");
INSERT INTO quiz_usuarios_respostas VALUES("33", "17", "3", "13", "2024-08-28 19:32:11");
INSERT INTO quiz_usuarios_respostas VALUES("34", "17", "8", "37", "2024-08-28 19:32:11");
INSERT INTO quiz_usuarios_respostas VALUES("35", "18", "8", "40", "2024-08-28 19:36:05");
INSERT INTO quiz_usuarios_respostas VALUES("36", "18", "2", "10", "2024-08-28 19:36:05");
INSERT INTO quiz_usuarios_respostas VALUES("37", "19", "4", "20", "2024-08-28 19:37:56");
INSERT INTO quiz_usuarios_respostas VALUES("38", "19", "2", "10", "2024-08-28 19:37:56");
DROP TABLE IF EXISTS site_banners;
CREATE TABLE `site_banners` (
  `id` int NOT NULL AUTO_INCREMENT,
  `titulo` text COLLATE utf8mb4_general_ci NOT NULL,
  `transicao` varchar(50) COLLATE utf8mb4_general_ci NOT NULL,
  `dt_inicio` date NOT NULL,
  `dt_fim` date NOT NULL,
  `arquivo` text COLLATE utf8mb4_general_ci NOT NULL,
  `link` text COLLATE utf8mb4_general_ci,
  `obs` text COLLATE utf8mb4_general_ci,
  `ordem` int NOT NULL,
  `unidade_id` int NOT NULL,
  `usuario_id` int NOT NULL,
  `created` datetime NOT NULL,
  `modified` datetime DEFAULT NULL,
  PRIMARY KEY (`id`)
) ENGINE=InnoDB AUTO_INCREMENT=4 DEFAULT CHARSET=utf8mb4 COLLATE=utf8mb4_general_ci;
INSERT INTO site_banners VALUES("2", "Banner 02", "4000", "2024-10-09", "2024-10-31", "/dist/storage/banners/1728478310.jpg", "", "", "0", "1", "1", "2024-10-09 07:51:50", "2024-10-09 07:53:22");
INSERT INTO site_banners VALUES("3", "Operação Força Total 5º Edição/2024", "10000", "2024-11-25", "2025-12-31", "/dist/storage/banners/1732543178.jpg", "", "", "1", "10", "1", "2024-11-25 08:59:38", "");
DROP TABLE IF EXISTS site_banners_ads;
CREATE TABLE `site_banners_ads` (
  `id` int NOT NULL AUTO_INCREMENT,
  `titulo` varchar(220) COLLATE utf8mb4_general_ci NOT NULL,
  `legenda` text COLLATE utf8mb4_general_ci,
  `slug` text COLLATE utf8mb4_general_ci NOT NULL,
  `arquivo` text COLLATE utf8mb4_general_ci NOT NULL,
  `link` text COLLATE utf8mb4_general_ci NOT NULL,
  `anuncio` enum('Anúncio 01','Anúncio 02','Anúncio 03') COLLATE utf8mb4_general_ci NOT NULL,
  `usuario_id` int NOT NULL,
  `created` datetime NOT NULL,
  PRIMARY KEY (`id`)
) ENGINE=InnoDB AUTO_INCREMENT=18 DEFAULT CHARSET=utf8mb4 COLLATE=utf8mb4_general_ci;
INSERT INTO site_banners_ads VALUES("10", "ADS cabeçalho", "", "ads-cabecalho-58", "/dist/storage/ads/ads-cabecalho-58.jpg", "", "Anúncio 01", "1", "2024-11-25 07:56:58");
INSERT INTO site_banners_ads VALUES("16", "Imagem do dia", "", "imagem-do-dia-26", "/dist/storage/ads/imagem-do-dia-26.jpg", "", "Anúncio 02", "1", "2025-02-11 10:20:26");
INSERT INTO site_banners_ads VALUES("17", "Imagem da semana", "texto imagem da semana ", "imagem-da-semana-38", "/dist/storage/ads/imagem-da-semana-38.png", "", "Anúncio 02", "1", "2025-02-11 11:23:38");
DROP TABLE IF EXISTS site_ceo;
CREATE TABLE `site_ceo` (
  `id` int NOT NULL AUTO_INCREMENT,
  `nome` text COLLATE utf8mb4_general_ci NOT NULL,
  `descricao` text COLLATE utf8mb4_general_ci,
  `biografia` text COLLATE utf8mb4_general_ci NOT NULL,
  `data_inicio` date NOT NULL,
  `data_fim` date DEFAULT NULL,
  `foto` text COLLATE utf8mb4_general_ci NOT NULL,
  `usuario_id` int NOT NULL,
  `created` datetime NOT NULL,
  `usuario_id_at` int DEFAULT NULL,
  `modified` datetime DEFAULT NULL,
  PRIMARY KEY (`id`)
) ENGINE=InnoDB AUTO_INCREMENT=11 DEFAULT CHARSET=utf8mb4 COLLATE=utf8mb4_general_ci;
INSERT INTO site_ceo VALUES("3", "CEL PMAC LUCIANO DIAS FONSECA", "Comandante Geral", "<p>LUCIANO DIAS FONSECA é oficial da Polícia Militar do Acre (PMAC). Ingressou na instituição em 17 de janeiro de 1996, foi declarado aspirante a oficial em 1998 e promovido a coronel em 28 de agosto de 2019.\r\n</p><p>Em sua formação acadêmica, possui bacharelado em Segurança Pública pela Academia de Polícia Militar Costa Verde de Cuiabá-MT e em Direito, pela Faculdade da Amazônia Ocidental de Rio Branco-Acre, Pós-Graduação em Segurança Pública, pela Academia de Polícia Militar Edgar Facó de Fortaleza (CE), Especialização em Análise Criminal, pela Faculdade Católica de Brasília-DF , além do Curso Superior de Polícia, promovido pelo Corpo de Bombeiros do Estado de Rondônia.\r\n</p><p>Entre as principais capacitações realizadas na área da segurança pública estão os cursos de Análise Criminal em Santana do Livramento (RS); Inteligência em Brasília (DF); Trânsito Urbano em São Paulo (SP); Polícia Comunitária (Nível Multiplicador); Multiplicador de Análise Criminal; Direitos Humanos; e Curso de Nivelamento da Força Nacional de Segurança Pública.\r\n</p><p>Em sua trajetória profissional no âmbito da Polícia Militar do Acre, exerceu as funções de comandante do 10º Batalhão de Polícia Militar (Brasiléia), atualmente 5º BPM (2002 a 2005), subcomandante do 2º Batalhão de Polícia Militar-Rio Branco (2006 a 2007), subcomandante do Comando de Policiamento Metropolitano (2007 a 2008), comandante do Batalhão de Policiamento de Trânsito (2009 a 2011), chefe da Seção de Análise Criminal (2012 a 2013), chefe da Assessoria de Inteligência (2014 a 2015), chefe da Assessoria Jurídica (2015 a 2018) e subcomandante-geral (2019 a 2022). Atualmente, ocupa o cargo de Comandante-Geral da Polícia Militar do Acre, assumido em 03 de agosto de 2022.</p><p>\r\n</p><p>\r\n</p><p>\r\n</p>", "2022-08-03", "0000-00-00", "/dist/storage/ceo/cel-pmac-luciano-dias-fonseca-14.jpg", "1", "2024-10-24 09:46:14", "", "");
INSERT INTO site_ceo VALUES("5", "CEL PMAC ULYSSES FREITAS PEREIRA DE ARAÚJO", "Ex-Comandante Geral", "<p>Ex-Comandante Geral</p>", "2019-11-11", "2020-06-26", "/dist/storage/ceo/cel-pmac-ulysses-freitas-pereira-de-ara-jo-24.jpg", "1", "2024-10-25 07:22:24", "", "");
INSERT INTO site_ceo VALUES("6", "CEL PMAC PAULO CÉSAR GOMES DA SILVA", "Ex-Comandante Geral", "<p>Ex-Comandante Geral</p>", "2020-07-02", "2022-08-04", "/dist/storage/ceo/cel-pmac-paulo-c-sar-gomes-da-silva-55.jpg", "1", "2024-11-22 09:14:55", "", "");
INSERT INTO site_ceo VALUES("7", "CEL PMAC EZEQUIEL DE OLIVEIRA BINO", "Ex-Comandante Geral", "<p>Ex-Comandante Geral</p>", "2019-03-07", "2019-11-11", "/dist/storage/ceo/cel-pmac-ezequiel-de-oliveira-bino-32.jpg", "1", "2024-11-22 09:20:32", "", "");
INSERT INTO site_ceo VALUES("8", "CEL PMAC MÁRIO CÉSAR SOUZA DE FREITAS", "Ex-Comandante Geral", "<p>Ex-Comandante Geral</p>", "2019-01-02", "2019-03-07", "/dist/storage/ceo/cel-pmac-m-rio-c-sar-souza-de-freitas-02.jpg", "1", "2024-11-22 09:22:02", "", "");
INSERT INTO site_ceo VALUES("9", "CEL PMAC MARCOS DA SILVA KINPARA", "Ex-Comandante Geral", "<p>Ex-Comandante Geral</p>", "2018-01-17", "2019-01-02", "/dist/storage/ceo/cel-pmac-marcos-da-silva-kinpara-58.jpg", "1", "2024-11-22 10:09:58", "", "");
INSERT INTO site_ceo VALUES("10", "CEL PMAC JÚLIO CÉZAR DOS SANTOS", "Ex-Comandante Geral", "<p>Ex-Comandante Geral</p>", "2015-04-30", "2018-01-17", "/dist/storage/ceo/cel-pmac-j-lio-c-zar-dos-santos-35.jpg", "1", "2024-11-22 10:10:35", "", "");
DROP TABLE IF EXISTS site_depoimento;
CREATE TABLE `site_depoimento` (
  `id` int NOT NULL AUTO_INCREMENT,
  `nome` text COLLATE utf8mb4_general_ci NOT NULL,
  `cargoFuncao` text COLLATE utf8mb4_general_ci NOT NULL,
  `texto` text COLLATE utf8mb4_general_ci NOT NULL,
  `foto` text COLLATE utf8mb4_general_ci NOT NULL,
  `usuario_id` int NOT NULL,
  `created` datetime NOT NULL,
  `modified` datetime DEFAULT NULL,
  PRIMARY KEY (`id`)
) ENGINE=InnoDB AUTO_INCREMENT=2 DEFAULT CHARSET=utf8mb4 COLLATE=utf8mb4_general_ci;
DROP TABLE IF EXISTS site_endereco;
CREATE TABLE `site_endereco` (
  `id` int NOT NULL AUTO_INCREMENT,
  `endereco` text COLLATE utf8mb4_general_ci,
  `horario` text COLLATE utf8mb4_general_ci,
  `telefone_principal` text COLLATE utf8mb4_general_ci NOT NULL,
  `telefone_secundario` text COLLATE utf8mb4_general_ci,
  `usuario_id` int NOT NULL,
  `created` datetime NOT NULL,
  PRIMARY KEY (`id`)
) ENGINE=InnoDB AUTO_INCREMENT=2 DEFAULT CHARSET=utf8mb4 COLLATE=utf8mb4_general_ci;
INSERT INTO site_endereco VALUES("1", "QUARTEL DO COMANDO GERAL\r\nRUA PLÁCIDO DE CASTRO, Nº 70 - CENTRO\r\nRIO BRANCO - ACRE", "07h às 13h", "(68) 9999-9999", "(68) 9999-8888 / (68) 9999-7777", "1", "2024-10-24 08:54:55");
DROP TABLE IF EXISTS site_fale_conosco;
CREATE TABLE `site_fale_conosco` (
  `id` int NOT NULL AUTO_INCREMENT,
  `assunto` text COLLATE utf8mb4_general_ci NOT NULL,
  `autor` text COLLATE utf8mb4_general_ci NOT NULL,
  `email` text COLLATE utf8mb4_general_ci NOT NULL,
  `mensagem` text COLLATE utf8mb4_general_ci NOT NULL,
  `ip_address` text COLLATE utf8mb4_general_ci,
  `longitude` text COLLATE utf8mb4_general_ci,
  `latitude` text COLLATE utf8mb4_general_ci,
  `created` datetime NOT NULL,
  PRIMARY KEY (`id`)
) ENGINE=InnoDB AUTO_INCREMENT=4 DEFAULT CHARSET=utf8mb4 COLLATE=utf8mb4_general_ci;
INSERT INTO site_fale_conosco VALUES("1", "dddddddddddddd", "Kalleb Alves Barbosa", "kallebalves@gmail.com", "dddddddddddddddddddd", "10.80.26.43", "", "", "2024-12-03 08:45:40");
INSERT INTO site_fale_conosco VALUES("2", "dddddddddddddd", "Kalleb Alves Barbosa", "kallebalves@gmail.com", "ffffffffffffffffffffffffffffffffffffffffffffff", "10.80.26.43", "", "", "2024-12-03 08:48:18");
INSERT INTO site_fale_conosco VALUES("3", "ccccccccccccccc", "Kalleb Alves Barbosa", "kallebalves@gmail.com", "ccccccccccccccccccccccccccccccccccc", "10.80.26.43", "", "", "2024-12-03 08:54:16");
DROP TABLE IF EXISTS site_galeria;
CREATE TABLE `site_galeria` (
  `id` int NOT NULL AUTO_INCREMENT,
  `album` varchar(220) COLLATE utf8mb4_general_ci NOT NULL,
  `descricao` text COLLATE utf8mb4_general_ci,
  `capa` text COLLATE utf8mb4_general_ci,
  `usuario_id` int NOT NULL,
  `created` datetime NOT NULL,
  `modified` datetime DEFAULT NULL,
  PRIMARY KEY (`id`)
) ENGINE=InnoDB AUTO_INCREMENT=3 DEFAULT CHARSET=utf8mb4 COLLATE=utf8mb4_general_ci;
INSERT INTO site_galeria VALUES("1", "Aniversariantes de novembro e condecorações", "Na manhã desta quarta-feira, 4, a PMAC celebrou com os aniversariantes do mês e condecorou dezenas de militares veteranos com a Medalha do Veterano, reconhecendo suas trajetórias de dedicação e coragem.", "", "36", "2024-12-04 11:11:23", "");
INSERT INTO site_galeria VALUES("2", "Aniversariantes de novembro e condecorações", "Na manhã desta quarta-feira, 4, a PMAC celebrou com os aniversariantes do mês e condecorou dezenas de militares veteranos com a Medalha do Veterano, reconhecendo suas trajetórias de dedicação e coragem.", "", "36", "2024-12-04 11:11:26", "");
DROP TABLE IF EXISTS site_galeria_fotos;
CREATE TABLE `site_galeria_fotos` (
  `id` int NOT NULL AUTO_INCREMENT,
  `site_galeria_id` int NOT NULL,
  `type_img` varchar(50) COLLATE utf8mb4_general_ci NOT NULL,
  `size_img` varchar(220) COLLATE utf8mb4_general_ci NOT NULL,
  `nome` varchar(220) COLLATE utf8mb4_general_ci NOT NULL,
  `slug` text COLLATE utf8mb4_general_ci NOT NULL,
  `arquivo` text COLLATE utf8mb4_general_ci NOT NULL,
  `legenda` text COLLATE utf8mb4_general_ci,
  `created` datetime NOT NULL,
  PRIMARY KEY (`id`)
) ENGINE=InnoDB DEFAULT CHARSET=utf8mb4 COLLATE=utf8mb4_general_ci;
DROP TABLE IF EXISTS site_links_uteis;
CREATE TABLE `site_links_uteis` (
  `id` int NOT NULL AUTO_INCREMENT,
  `nome_site` text COLLATE utf8mb4_general_ci NOT NULL,
  `link_site` text COLLATE utf8mb4_general_ci NOT NULL,
  `usuario_id` int NOT NULL,
  `created` datetime NOT NULL,
  PRIMARY KEY (`id`)
) ENGINE=InnoDB AUTO_INCREMENT=5 DEFAULT CHARSET=utf8mb4 COLLATE=utf8mb4_general_ci;
INSERT INTO site_links_uteis VALUES("1", "Agência de notícias", "https://agencia.ac.gov.br/Ag", "1", "2024-11-19 08:48:44");
INSERT INTO site_links_uteis VALUES("2", "Diário oficial do Acre", "https://diario.ac.gov.br/", "1", "2024-11-19 08:49:06");
INSERT INTO site_links_uteis VALUES("3", "Portal da transparência Acre", "https://transparencia.ac.gov.br/", "1", "2024-11-19 08:49:44");
INSERT INTO site_links_uteis VALUES("4", "Legislação", "https://ameac.com.br/leis-pmac/", "1", "2024-11-19 08:50:31");
DROP TABLE IF EXISTS site_logos;
CREATE TABLE `site_logos` (
  `id` int NOT NULL AUTO_INCREMENT,
  `logo` text COLLATE utf8mb4_general_ci NOT NULL,
  `slug` text COLLATE utf8mb4_general_ci NOT NULL,
  `arquivo` text COLLATE utf8mb4_general_ci NOT NULL,
  `local` enum('Cabeçalho','Rodapé') COLLATE utf8mb4_general_ci NOT NULL,
  `usuario_id` int NOT NULL,
  `created` datetime NOT NULL,
  PRIMARY KEY (`id`)
) ENGINE=InnoDB AUTO_INCREMENT=3 DEFAULT CHARSET=utf8mb4 COLLATE=utf8mb4_general_ci;
INSERT INTO site_logos VALUES("1", "BRASÃO H2.png", "bras-o-h2", "/dist/storage/logos/bras-o-h2.png", "Cabeçalho", "1", "2024-11-11 11:25:27");
INSERT INTO site_logos VALUES("2", "02_brasao.png", "02-brasao", "/dist/storage/logos/02-brasao.png", "Rodapé", "1", "2024-11-11 11:26:13");
DROP TABLE IF EXISTS site_missao_visao_valores;
CREATE TABLE `site_missao_visao_valores` (
  `id` int NOT NULL AUTO_INCREMENT,
  `missao` text COLLATE utf8mb4_general_ci NOT NULL,
  `visao` text COLLATE utf8mb4_general_ci NOT NULL,
  `valores` text COLLATE utf8mb4_general_ci NOT NULL,
  `usuario_id` int NOT NULL,
  `created` datetime NOT NULL,
  PRIMARY KEY (`id`)
) ENGINE=InnoDB AUTO_INCREMENT=2 DEFAULT CHARSET=utf8mb4 COLLATE=utf8mb4_general_ci;
INSERT INTO site_missao_visao_valores VALUES("1", "Garantir a ordem pública, a segurança das pessoas e do patrimônio, com respeito aos direitos humanos e aos princípios de polícia comunitária.", "Ser reconhecida como uma corporação de excelência na prestação de serviços de segurança pública, com ênfase na prevenção.", "Respeito aos direitos humanos; Moralidade pública; Responsabilidade; Justiça; Hierarquia e disciplina; Civismo; Lealdade; Espírito de corpo; Honra institucional; Dignidade da pessoa humana; Verdade;", "1", "2024-11-22 10:13:17");
DROP TABLE IF EXISTS site_organograma;
CREATE TABLE `site_organograma` (
  `id` int NOT NULL AUTO_INCREMENT,
  `nome` text COLLATE utf8mb4_general_ci NOT NULL,
  `arquivo` text COLLATE utf8mb4_general_ci NOT NULL,
  `usuario_id` int NOT NULL,
  `created` datetime NOT NULL,
  PRIMARY KEY (`id`)
) ENGINE=InnoDB DEFAULT CHARSET=utf8mb4 COLLATE=utf8mb4_general_ci;
DROP TABLE IF EXISTS site_parceiros;
CREATE TABLE `site_parceiros` (
  `id` int NOT NULL AUTO_INCREMENT,
  `nome` text COLLATE utf8mb4_general_ci NOT NULL,
  `link` text COLLATE utf8mb4_general_ci NOT NULL,
  `arquivo` text COLLATE utf8mb4_general_ci NOT NULL,
  `usuario_id` int NOT NULL,
  `created` datetime NOT NULL,
  PRIMARY KEY (`id`)
) ENGINE=InnoDB AUTO_INCREMENT=3 DEFAULT CHARSET=utf8mb4 COLLATE=utf8mb4_general_ci;
INSERT INTO site_parceiros VALUES("2", "Detran AC", "https://www.detran.ac.gov.br/", "/dist/storage/parceiros/1729865803.png", "1", "2024-10-25 09:16:43");
DROP TABLE IF EXISTS site_pub_destaque;
CREATE TABLE `site_pub_destaque` (
  `id` int NOT NULL AUTO_INCREMENT,
  `titulo` text COLLATE utf8mb4_general_ci NOT NULL,
  `dtInicio` date NOT NULL,
  `dtFim` date NOT NULL,
  `arquivo` text COLLATE utf8mb4_general_ci NOT NULL,
  `descricao` text COLLATE utf8mb4_general_ci NOT NULL,
  `visualizacoes` int DEFAULT NULL,
  `usuario_id` int NOT NULL,
  `created` datetime NOT NULL,
  `modified` datetime DEFAULT NULL,
  PRIMARY KEY (`id`)
) ENGINE=InnoDB DEFAULT CHARSET=utf8mb4 COLLATE=utf8mb4_general_ci;
DROP TABLE IF EXISTS site_publicacoes;
CREATE TABLE `site_publicacoes` (
  `id` int NOT NULL AUTO_INCREMENT,
  `titulo` text COLLATE utf8mb4_general_ci NOT NULL,
  `subtitulo` text COLLATE utf8mb4_general_ci NOT NULL,
  `texto` text COLLATE utf8mb4_general_ci NOT NULL,
  `descricao_meta` text COLLATE utf8mb4_general_ci NOT NULL,
  `palavras_chave` text COLLATE utf8mb4_general_ci NOT NULL,
  `capa_princial` text COLLATE utf8mb4_general_ci NOT NULL,
  `capa_pub` text COLLATE utf8mb4_general_ci,
  `slug` text COLLATE utf8mb4_general_ci NOT NULL,
  `status` enum('Rascunho','Publicar') COLLATE utf8mb4_general_ci NOT NULL,
  `pagina` enum('Artigos','Geral','Policial','Projetos sociais') COLLATE utf8mb4_general_ci NOT NULL,
  `destacar` enum('Sim','Não') COLLATE utf8mb4_general_ci NOT NULL,
  `unidade_id` int NOT NULL,
  `site_publicacoes_categoria_id` int NOT NULL,
  `curtidas` int DEFAULT NULL,
  `visualizacoes` int DEFAULT NULL,
  `usuario_id` int NOT NULL,
  `created` datetime NOT NULL,
  `usuario_modified_id` int DEFAULT NULL,
  `modifield` datetime DEFAULT NULL,
  PRIMARY KEY (`id`),
  KEY `site_publicacoes_categoria_id` (`site_publicacoes_categoria_id`),
  KEY `unidade_id` (`unidade_id`),
  KEY `usuario_id` (`usuario_id`),
  CONSTRAINT `site_publicacoes_ibfk_1` FOREIGN KEY (`site_publicacoes_categoria_id`) REFERENCES `site_publicacoes_categoria` (`id`),
  CONSTRAINT `site_publicacoes_ibfk_2` FOREIGN KEY (`unidade_id`) REFERENCES `unidade` (`id_uni`),
  CONSTRAINT `site_publicacoes_ibfk_3` FOREIGN KEY (`usuario_id`) REFERENCES `usuarios` (`id_user`)
) ENGINE=InnoDB AUTO_INCREMENT=9 DEFAULT CHARSET=utf8mb4 COLLATE=utf8mb4_general_ci;
INSERT INTO site_publicacoes VALUES("5", "O papel da imprensa nas crises de imagem relacionadas ao trabalho policial", ".", "<p>Não é incomum que episódios envolvendo abordagens policiais, muitas vezes polêmicas, ganhem destaque na imprensa e nas redes sociais, gerando crises de imagem para a Polícia Militar. Tomemos como exemplo o Batalhão de Policiamento de Trânsito (BPTran), cujas ações ao longo dos anos rotineiramente se tornam alvo de críticas e mal-entendidos. Em geral, essas situações envolvem cidadãos que, ao cometerem infrações de trânsito, sentem-se injustiçados e perseguidos, alimentados pelo senso comum de que as forças policiais são, por natureza, opressoras. Sob o pretexto de serem “pessoas de bem” ou “bons cidadãos”, acreditam que não deveriam ser submetidos à fiscalização, o que resulta em um embate direto com o papel legítimo da polícia.\r\n</p><p>Como policial militar, já atuei diretamente em ocorrências dessa natureza e entendo a complexidade. Como jornalista, percebo que tais situações geram grande repercussão e, consequentemente, interesse da mídia, pois o debate público sobre a atuação policial é combustível para pautas acaloradas e engajamento, por vezes sensacionalista.\r\n</p><p>Com base na experiência prática, posso dizer que, na maioria desses casos, os procedimentos adotados pelos agentes de segurança são absolutamente corretos, à luz da legislação. No entanto, quando vídeos parciais dessas abordagens são divulgados nas redes sociais, costuma surgir uma onda de comoção pública, geralmente alimentada por uma falta de entendimento dos protocolos policiais. A situação se agrava quando setores da imprensa replicam esses vídeos sem uma análise criteriosa e sem levar em conta a versão oficial de uma instituição que tem fé pública.\r\n</p><p>É necessário refletir sobre a origem dessas crises de imagem. A sociedade muitas vezes desconhece a complexidade do trabalho policial, especialmente nas ações de trânsito, cujo objetivo principal é a segurança de todos. Ao abordar um veículo que está descumprindo a legislação, o policial não faz um julgamento moral sobre o condutor, mas cumpre seu dever de zelar pela ordem pública e pela preservação de vidas. O fato de um cidadão ser considerado “de bem” não o exime do cumprimento das leis de trânsito, e o papel da Polícia Militar é garantir que essas leis sejam aplicadas de forma imparcial.\r\n</p><p>Contudo, quando esses fatos chegam ao público, muitas vezes por meio de vídeos que mostram apenas um recorte dos fatos, a narrativa tende a mudar. A polícia, que apenas cumpriu a lei, passa a ser retratada como vilã, e os profissionais que seguem os procedimentos operacionais padrões ficam expostos ao escrutínio público, mesmo quando documentos legais atestam sua conduta. Muitas vezes, a palavra do cidadão, comprovado infrator, tem maior peso.\r\n</p><p>É fundamental que a imprensa adote uma postura responsável e equilibrada ao cobrir essas situações. Repercutir apenas o que é mostrado em um vídeo, sem investigar o que ocorreu antes e depois daquele momento, cria uma narrativa distorcida, que não reflete a verdade completa. A divulgação de vídeos isolados, sem uma análise que considere o contexto, pode prejudicar não apenas a imagem da polícia, mas também a sociedade, que se vê envolvida em uma polarização desnecessária.\r\n</p><p>A imprensa tem o dever ético de investigar, apurar e transmitir informações com imparcialidade, buscando não apenas os relatos da parte que se considera lesada, mas também a versão da polícia, embasada em boletins de ocorrência e documentos oficiais emitidos por uma instituição que, repito, é reconhecida por sua fé pública. Ignorar essas informações é desrespeitar o trabalho de uma força que está diariamente nas ruas, arriscando-se em benefício da população.\r\n</p><p>Como policial militar, entendo que o uso da força pela PMAC deve ser sempre o último recurso. No entanto, em situações em que há resistência ao cumprimento da lei, é inevitável que ações mais enérgicas sejam tomadas. Esses procedimentos estão previstos nas normas que regem o trabalho policial e são aplicados com o intuito de proteger tanto os cidadãos quanto os próprios policiais.\r\n</p><p>Por fim, é necessário um esforço conjunto para promover uma convivência mais harmoniosa entre a população, a polícia e a imprensa. Os cidadãos precisam entender que, ao serem abordados, não estão sendo julgados por seu caráter, mas sim por suas ações naquele momento. O respeito às leis e às autoridades é essencial para a manutenção da ordem e da segurança. Já a imprensa, como mediadora entre os fatos e a sociedade, deve agir com responsabilidade, buscando sempre a verdade completa e evitando sensacionalismos que podem prejudicar a imagem de instituições responsáveis pela preservação da ordem pública.\r\n</p><p>A crise de imagem enfrentada pela PMAC em algumas dessas ocorrências pode ser revertida com mais diálogo, compreensão e, acima de tudo, respeito mútuo. O papel da polícia é servir e proteger, e é necessário que todos, cidadãos e imprensa, colaborem para que esse trabalho seja realizado de forma eficaz, em benefício de toda a sociedade acreana.\r\n</p><p><em><strong>Joabes Guedes</strong> é jornalista e sargento da Polícia Militar. Trabalha na Assessoria de Comunicação da PMAC.</em></p><p>\r\n</p><p>\r\n</p><p>\r\n</p><p>\r\n</p><p>\r\n</p><p>\r\n</p><p>\r\n</p><p>\r\n</p><p>\r\n</p><p>\r\n</p>", "Não é incomum que episódios envolvendo abordagens policiais, muitas vezes polêmicas, ganhem destaque na imprensa e nas redes sociais, gerando crises de imagem para a Polícia Militar. Tomemos como exemplo o Batalhão de Policiamento de Trânsito (BPTran), cujas ações ao longo dos anos rotineiramente se tornam alvo de críticas e mal-entendidos. Em geral, essas situações envolvem cidadãos que, ao cometerem infrações de trânsito, sentem-se injustiçados e perseguidos, alimentados pelo senso comum de que as forças policiais são, por natureza, opressoras. Sob o pretexto de serem “pessoas de bem” ou “bons cidadãos”, acreditam que não deveriam ser submetidos à fiscalização, o que resulta em um embate direto com o papel legítimo da polícia.", "Polícia Militar, BPTran,Imprensa", "/dist/storage/publicacoes/o-papel-da-imprensa-nas-crises-de-imagem-relacionadas-ao-trabalho-policial03.jpg", "", "o-papel-da-imprensa-nas-crises-de-imagem-relacionadas-ao-trabalho-policial", "Publicar", "Artigos", "Sim", "10", "6", "1", "14", "36", "2024-11-27 11:14:03", "1", "2024-11-27 11:40:35");
INSERT INTO site_publicacoes VALUES("6", "PROERD", "", "PROERD - Programa Educacional de Resistência às Drogas\r\n\r\nO Programa Educacional de Resistência às Drogas (PROERD) é uma ação preventiva da Polícia Militar do Acre (PMAC), que reforça o compromisso da instituição com a segurança pública e a formação cidadã. Por meio da educação, o programa busca conscientizar crianças e adolescentes sobre os perigos do uso de drogas e a importância de escolhas responsáveis para uma vida saudável e segura.\r\n\r\nIniciado no Acre em 1999, o PROERD já impactou mais de 200 mil crianças e adolescentes, consolidando-se como um dos maiores programas de prevenção às drogas e à violência no estado.\r\nO programa atende escolas da capital, do interior e também escolas indígenas, demonstrando o esforço contínuo da PMAC em expandir suas ações educacionais e preventivas para todas as áreas do estado, inclusive as mais remotas. Essa abrangência reflete o compromisso da Polícia Militar em construir uma sociedade mais consciente, segura e igualitária para todos os acreanos.\r\n\r\nO PROERD está presente nos municípios:\r\n•	Rio Branco\r\n•	Sena Madureira\r\n•	Feijó\r\n•	Tarauacá\r\n•	Bujari\r\n•	Cruzeiro do Sul\r\n•	Senador Guiomard\r\n•	Xapuri\r\n•	Jordão\r\n•	Porto Walter\r\n•	Santa Rosa\r\n•	Marechal Thaumaturgo\r\n\r\nO PROERD oferece conteúdo adaptado às diferentes faixas etárias, atendendo currículo kids, 5º ano, 7º ano e ensino médio. Por meio de aulas dinâmicas, interativas e alinhadas às realidades dos participantes, o programa desenvolve habilidades como:\r\n•	Resistência à pressão social e ao uso de substâncias nocivas;\r\n•	Tomada de decisões responsáveis;\r\n•	Valorização da autoestima;\r\n•	Criação de vínculos positivos com a escola, a família e a comunidade.\r\n\r\nA importância do PROERD vai além da prevenção às drogas: ele é um exemplo claro de como a Polícia Militar do Acre, por meio de ações preventivas, contribui diretamente para a construção de um futuro mais seguro, pautado em valores éticos e cidadania.", "O Programa Educacional de Resistência às Drogas (PROERD) é uma ação preventiva da Polícia Militar do Acre (PMAC), que reforça o compromisso da instituição com a segurança pública e a formação cidadã. Por meio da educação, o programa busca conscientizar crianças e adolescentes sobre os perigos do uso de drogas e a importância de escolhas responsáveis para uma vida saudável e segura.", "PROERD, Programa Educacional de Resistência às Drogas, prevenção, projetos sociais, escola", "/dist/storage/publicacoes/proerd---programa-educacional-de-resistencia-as-drogas391.JPG", "", "proerd", "Publicar", "Projetos sociais", "Não", "1", "8", "0", "7", "35", "2024-12-05 10:07:39", "1", "2024-12-06 08:08:51");
INSERT INTO site_publicacoes VALUES("7", "Banda de Música Mirim ", "", "Banda de Música Mirim\r\n\r\nA Banda de Música Mirim, conduzida pela renomada Banda de Música da Polícia Militar do Acre (PMAC), \"A Furiosa\", é um dos projetos sociais mais inspiradores da instituição. Com o objetivo de transformar vidas por meio da música, o projeto oferece a crianças e adolescentes a oportunidade de desenvolver habilidades musicais, disciplina e valores cidadãos.\r\n\r\nO ingresso na Banda de Música Mirim é realizado por meio de um edital público, lançado anualmente no início do ano. Atualmente, a Banda Mirim conta com 64 alunos, com idades entre 8 e 17 anos, que participam de aulas regulares às quartas-feiras e aos sábados. O aprendizado é estruturado para proporcionar uma formação abrangente, combinando aspectos técnicos, artísticos e educativos.\r\n\r\nEmenta do Projeto\r\n\r\nOs alunos têm acesso a uma grade diversificada de atividades:\r\n•	Teoria Musical: Introdução aos conceitos fundamentais da música, leitura de partituras e desenvolvimento da percepção auditiva.\r\n•	Prática Instrumental: Treinamento em diversos instrumentos de sopro e percussão, explorando o repertório tradicional e moderno.\r\n•	Ordem Unida com Instrumentos: Desenvolvimento da disciplina e coordenação em apresentações e desfiles cívicos.\r\n•	Educação Física: Atividades físicas para promover bem-estar, saúde e preparo corporal.\r\n\r\nImpacto Social\r\n\r\nMais do que ensinar música, o projeto busca formar cidadãos. Por meio da arte e da disciplina, os alunos desenvolvem habilidades importantes, como trabalho em equipe, senso de responsabilidade e respeito mútuo. Além disso, a iniciativa reforça a aproximação entre a Polícia Militar e a comunidade, fortalecendo os valores de cidadania e inclusão social.\r\n\r\nConduzido pela Banda de Música da PMAC, \"A Furiosa\", o projeto é um exemplo claro do poder transformador da música e do compromisso da instituição com a formação de uma juventude mais preparada e consciente.\r\n\r\n", "A Banda de Música Mirim, conduzida pela renomada Banda de Música da Polícia Militar do Acre (PMAC), \"A Furiosa\",  tem o objetivo de transformar vidas por meio da música, o projeto oferece a crianças e adolescentes a oportunidade de desenvolver habilidades musicais, disciplina e valores cidadãos.", "banda de música mirim, banda mirim, banda de música, furiosa, banda", "/dist/storage/publicacoes/banda-de-musica-mirim-451.JPG", "", "banda-de-musica-mirim-", "Publicar", "Projetos sociais", "Não", "10", "8", "0", "5", "35", "2024-12-05 10:48:45", "", "");
INSERT INTO site_publicacoes VALUES("8", "Segurança em Sintonia", "Música que Aproxima e Transforma", "O Projeto Notas de Segurança, uma iniciativa inovadora da Banda de Música da Polícia Militar do Acre (PMAC), \"A Furiosa\", nasceu em 2020, durante o período de isolamento social causado pela pandemia de COVID-19. Desde então, o projeto tem levado música, alegria e esperança para os bairros e comunidades do estado, fortalecendo os laços entre a Polícia Militar e a população.  \r\n\r\nCom apresentações realizadas de surpresa, o Notas de Segurança busca proporcionar momentos de descontração, união e bem-estar para pessoas de todas as idades. A música, utilizada como uma ferramenta de aproximação, transmite uma mensagem de cuidado, solidariedade e segurança pública.  \r\n\r\nLocais já Visitados\r\n\r\nDesde o seu início, o projeto já marcou presença em diversos bairros e eventos, incluindo:  \r\n- Tropical  \r\n- Baixada da Sobral  \r\n- Centro  \r\n- Manoel Julião  \r\n- Bairro 15  \r\n- Forró do Senadinho**, um espaço especial dedicado à melhor idade  \r\n\r\nImpacto Social\r\n\r\nO Notas de Segurança vai além de uma simples apresentação musical. Ele representa o compromisso da Polícia Militar em estar presente nas comunidades de forma humanizada, criando uma atmosfera de confiança e proximidade. Durante a pandemia, o projeto foi um alívio para muitos, levando música aos moradores enquanto respeitava as restrições do isolamento social.  \r\n\r\nHoje, o projeto segue firme, expandindo seu alcance e reafirmando que a arte e a música têm o poder de transformar ambientes, conectar pessoas e fortalecer o sentimento de pertencimento e segurança.  \r\nAtravés do Notas de Segurança, a Banda de Música da PMAC, \"A Furiosa\", reforça seu papel não apenas como promotora de cultura, mas também como um elo vital entre a instituição e a sociedade acreana.", "O Projeto Notas de Segurança, uma iniciativa inovadora da Banda de Música da Polícia Militar do Acre (PMAC), \"A Furiosa\", nasceu em 2020, durante o período de isolamento social causado pela pandemia de COVID-19. Desde então, o projeto tem levado música, alegria e esperança para os bairros e comunidades do estado, fortalecendo os laços entre a Polícia Militar e a população. ", "música; banda de música; projeto social", "/dist/storage/publicacoes/projeto-seguranca-em-sintonia39.jpg", "", "seguranca-em-sintonia", "Publicar", "Projetos sociais", "Sim", "10", "8", "0", "6", "36", "2024-12-05 16:48:39", "35", "2024-12-06 08:54:37");
DROP TABLE IF EXISTS site_publicacoes_categoria;
CREATE TABLE `site_publicacoes_categoria` (
  `id` int NOT NULL AUTO_INCREMENT,
  `categoria` varchar(200) COLLATE utf8mb4_general_ci NOT NULL,
  `usuario_id` int NOT NULL,
  `created` datetime NOT NULL,
  `modified` datetime DEFAULT NULL,
  PRIMARY KEY (`id`)
) ENGINE=InnoDB AUTO_INCREMENT=10 DEFAULT CHARSET=utf8mb4 COLLATE=utf8mb4_general_ci;
INSERT INTO site_publicacoes_categoria VALUES("1", "Segurança Pública", "36", "2024-10-14 10:42:38", "2024-12-05 16:46:46");
INSERT INTO site_publicacoes_categoria VALUES("6", "Opinião", "36", "2024-11-27 11:20:29", "2024-12-05 16:46:46");
INSERT INTO site_publicacoes_categoria VALUES("7", "Opinião", "36", "2024-11-27 11:20:43", "2024-12-05 16:46:46");
INSERT INTO site_publicacoes_categoria VALUES("8", "Projetos Sociais", "36", "2024-12-04 11:16:02", "2024-12-05 16:46:46");
INSERT INTO site_publicacoes_categoria VALUES("9", "projetos", "36", "2024-12-05 09:54:22", "2024-12-05 16:46:46");
DROP TABLE IF EXISTS site_publicacoes_curtidas;
CREATE TABLE `site_publicacoes_curtidas` (
  `id` int NOT NULL AUTO_INCREMENT,
  `site_publicaoes_id` int NOT NULL,
  `ip_address` text COLLATE utf8mb4_general_ci,
  `longitude` text COLLATE utf8mb4_general_ci,
  `latitude` text COLLATE utf8mb4_general_ci,
  `created` datetime NOT NULL,
  PRIMARY KEY (`id`)
) ENGINE=InnoDB AUTO_INCREMENT=4 DEFAULT CHARSET=utf8mb4 COLLATE=utf8mb4_general_ci;
INSERT INTO site_publicacoes_curtidas VALUES("3", "5", "10.80.26.43", "", "", "2024-11-29 10:20:40");
DROP TABLE IF EXISTS site_publicacoes_galeria;
CREATE TABLE `site_publicacoes_galeria` (
  `id` int NOT NULL AUTO_INCREMENT,
  `site_publicaoes_id` int NOT NULL,
  `nome_img` text COLLATE utf8mb4_general_ci NOT NULL,
  `arquivo` text COLLATE utf8mb4_general_ci NOT NULL,
  `legenda` text COLLATE utf8mb4_general_ci NOT NULL,
  `created` datetime NOT NULL,
  PRIMARY KEY (`id`)
) ENGINE=InnoDB DEFAULT CHARSET=utf8mb4 COLLATE=utf8mb4_general_ci;
DROP TABLE IF EXISTS site_publicacoes_visualizacoes;
CREATE TABLE `site_publicacoes_visualizacoes` (
  `id` int NOT NULL AUTO_INCREMENT,
  `site_publicacoes_id` int NOT NULL,
  `longitude` text COLLATE utf8mb4_general_ci,
  `latitude` text COLLATE utf8mb4_general_ci,
  `ip_address` text COLLATE utf8mb4_general_ci,
  `created` datetime NOT NULL,
  PRIMARY KEY (`id`)
) ENGINE=InnoDB AUTO_INCREMENT=33 DEFAULT CHARSET=utf8mb4 COLLATE=utf8mb4_general_ci;
INSERT INTO site_publicacoes_visualizacoes VALUES("1", "5", "", "", "10.80.26.43", "2024-11-29 10:41:32");
INSERT INTO site_publicacoes_visualizacoes VALUES("2", "5", "", "", "10.80.26.43", "2024-11-29 10:42:06");
INSERT INTO site_publicacoes_visualizacoes VALUES("3", "5", "", "", "10.80.26.43", "2024-11-29 11:38:54");
INSERT INTO site_publicacoes_visualizacoes VALUES("4", "5", "", "", "10.80.26.43", "2024-11-29 11:41:50");
INSERT INTO site_publicacoes_visualizacoes VALUES("5", "5", "", "", "10.80.26.43", "2024-11-29 11:43:11");
INSERT INTO site_publicacoes_visualizacoes VALUES("6", "5", "", "", "10.80.26.43", "2024-11-29 11:44:12");
INSERT INTO site_publicacoes_visualizacoes VALUES("7", "5", "", "", "10.80.26.43", "2024-11-29 11:44:25");
INSERT INTO site_publicacoes_visualizacoes VALUES("8", "5", "", "", "10.80.26.43", "2024-12-04 09:50:06");
INSERT INTO site_publicacoes_visualizacoes VALUES("9", "5", "", "", "10.80.26.56", "2024-12-04 12:21:20");
INSERT INTO site_publicacoes_visualizacoes VALUES("10", "5", "", "", "10.80.26.56", "2024-12-04 13:45:01");
INSERT INTO site_publicacoes_visualizacoes VALUES("11", "6", "", "", "186.219.244.100", "2024-12-05 10:08:42");
INSERT INTO site_publicacoes_visualizacoes VALUES("12", "6", "", "", "186.219.244.100", "2024-12-05 10:11:30");
INSERT INTO site_publicacoes_visualizacoes VALUES("13", "6", "", "", "186.219.244.100", "2024-12-05 10:12:20");
INSERT INTO site_publicacoes_visualizacoes VALUES("14", "6", "", "", "186.219.244.100", "2024-12-05 10:13:26");
INSERT INTO site_publicacoes_visualizacoes VALUES("15", "5", "", "", "186.219.244.100", "2024-12-05 10:19:23");
INSERT INTO site_publicacoes_visualizacoes VALUES("16", "6", "", "", "186.219.244.100", "2024-12-05 10:35:49");
INSERT INTO site_publicacoes_visualizacoes VALUES("17", "5", "", "", "186.219.244.100", "2024-12-05 10:51:18");
INSERT INTO site_publicacoes_visualizacoes VALUES("18", "6", "", "", "186.219.244.100", "2024-12-05 10:56:04");
INSERT INTO site_publicacoes_visualizacoes VALUES("19", "7", "", "", "189.72.223.76", "2024-12-05 11:06:55");
INSERT INTO site_publicacoes_visualizacoes VALUES("20", "7", "", "", "186.219.244.100", "2024-12-05 11:11:10");
INSERT INTO site_publicacoes_visualizacoes VALUES("21", "5", "", "", "187.27.149.127", "2024-12-05 11:47:17");
INSERT INTO site_publicacoes_visualizacoes VALUES("22", "6", "", "", "187.27.149.127", "2024-12-05 11:48:16");
INSERT INTO site_publicacoes_visualizacoes VALUES("23", "7", "", "", "186.219.244.100", "2024-12-05 11:49:06");
INSERT INTO site_publicacoes_visualizacoes VALUES("24", "5", "", "", "186.219.244.100", "2024-12-05 11:52:16");
INSERT INTO site_publicacoes_visualizacoes VALUES("25", "8", "", "", "10.80.26.43", "2024-12-05 17:09:23");
INSERT INTO site_publicacoes_visualizacoes VALUES("26", "8", "", "", "10.80.26.43", "2024-12-05 17:10:31");
INSERT INTO site_publicacoes_visualizacoes VALUES("27", "7", "", "", "10.80.26.107", "2024-12-05 18:04:45");
INSERT INTO site_publicacoes_visualizacoes VALUES("28", "7", "", "", "10.80.26.22", "2024-12-06 10:18:47");
INSERT INTO site_publicacoes_visualizacoes VALUES("29", "8", "", "", "10.80.26.22", "2024-12-06 10:22:34");
INSERT INTO site_publicacoes_visualizacoes VALUES("30", "8", "", "", "10.80.26.43", "2024-12-06 10:25:27");
INSERT INTO site_publicacoes_visualizacoes VALUES("31", "8", "", "", "10.80.26.22", "2024-12-06 11:30:27");
INSERT INTO site_publicacoes_visualizacoes VALUES("32", "8", "", "", "10.80.26.22", "2024-12-06 11:33:27");
DROP TABLE IF EXISTS site_redes_socias;
CREATE TABLE `site_redes_socias` (
  `id` int NOT NULL AUTO_INCREMENT,
  `facebook` text COLLATE utf8mb4_general_ci,
  `status_facebook` enum('Ativo','Inativo') COLLATE utf8mb4_general_ci DEFAULT NULL,
  `instagram` text COLLATE utf8mb4_general_ci,
  `status_instagram` enum('Ativo','Inativo') COLLATE utf8mb4_general_ci DEFAULT NULL,
  `youtube` text COLLATE utf8mb4_general_ci,
  `status_youtube` enum('Ativo','Inativo') COLLATE utf8mb4_general_ci DEFAULT NULL,
  `linkedin` text COLLATE utf8mb4_general_ci,
  `status_linkedin` enum('Ativo','Inativo') COLLATE utf8mb4_general_ci DEFAULT NULL,
  `usuario_id` int NOT NULL,
  `created` datetime NOT NULL,
  PRIMARY KEY (`id`)
) ENGINE=InnoDB AUTO_INCREMENT=2 DEFAULT CHARSET=utf8mb4 COLLATE=utf8mb4_general_ci;
INSERT INTO site_redes_socias VALUES("1", "teste1", "Ativo", "teste2", "Ativo", "teste3", "Ativo", "teste4", "Inativo", "1", "2024-10-23 08:18:39");
DROP TABLE IF EXISTS site_sobre;
CREATE TABLE `site_sobre` (
  `id` int NOT NULL AUTO_INCREMENT,
  `titulo` text COLLATE utf8mb4_general_ci NOT NULL,
  `sobre` text COLLATE utf8mb4_general_ci NOT NULL,
  `resumo` text COLLATE utf8mb4_general_ci,
  `slug` text COLLATE utf8mb4_general_ci NOT NULL,
  `usuario_id` int NOT NULL,
  `created` datetime NOT NULL,
  `modified` datetime DEFAULT NULL,
  PRIMARY KEY (`id`)
) ENGINE=InnoDB AUTO_INCREMENT=2 DEFAULT CHARSET=utf8mb4 COLLATE=utf8mb4_general_ci;
INSERT INTO site_sobre VALUES("1", "Historia", "<p style=\"color: rgb(68, 68, 68); font-family: &quot;Open Sans&quot;, sans-serif; text-align: justify;\">A Polícia Militar do Estado do Acre foi, historicamente, criada na data de 25 de maio de 1916, quando o então presidente Wenceslau Braz Gomes assinou o Decreto Federal 12.077, que criou as Companhias Regionais do Território do Acre, empregadas no serviço de policiamento dos Departamentos do Alto Acre, Alto Purus e Alto Juruá. Em 1921, as Companhias Regionais foram extintas, sendo criada a Força Policial do Território Federal do Acre, denominação que seguiu até 1934, quando, pela primeira vez, a corporação é descrita como Polícia Militar, mas ainda em um Território Federal, o que perdurou até 1945.</p><p style=\"color: rgb(68, 68, 68); font-family: &quot;Open Sans&quot;, sans-serif; text-align: justify;\">Neste mesmo ano, com o Decreto-Lei 7.360, Getúlio Vargas adota o nome de Guarda Territorial, denominação utilizada até a promulgação da primeira Constituição do Estado do Acre, em 1963, ocasião em que, finalmente, foi adotado o atual nome de Polícia Militar do Estado do Acre – PMAC. Nossa história está ligada com as lutas, ideais e conquistas daqueles que acreditaram em um Acre brasileiro. Heróis anônimos, que teceram a história do nosso Estado, seringueiros, em sua maioria nordestinos, que derramaram sangue sonhando em construir aqui um lugar para viver com suas famílias.</p><p style=\"color: rgb(68, 68, 68); font-family: &quot;Open Sans&quot;, sans-serif; text-align: justify;\">Temos como patrono o comandante dessa Revolução, Coronel Plácido de Castro, um jovem idealista que transformou os destinos de um povo e fez florescer em nós um sentimento de gratidão por termos hoje a honra de trabalhar em prol da população acreana.</p><p style=\"color: rgb(68, 68, 68); font-family: &quot;Open Sans&quot;, sans-serif; text-align: justify;\">Cada transformação pela qual passou o território brasileiro no início do século XX, refletiu na organização da segurança local e, portanto, na formação da nossa polícia. E assim, firmou-se um dos mais emblemáticos símbolos de orgulho acreano, a Polícia Militar do Acre, alicerçada nos princípios constitucionais de Hierarquia e da Disciplina, com a função de polícia ostensiva e preservação da ordem pública, sob o lema: Servir e Proteger. De Acrelândia a Mâncio Lima, a Polícia Militar está presente em todos os municípios do Estado do Acre, realizando missões em áreas urbanas ou rurais, em operações terrestres, aéreas e fluviais, 24 horas por dia, sempre prontos para atender os mais diversos pedidos e chamados, nas situações mais adversas. A presença territorial garante eficácia e efetividade no resultado operacional de cada profissional empenhado na missão de servir e proteger a sociedade acreana, indo além de sua missão constitucional.</p><p style=\"margin-bottom: 0px; color: rgb(68, 68, 68); font-family: &quot;Open Sans&quot;, sans-serif; text-align: justify;\"><span style=\"font-weight: bolder;\">Missão:</span>&nbsp;Garantir a ordem pública, a segurança das pessoas e do patrimônio, com respeito aos direitos humanos e aos princípios de polícia comunitária.<br><span style=\"font-weight: bolder;\">Visão:</span>&nbsp;Ser reconhecida como uma corporação de excelência na prestação de serviços de segurança pública, com ênfase na prevenção.<br><span style=\"font-weight: bolder;\">Valores:</span>&nbsp;Respeito aos direitos humanos; Moralidade pública; Responsabilidade; Justiça; Hierarquia e disciplina; Civismo; Lealdade; Espírito de corpo; Honra institucional; Dignidade da pessoa humana; Verdade;</p>", "A Polícia Militar do Estado do Acre foi, historicamente, criada na data de 25 de maio de 1916, quando o então presidente Wenceslau Braz Gomes assinou o Decreto Federal 12.077, que criou as Companhias Regionais do Território do Acre, empregadas no serviço de policiamento dos Departamentos do Alto Acre, Alto Purus e Alto Juruá. Em 1921, as Companhias Regionais foram extintas, sendo criada a Força Policial do Território Federal do Acre, denominação que seguiu até 1934, quando, pela primeira vez, a corporação é descrita como Polícia Militar, mas ainda em um Território Federal, o que perdurou até 1945.", "historia", "1", "2024-10-10 11:59:37", "");
DROP TABLE IF EXISTS site_sobre_img;
CREATE TABLE `site_sobre_img` (
  `id` int NOT NULL AUTO_INCREMENT,
  `titulo` text COLLATE utf8mb4_general_ci NOT NULL,
  `transicao` varchar(50) COLLATE utf8mb4_general_ci NOT NULL,
  `arquivo` text COLLATE utf8mb4_general_ci NOT NULL,
  `obs` text COLLATE utf8mb4_general_ci,
  `ordem` int NOT NULL,
  `usuario_id` int NOT NULL,
  `created` datetime NOT NULL,
  `modified` datetime DEFAULT NULL,
  PRIMARY KEY (`id`)
) ENGINE=InnoDB AUTO_INCREMENT=16 DEFAULT CHARSET=utf8mb4 COLLATE=utf8mb4_general_ci;
INSERT INTO site_sobre_img VALUES("4", "Imagem 1", "10000", "/dist/storage/sobre/1732279580.jpg", "Imagem 1", "1", "1", "2024-11-22 07:46:20", "2024-11-27 09:59:27");
INSERT INTO site_sobre_img VALUES("5", "Imagem 2", "10000", "/dist/storage/sobre/1732279603.jpg", "Imagem 2", "0", "1", "2024-11-22 07:46:43", "2024-11-27 09:59:27");
INSERT INTO site_sobre_img VALUES("6", "Imagem 3", "10000", "/dist/storage/sobre/1732279622.jpg", "Imagem 3", "2", "1", "2024-11-22 07:47:02", "2024-11-27 09:59:27");
INSERT INTO site_sobre_img VALUES("7", "Imagem 4", "10000", "/dist/storage/sobre/1732279661.jpg", "Imagem 4", "3", "1", "2024-11-22 07:47:41", "2024-11-27 09:59:27");
INSERT INTO site_sobre_img VALUES("8", "Imagem 5", "10000", "/dist/storage/sobre/1732279681.jpg", "Imagem 5", "4", "1", "2024-11-22 07:48:01", "2024-11-27 09:59:27");
INSERT INTO site_sobre_img VALUES("9", "Imagem 6", "10000", "/dist/storage/sobre/1732279697.jpg", "Imagem 6", "5", "1", "2024-11-22 07:48:17", "2024-11-27 09:59:27");
INSERT INTO site_sobre_img VALUES("10", "Imagem 7", "60000", "/dist/storage/sobre/1732279712.jpg", "Imagem 7", "6", "1", "2024-11-22 07:48:32", "2024-11-27 09:59:27");
INSERT INTO site_sobre_img VALUES("11", "Imagem 8", "10000", "/dist/storage/sobre/1732279731.jpg", "Imagem 8", "7", "1", "2024-11-22 07:48:51", "2024-11-27 09:59:27");
INSERT INTO site_sobre_img VALUES("12", "Imagem 9", "10000", "/dist/storage/sobre/1732279747.jpg", "Imagem 9", "8", "1", "2024-11-22 07:49:07", "2024-11-27 09:59:27");
INSERT INTO site_sobre_img VALUES("13", "Imagem 10", "10000", "/dist/storage/sobre/1732279762.jpg", "Imagem 10", "9", "1", "2024-11-22 07:49:22", "2024-11-27 09:59:27");
INSERT INTO site_sobre_img VALUES("14", "Imagem 11", "10000", "/dist/storage/sobre/1732279776.jpg", "Imagem 11", "10", "1", "2024-11-22 07:49:36", "2024-11-27 09:59:27");
INSERT INTO site_sobre_img VALUES("15", "Imagem 12", "10000", "/dist/storage/sobre/1732279791.jpg", "Imagem 12", "11", "1", "2024-11-22 07:49:51", "2024-11-27 09:59:27");
DROP TABLE IF EXISTS site_videos;
CREATE TABLE `site_videos` (
  `id` int NOT NULL AUTO_INCREMENT,
  `url` text COLLATE utf8mb4_general_ci NOT NULL,
  `usuario_id` int NOT NULL,
  `created` datetime NOT NULL,
  PRIMARY KEY (`id`)
) ENGINE=InnoDB AUTO_INCREMENT=3 DEFAULT CHARSET=utf8mb4 COLLATE=utf8mb4_general_ci;
INSERT INTO site_videos VALUES("2", "https://www.youtube.com/embed/pYnpSbX1LBE?si=txfGR2B_JvCskw9A", "1", "2024-11-11 12:02:20");
DROP TABLE IF EXISTS situacao_contrato;
CREATE TABLE `situacao_contrato` (
  `idsituacaocontrato` int NOT NULL AUTO_INCREMENT,
  `status_contrato` varchar(100) COLLATE utf8mb3_unicode_ci NOT NULL,
  PRIMARY KEY (`idsituacaocontrato`)
) ENGINE=InnoDB AUTO_INCREMENT=5 DEFAULT CHARSET=utf8mb3 COLLATE=utf8mb3_unicode_ci;
INSERT INTO situacao_contrato VALUES("1", "Ativo");
INSERT INTO situacao_contrato VALUES("2", "Inativo");
INSERT INTO situacao_contrato VALUES("3", "Cancelado");
INSERT INTO situacao_contrato VALUES("4", "Periodo de teste");
DROP TABLE IF EXISTS situacoes_menu;
CREATE TABLE `situacoes_menu` (
  `id_st_me` int NOT NULL AUTO_INCREMENT,
  `nome_st_me` varchar(100) COLLATE utf8mb3_unicode_ci NOT NULL,
  `cor_st_me` varchar(100) COLLATE utf8mb3_unicode_ci NOT NULL,
  `criado_st_me` datetime NOT NULL,
  PRIMARY KEY (`id_st_me`)
) ENGINE=InnoDB AUTO_INCREMENT=3 DEFAULT CHARSET=utf8mb3 COLLATE=utf8mb3_unicode_ci;
INSERT INTO situacoes_menu VALUES("1", "Ativo", "text-success", "2020-09-25 00:00:00");
INSERT INTO situacoes_menu VALUES("2", "Inativo", "text-danger", "2020-09-25 00:00:00");
DROP TABLE IF EXISTS situacoes_permisoes;
CREATE TABLE `situacoes_permisoes` (
  `id_st_perm` int NOT NULL AUTO_INCREMENT,
  `nome_st_perm` varchar(100) COLLATE utf8mb3_unicode_ci NOT NULL,
  `cor_st_perm` varchar(100) COLLATE utf8mb3_unicode_ci NOT NULL,
  `criado_st_perm` datetime NOT NULL,
  PRIMARY KEY (`id_st_perm`)
) ENGINE=InnoDB AUTO_INCREMENT=3 DEFAULT CHARSET=utf8mb3 COLLATE=utf8mb3_unicode_ci;
INSERT INTO situacoes_permisoes VALUES("1", "Ativo", "text-success", "2020-09-25 00:00:00");
INSERT INTO situacoes_permisoes VALUES("2", "Inativo", "text-danger", "2020-09-25 00:00:00");
DROP TABLE IF EXISTS situacoes_usuarios;
CREATE TABLE `situacoes_usuarios` (
  `id_situacao` int NOT NULL AUTO_INCREMENT,
  `nome_situacao` varchar(50) COLLATE utf8mb3_unicode_ci NOT NULL,
  `cor_situacao` varchar(50) COLLATE utf8mb3_unicode_ci NOT NULL,
  `criado_situacao` datetime NOT NULL,
  `modificado_situacao` datetime DEFAULT NULL,
  PRIMARY KEY (`id_situacao`)
) ENGINE=InnoDB AUTO_INCREMENT=6 DEFAULT CHARSET=utf8mb3 COLLATE=utf8mb3_unicode_ci;
INSERT INTO situacoes_usuarios VALUES("1", "Ativo", "text-success", "2020-09-16 00:00:00", "0000-00-00 00:00:00");
INSERT INTO situacoes_usuarios VALUES("2", "Inativo", "text-danger", "2020-09-18 00:00:00", "0000-00-00 00:00:00");
INSERT INTO situacoes_usuarios VALUES("3", "Senha resetada", "text-danger", "2020-11-23 00:00:00", "0000-00-00 00:00:00");
INSERT INTO situacoes_usuarios VALUES("4", "Senha expirada", "text-danger", "2020-11-23 00:00:00", "0000-00-00 00:00:00");
INSERT INTO situacoes_usuarios VALUES("5", "Conta e senha ativa", "text-success", "2020-11-23 00:00:00", "0000-00-00 00:00:00");
DROP TABLE IF EXISTS unidade;
CREATE TABLE `unidade` (
  `id_uni` int NOT NULL AUTO_INCREMENT,
  `nome_uni` varchar(250) COLLATE utf8mb3_unicode_ci NOT NULL,
  `sigla_uni` varchar(7) COLLATE utf8mb3_unicode_ci NOT NULL,
  `descricao_uni` mediumtext COLLATE utf8mb3_unicode_ci,
  `endereco` text COLLATE utf8mb3_unicode_ci,
  `horario` text COLLATE utf8mb3_unicode_ci,
  `grupo_id` int NOT NULL,
  `contrato_sistema_id` int DEFAULT NULL,
  `usuario_id` int DEFAULT NULL,
  `criado_uni` datetime NOT NULL,
  `modificado_uni` datetime DEFAULT NULL,
  PRIMARY KEY (`id_uni`),
  KEY `grupo_id` (`grupo_id`),
  KEY `usuario_id` (`usuario_id`)
) ENGINE=InnoDB AUTO_INCREMENT=11 DEFAULT CHARSET=utf8mb3 COLLATE=utf8mb3_unicode_ci;
INSERT INTO unidade VALUES("1", "Unidade padrão", "UP", "Unidade do sistema", "", "", "1", "", "1", "2020-09-21 00:00:00", "2023-05-12 02:42:07");
INSERT INTO unidade VALUES("10", "Comando Geral", "QCG", "Quartel do comando geral da policia militar", "RUA PLÁCIDO DE CASTRO, Nº 70 - CENTRO RIO BRANCO - ACRE", "Seg à sex 07:00 - 17:00", "1", "1", "1", "2024-10-15 09:16:11", "2024-11-01 09:11:04");
DROP TABLE IF EXISTS usuarios;
CREATE TABLE `usuarios` (
  `id_user` int NOT NULL AUTO_INCREMENT,
  `nome_user` varchar(220) COLLATE utf8mb3_unicode_ci NOT NULL,
  `email_user` varchar(220) COLLATE utf8mb3_unicode_ci DEFAULT NULL,
  `numeroCelular` varchar(20) COLLATE utf8mb3_unicode_ci DEFAULT NULL,
  `login_user` varchar(220) COLLATE utf8mb3_unicode_ci NOT NULL,
  `senha_user` varchar(220) COLLATE utf8mb3_unicode_ci NOT NULL,
  `token` mediumtext COLLATE utf8mb3_unicode_ci,
  `niveis_acesso_id` int NOT NULL,
  `situacoes_usuario_id` int NOT NULL,
  `cargo_id` int NOT NULL,
  `unidade_id` int NOT NULL,
  `usuario_id` int DEFAULT NULL,
  `contrato_sistema_id` int DEFAULT NULL,
  `anotacao` mediumtext COLLATE utf8mb3_unicode_ci,
  `foto` varchar(200) COLLATE utf8mb3_unicode_ci DEFAULT NULL,
  `usuarios_autenticacao_id` int NOT NULL,
  `criado_user` datetime NOT NULL,
  `modificado_user` datetime DEFAULT NULL,
  `ult_token` datetime DEFAULT NULL,
  `ult_acesso` datetime DEFAULT NULL,
  PRIMARY KEY (`id_user`),
  KEY `contrato_sistema_id` (`contrato_sistema_id`),
  KEY `cargo_id` (`cargo_id`),
  KEY `niveis_acesso_id` (`niveis_acesso_id`),
  KEY `situacoes_usuario_id` (`situacoes_usuario_id`),
  KEY `unidade_id` (`unidade_id`),
  KEY `usuario_id` (`usuario_id`),
  KEY `usuarios_autenticacao_id` (`usuarios_autenticacao_id`),
  CONSTRAINT `usuarios_ibfk_1` FOREIGN KEY (`usuarios_autenticacao_id`) REFERENCES `usuarios_autenticacao` (`id`)
) ENGINE=InnoDB AUTO_INCREMENT=37 DEFAULT CHARSET=utf8mb3 COLLATE=utf8mb3_unicode_ci;
INSERT INTO usuarios VALUES("1", "KALLEB ALVES BARBOSA", "kallebalves@gmail.com", "68999045560", "kalleb.barbosa", "$2y$10$0oLzr2reHt/3vPaTnWt1EOto6xLLhG9/nq8zHHmDqgau5hettkxKO", "58789C2A7EE282B562B006A11CFDE6616B3F2EBBDD6385F38BD12BDE831B7890", "1", "4", "1", "1", "1", "1", "Usuário máster do sistema", "pages/modulo/meu_perfil/avatar/1700147192.JPG", "2", "2021-12-17 18:42:31", "2024-11-07 09:57:03", "2025-02-11 07:41:07", "2024-12-05 10:05:29");
INSERT INTO usuarios VALUES("31", "DAVI OLIVEIRA DA SILVA", "", "", "davi.oliveira", "$2y$10$hYToMFfEHegTwy0s3sUP6.BIJqMLk4GYFvGYGSGVfbD8nJhigngIG", "C30C914D4204F3C02B986FB64273076C1F107BEF7BB11E38FCDAD97FAE20D5B1", "3", "3", "15", "1", "0", "1", "", "pages/modulo/meu_perfil/avatar/1707706438.png", "1", "2024-02-09 18:50:58", "2024-02-11 22:13:39", "2025-02-11 07:41:07", "2024-02-10 00:20:38");
INSERT INTO usuarios VALUES("33", "ARTHUR ROCHA ALVES", "kalves95@outlook.com", "", "arthur", "$2y$10$Spm8J8NqgBsdIIxJ4HRy4.v8Qc1raa5rhp.aM/plJX/4.6SYg2pP2", "FD927520B4EC463B101EB9A09719EFA39722538969165234507B340EE6905D50", "5", "5", "14", "1", "1", "1", "", "", "2", "2024-02-09 19:00:53", "2024-11-19 10:34:18", "2025-02-11 07:41:07", "2024-11-19 10:34:24");
INSERT INTO usuarios VALUES("35", "INGRID MAIA DE OLIVEIRA", "pmac@pmac.com", "", "ingrid.oliveira", "$2y$10$ooksr6R3fzARaZ2XE59z0eSEwzonxcWAPMYOQ6d76MdBv3SepFKc2", "1B47F1E0DC5D98018380138D298D88FD1DAE80008308F037BE225AE9D0A256D0", "5", "5", "2", "10", "1", "1", "", "", "2", "2024-11-27 09:04:10", "2024-11-27 09:05:05", "2025-02-11 07:41:07", "2024-11-27 09:18:52");
INSERT INTO usuarios VALUES("36", "JOABES GUEDES", "pmac2@pmac.com", "", "joabes.oliveira", "$2y$10$nJKkyVIjm5PpcFXM6o5Ss.usb/cWGKt7b.U7dC4wF9uWuorSJn53i", "793357184DC63AD90CF871CDA357422350D18DCB289E729C582A37CA09C04077", "5", "5", "2", "10", "1", "1", "É jornalista e sargento da Polícia Militar. Trabalha na Assessoria de Comunicação da PMAC.", "", "2", "2024-11-27 09:20:15", "2024-12-05 16:51:56", "2025-02-11 07:41:08", "");
DROP TABLE IF EXISTS usuarios_autenticacao;
CREATE TABLE `usuarios_autenticacao` (
  `id` int NOT NULL AUTO_INCREMENT,
  `modo` varchar(100) COLLATE utf8mb4_general_ci NOT NULL,
  PRIMARY KEY (`id`)
) ENGINE=InnoDB AUTO_INCREMENT=3 DEFAULT CHARSET=utf8mb4 COLLATE=utf8mb4_general_ci;
INSERT INTO usuarios_autenticacao VALUES("1", "API");
INSERT INTO usuarios_autenticacao VALUES("2", "Local");
DROP TABLE IF EXISTS usuarios_cartao;
CREATE TABLE `usuarios_cartao` (
  `id` int NOT NULL AUTO_INCREMENT,
  `titular` varchar(200) COLLATE utf8mb4_general_ci NOT NULL,
  `cpf` varchar(200) COLLATE utf8mb4_general_ci NOT NULL,
  `emailTitular` varchar(100) COLLATE utf8mb4_general_ci NOT NULL,
  `ncartao` varchar(20) COLLATE utf8mb4_general_ci NOT NULL,
  `mes` int NOT NULL,
  `ano` int NOT NULL,
  `cod` varchar(5) COLLATE utf8mb4_general_ci NOT NULL,
  `usuarios_cartao_funcao_id` int NOT NULL,
  `contrato_sistema_id` int NOT NULL,
  `created` datetime NOT NULL,
  PRIMARY KEY (`id`)
) ENGINE=InnoDB AUTO_INCREMENT=3 DEFAULT CHARSET=utf8mb4 COLLATE=utf8mb4_general_ci;
INSERT INTO usuarios_cartao VALUES("2", "Kalleb A Barbosa", "01887771212", "kallebalves@gmail.com", "4111111111111111", "12", "2030", "123", "2", "1", "2024-04-11 21:08:49");
DROP TABLE IF EXISTS usuarios_cartao_funcao;
CREATE TABLE `usuarios_cartao_funcao` (
  `id` int NOT NULL AUTO_INCREMENT,
  `funcao` varchar(100) COLLATE utf8mb4_general_ci NOT NULL,
  PRIMARY KEY (`id`)
) ENGINE=InnoDB AUTO_INCREMENT=3 DEFAULT CHARSET=utf8mb4 COLLATE=utf8mb4_general_ci;
INSERT INTO usuarios_cartao_funcao VALUES("1", "Debito");
INSERT INTO usuarios_cartao_funcao VALUES("2", "Crédito");
DROP TABLE IF EXISTS usuarios_contrato;
CREATE TABLE `usuarios_contrato` (
  `id` int NOT NULL AUTO_INCREMENT,
  `situacao` varchar(50) COLLATE utf8mb3_unicode_ci NOT NULL,
  `qtd` int NOT NULL,
  PRIMARY KEY (`id`)
) ENGINE=InnoDB AUTO_INCREMENT=13 DEFAULT CHARSET=utf8mb3 COLLATE=utf8mb3_unicode_ci;
INSERT INTO usuarios_contrato VALUES("1", "1", "1");
INSERT INTO usuarios_contrato VALUES("2", "5", "5");
INSERT INTO usuarios_contrato VALUES("3", "10", "10");
INSERT INTO usuarios_contrato VALUES("4", "15", "15");
INSERT INTO usuarios_contrato VALUES("5", "20", "20");
INSERT INTO usuarios_contrato VALUES("6", "25", "25");
INSERT INTO usuarios_contrato VALUES("7", "30", "30");
INSERT INTO usuarios_contrato VALUES("8", "35", "35");
INSERT INTO usuarios_contrato VALUES("9", "40", "40");
INSERT INTO usuarios_contrato VALUES("10", "45", "45");
INSERT INTO usuarios_contrato VALUES("11", "50", "50");
INSERT INTO usuarios_contrato VALUES("12", "Ilimitado", "999999");
DROP TABLE IF EXISTS versoes;
CREATE TABLE `versoes` (
  `idversao` int NOT NULL AUTO_INCREMENT,
  `versao` varchar(255) COLLATE utf8mb3_unicode_ci NOT NULL,
  `usuario_id` int NOT NULL,
  `created_versao` datetime NOT NULL,
  `modifield_versao` datetime DEFAULT NULL,
  PRIMARY KEY (`idversao`),
  KEY `usuario_id` (`usuario_id`)
) ENGINE=InnoDB AUTO_INCREMENT=2 DEFAULT CHARSET=utf8mb3 COLLATE=utf8mb3_unicode_ci;
INSERT INTO versoes VALUES("1", "0.0.1", "1", "2021-12-20 05:37:06", "0000-00-00 00:00:00");
